date, pm25, pm10, o3, no2, so2
2026/8/1, 32, 14, 23, 4, 1
2026/8/2, 30, 14, 12, 9, 1
2026/8/3, 26, 14, 13, 8, 1
2026/8/4, 24, 13, 16, 5, 1
2026/8/5, 22, 10, 25, 6, 2
2026/8/6, 17, 13, 24, 8, 2
2026/8/7, 18, , , , 
2026/7/1, 39, 24, 45, 19, 2
2026/7/2, 40, 26, 39, 21, 2
2026/7/3, 50, 24, 44, 15, 2
2026/7/4, 53, 24, 59, 19, 2
2026/7/5, 62, 23, 34, 19, 2
2026/7/6, 57, 22, 26, 11, 1
2026/7/7, 49, 22, 25, 16, 1
2026/7/8, 43, 19, 23, 7, 2
2026/7/9, 39, 16, 23, 8, 2
2026/7/10, 35, 17, 22, 7, 2
2026/7/11, 35, 18, 16, 7, 1
2026/7/12, 29, 16, 16, 12, 1
2026/7/13, 22, 13, 17, 10, 1
2026/7/14, 29, 12, 14, 12, 1
2026/7/15, 31, 11, 17, 11, 18
2026/7/16, 24, 11, 22, 7, 1
2026/7/17, 24, 12, 24, 4, 1
2026/7/18, 27, 14, 26, 4, 1
2026/7/19, 36, 20, 25, 8, 1
2026/7/20, 37, 33, 22, 12, 1
2026/7/21, 52, 21, 24, 10, 1
2026/7/22, 46, 22, 25, 7, 1
2026/7/23, 39, 20, 26, 7, 1
2026/7/24, 35, 21, 28, 4, 2
2026/7/25, 37, 18, 27, 4, 2
2026/7/26, 36, 23, 36, 16, 2
2026/7/27, 45, 26, 28, 17, 2
2026/7/28, 52, 22, 23, 10, 2
2026/7/29, 47, 12, 21, 5, 2
2026/7/30, 25, 12, 25, 6, 2
2026/7/31, 27, 14, 29, 4, 2
2026/4/1, 28, 17, 25, 11, 1
2026/4/2, 41, 16, 31, 12, 1
2026/4/3, 40, 17, 37, 18, 1
2026/4/4, 48, 19, 34, 21, 1
2026/4/5, 49, 23, 25, 17, 1
2026/4/6, 48, 20, 21, 15, 1
2026/4/7, 40, 11, 25, 11, 1
2026/4/8, 23, 13, 25, 16, 1
2026/4/9, 28, 34, 18, 18, 1
2026/4/10, 54, 30, 31, 4, 1
2026/4/11, 47, 16, 30, 3, 1
2026/4/12, 24, 12, 29, 10, 1
2026/4/13, 21, 12, 21, 12, 1
2026/4/14, 25, 12, 27, 12, 1
2026/4/15, 21, 11, 26, 12, 1
2026/4/16, 24, 18, 27, 18, 1
2026/4/17, 36, 22, 34, 21, 1
2026/4/18, 46, 27, 37, 21, 1
2026/4/19, 54, 23, 28, 20, 1
2026/4/20, 52, 43, 33, 10, 1
2026/4/21, 59, 32, 32, 17, 1
2026/4/22, 41, 18, 28, 14, 1
2026/4/23, 28, 16, 26, 12, 1
2026/4/24, 27, 15, 30, 6, 1
2026/4/25, 27, 15, 28, 7, 1
2026/4/26, 34, 21, 32, 14, 1
2026/4/27, 47, 24, 29, 13, 3
2026/4/28, 52, 22, 27, 14, 1
2026/4/29, 46, 16, 25, 15, 1
2026/4/30, 32, 13, 29, 14, 1
2026/5/1, 30, 11, 22, 8, 1
2026/5/2, 23, 9, 31, 9, 1
2026/5/3, 22, 9, 34, 9, 1
2026/5/4, 16, 10, 34, 10, 1
2026/5/5, 19, 10, 33, 9, 1
2026/5/6, 23, 10, 32, 11, 1
2026/5/7, 20, 12, 32, 12, 1
2026/5/8, 22, 12, 30, 7, 1
2026/5/9, 19, 15, 34, 4, 1
2026/5/10, 24, 16, 27, 8, 1
2026/5/11, 23, 18, 24, 14, 1
2026/5/12, 26, 19, 24, 19, 1
2026/5/13, 34, 15, 32, 6, 1
2026/5/14, 28, 15, 31, 5, 1
2026/5/15, 23, 10, 32, 5, 1
2026/5/16, 16, 9, 34, 4, 1
2026/5/17, 17, 9, 32, 9, 1
2026/5/18, 16, 10, 19, 11, 1
2026/5/19, 21, 12, 26, 14, 1
2026/5/20, 25, 23, 32, 32, 1
2026/5/21, 44, 31, 37, 23, 1
2026/5/22, 57, 23, 26, 14, 1
2026/5/23, 46, 22, 31, 12, 1
2026/5/24, 46, 28, 32, 20, 1
2026/5/25, 53, 27, 34, 25, 1
2026/5/26, 56, 25, 32, 23, 1
2026/5/27, 51, 25, 24, 17, 1
2026/5/28, 52, 23, 24, 10, 1
2026/5/29, 43, 20, 24, 5, 1
2026/5/30, 40, 14, 28, 3, 1
2026/5/31, 31, 12, 18, 5, 1
2026/6/1, 21, 9, 25, 5, 1
2026/6/2, 14, 14, 23, 6, 1
2026/6/3, 21, 14, 29, 3, 1
2026/6/4, 29, 14, 32, 6, 1
2026/6/5, 28, 13, 24, 5, 1
2026/6/6, 25, 16, 24, 4, 1
2026/6/7, 31, 14, 22, 4, 1
2026/6/8, 27, 11, 27, 5, 1
2026/6/9, 20, 14, 32, 4, 1
2026/6/10, 30, 20, 37, 17, 1
2026/6/11, 42, 23, 31, 17, 1
2026/6/12, 49, 26, 32, 16, 1
2026/6/13, 50, 24, 24, 9, 1
2026/6/14, 44, 20, 22, 8, 1
2026/6/15, 47, 18, 21, 7, 1
2026/6/16, 43, 17, 23, 9, 1
2026/6/17, 37, 16, 23, 10, 1
2026/6/18, 37, 13, 18, 7, 1
2026/6/19, 28, 10, 17, 4, 1
2026/6/20, 22, 12, 27, 8, 1
2026/6/21, 26, 15, 17, 10, 1
2026/6/22, 34, 27, 19, 15, 1
2026/6/23, 47, 26, 16, 11, 1
2026/6/24, 41, 21, 12, 7, 1
2026/6/25, 27, 20, 11, 11, 1
2026/6/26, 21, 15, 17, 6, 1
2026/6/27, 22, 10, 19, 3, 1
2026/6/28, 21, 12, 19, 7, 1
2026/6/29, 29, 17, 20, 6, 1
2026/6/30, 28, 21, 29, 9, 1
2026/1/1, 51, 13, 29, 9, 1
2026/1/2, 32, 9, 24, 8, 1
2026/1/3, 20, 17, 16, 7, 1
2026/1/4, 25, 14, 26, 8, 1
2026/1/5, 20, 9, 25, 11, 2
2026/1/6, 15, 11, 25, 21, 2
2026/1/7, 18, 17, 13, 27, 2
2026/1/8, 41, 15, 24, 17, 2
2026/1/9, 30, 16, 16, 23, 2
2026/1/10, 28, 29, 24, 15, 2
2026/1/11, 64, 13, 28, 11, 2
2026/1/12, 31, 11, 26, 21, 2
2026/1/13, 18, 13, 21, 18, 2
2026/1/14, 20, 14, 20, 21, 2
2026/1/15, 25, 12, 15, 23, 2
2026/1/16, 24, 9, 18, 19, 2
2026/1/17, 20, 7, 18, 14, 2
2026/1/18, 21, 8, 24, 14, 2
2026/1/19, 26, 20, 22, 28, 2
2026/1/20, 35, 20, 26, 13, 2
2026/1/21, 35, 23, 32, 16, 2
2026/1/22, 36, 19, 25, 17, 2
2026/1/23, 32, 14, 24, 14, 2
2026/1/24, 23, 21, 26, 15, 2
2026/1/25, 30, 23, 30, 8, 2
2026/1/26, 32, 19, 30, 16, 2
2026/1/27, 25, 22, 30, 13, 1
2026/1/28, 28, 20, 18, 16, 
2026/1/29, 29, 25, 26, 15, 
2026/1/30, 34, 28, 24, 14, 
2026/1/31, 36, 20, 22, 7, 
2026/2/1, 26, 11, 27, 17, 
2026/2/2, 20, 15, 23, 20, 
2026/2/3, 23, 17, 26, 19, 
2026/2/4, 23, 19, 26, 11, 
2026/2/5, 30, 18, 24, 21, 
2026/2/6, 33, 17, 29, 10, 
2026/2/7, 31, 17, 27, 14, 
2026/2/8, 29, 14, 17, 17, 
2026/2/9, 22, 8, 17, 13, 
2026/2/10, 18, 8, 18, 12, 
2026/2/11, 15, 32, 21, 15, 
2026/2/12, 36, 27, 31, 7, 
2026/2/13, 33, 18, 31, 7, 
2026/2/14, 24, 17, 25, 14, 
2026/2/15, 23, 10, 26, 12, 
2026/2/16, 21, 11, 22, 13, 
2026/2/17, 17, 18, 29, 11, 
2026/2/18, 24, 20, 31, 12, 
2026/2/19, 33, 17, 25, 16, 
2026/2/20, 32, 20, 22, 22, 
2026/2/21, 39, 19, 25, 21, 1
2026/2/22, 50, 25, 29, 19, 1
2026/2/23, 60, 27, 32, 11, 
2026/2/24, 55, 30, 24, 13, 
2026/2/25, 55, 23, 23, 16, 
2026/2/26, 47, 18, 32, 10, 
2026/2/27, 37, 14, 33, 6, 
2026/2/28, 25, 19, 23, 16, 1
2026/3/1, 34, 27, 18, 18, 
2026/3/2, 55, 29, 23, 9, 
2026/3/3, 56, 35, 25, 11, 
2026/3/4, 58, 31, 37, 7, 
2026/3/5, 49, 16, 36, 5, 
2026/3/6, 23, 14, 31, 4, 
2026/3/7, 25, 12, 33, 5, 1
2026/3/8, 21, 9, 32, 9, 1
2026/3/9, 20, 8, 31, 6, 
2026/3/10, 23, 10, 27, 12, 1
2026/3/11, 19, 13, 19, 11, 6
2026/3/12, 30, 9, 21, 10, 1
2026/3/13, 24, 9, 27, 7, 1
2026/3/14, 21, 8, 29, 4, 1
2026/3/15, 15, 11, 23, 11, 1
2026/3/16, 26, 17, 26, 11, 1
2026/3/17, 31, 18, 22, 9, 1
2026/3/18, 36, 17, 23, 13, 1
2026/3/19, 33, 13, 18, 12, 1
2026/3/20, 31, 14, 21, 8, 1
2026/3/21, 31, 13, 20, 8, 1
2026/3/22, 40, 20, 27, 21, 1
2026/3/23, 52, 19, 30, 15, 1
2026/3/24, 53, 21, 32, 22, 1
2026/3/25, 54, 19, 34, 12, 1
2026/3/26, 45, 11, 30, 9, 1
2026/3/27, 25, 9, 30, 11, 1
2026/3/28, 26, 8, 33, 6, 1
2026/3/29, 22, 11, 31, 9, 1
2026/3/30, 21, 14, 29, 16, 1
2026/3/31, 29, 13, 26, 8, 1
2025/10/1, 38, 20, 32, 27, 
2025/10/2, 47, 18, 25, 16, 
2025/10/3, 43, 11, 15, 4, 
2025/10/4, 24, 9, 23, 9, 
2025/10/5, 20, 18, 20, 26, 
2025/10/6, 33, 24, 26, 20, 
2025/10/7, 47, 19, 27, 10, 
2025/10/8, 34, 18, 24, 10, 
2025/10/9, 34, 20, 30, 23, 
2025/10/10, 40, 18, 27, 15, 
2025/10/11, 39, 14, 29, 16, 
2025/10/12, 31, 20, 26, 27, 1
2025/10/13, 41, 24, 24, 35, 
2025/10/14, 39, 28, 27, 33, 1
2025/10/15, 50, 35, 22, 34, 1
2025/10/16, 55, 37, 21, 32, 1
2025/10/17, 55, 37, 27, 27, 
2025/10/18, 56, 28, 23, 8, 
2025/10/19, 44, 14, 15, 14, 
2025/10/20, 29, 13, 9, 14, 
2025/10/21, 27, 25, 6, 14, 
2025/10/22, 37, 22, 8, 13, 
2025/10/23, 38, 19, 6, 17, 
2025/10/24, 32, 16, 13, 12, 
2025/10/25, 26, 9, 21, 11, 
2025/10/26, 23, 8, , , 
2025/10/27, 21, 15, 12, 19, 
2025/10/28, 36, 12, 13, 17, 
2025/10/29, 29, 15, 20, 17, 
2025/10/30, 29, 19, 23, 10, 
2025/10/31, 30, 19, 22, 11, 
2025/11/1, 28, 11, 22, 13, 1
2025/11/2, 19, 15, 11, 21, 1
2025/11/3, 27, 22, 27, 19, 1
2025/11/4, 52, 21, 25, 16, 1
2025/11/5, 43, 17, 12, 25, 1
2025/11/6, 28, 20, 22, 15, 1
2025/11/7, 27, 19, 15, 15, 1
2025/11/8, 25, 20, 12, 19, 1
2025/11/9, 30, 24, 12, 22, 1
2025/11/10, 39, 20, 24, 12, 1
2025/11/11, 35, 15, 25, 17, 1
2025/11/12, 27, 12, 23, 12, 1
2025/11/13, 22, 15, 26, 15, 1
2025/11/14, 22, 17, 27, 16, 1
2025/11/15, 24, 15, 17, 18, 1
2025/11/16, 26, 11, 16, 17, 1
2025/11/17, 24, 10, 16, 19, 1
2025/11/18, 29, 14, 22, 17, 1
2025/11/19, 28, 11, 27, 11, 1
2025/11/20, 22, 8, 25, 10, 1
2025/11/21, 20, 12, 18, 23, 1
2025/11/22, 32, 20, 15, 24, 1
2025/11/23, 47, 14, 22, 18, 1
2025/11/24, 30, 10, 22, 12, 1
2025/11/25, 17, 12, 16, 18, 1
2025/11/26, 20, 20, 17, 21, 1
2025/11/27, 44, 15, 20, 19, 1
2025/11/28, 35, 13, 2, 25, 1
2025/11/29, 29, 17, , , 
2025/11/30, 46, , , , 
2025/12/2, 25, 13, 21, 21, 1
2025/12/3, 21, 22, 18, 19, 4
2025/12/4, 34, 21, 15, 21, 1
2025/12/5, 39, 15, 13, 20, 1
2025/12/6, 35, 15, 19, 14, 1
2025/12/7, 28, 13, 24, 9, 1
2025/12/8, 31, 21, 23, 17, 1
2025/12/9, 37, 17, 20, 18, 1
2025/12/10, 36, 14, 15, 14, 1
2025/12/11, 31, 12, 19, 14, 1
2025/12/12, 29, 7, 17, 7, 1
2025/12/13, 24, 7, 20, 11, 1
2025/12/14, 26, 15, 13, 19, 1
2025/12/15, 46, 11, 27, 8, 1
2025/12/16, 32, 17, 23, 18, 1
2025/12/17, 28, 32, 19, 17, 2
2025/12/18, 67, 19, 27, 14, 1
2025/12/19, 38, 15, 21, 23, 1
2025/12/20, 26, 12, 24, 14, 1
2025/12/21, 18, 13, 15, 26, 1
2025/12/22, 24, 15, 20, 21, 1
2025/12/23, 34, 11, 16, 15, 1
2025/12/24, 25, 11, 10, 17, 1
2025/12/25, 31, 16, 13, 21, 2
2025/12/26, 38, 13, 21, 5, 1
2025/12/27, 34, 6, 20, 10, 2
2025/12/28, 24, , , , 
2025/7/1, 56, 20, 37, 13, 
2025/7/2, 39, 20, 22, 7, 
2025/7/3, 34, 26, 17, 18, 1
2025/7/4, 47, 23, 21, 20, 1
2025/7/5, 48, 20, 33, 11, 
2025/7/6, 46, 13, 27, 2, 1
2025/7/7, 28, 16, 29, 15, 1
2025/7/8, 27, 23, 21, 11, 1
2025/7/9, 32, 20, 23, 14, 1
2025/7/10, 36, 15, 19, 12, 1
2025/7/11, 29, 10, 24, 6, 1
2025/7/12, 24, 8, 17, 4, 1
2025/7/13, 19, 6, 26, 5, 1
2025/7/14, 19, 13, 35, 18, 1
2025/7/15, 34, 21, 30, 12, 1
2025/7/16, 51, 18, 31, 6, 1
2025/7/17, 46, 12, 16, 5, 6
2025/7/18, 32, 10, 24, 4, 1
2025/7/19, 19, 11, 27, 5, 1
2025/7/20, 21, 10, 27, 5, 1
2025/7/21, 20, 9, 21, 4, 1
2025/7/22, 15, 8, 26, 6, 1
2025/7/23, 19, 14, 38, 7, 1
2025/7/24, 24, 14, 39, 9, 1
2025/7/25, 34, 15, 49, 17, 1
2025/7/26, 34, 17, 33, 6, 1
2025/7/27, 36, 13, 30, 6, 1
2025/7/28, 33, 18, 42, 16, 1
2025/7/29, 43, 26, 45, 24, 1
2025/7/30, 60, 29, 44, 23, 1
2025/7/31, 67, 30, 28, 12, 1
2025/8/1, 69, 24, 36, 14, 1
2025/8/2, 56, 18, 56, 16, 1
2025/8/3, 49, 26, 26, 19, 1
2025/8/4, 61, 32, 39, 27, 2
2025/8/5, 59, 38, 27, 18, 1
2025/8/6, 67, 33, 26, 11, 1
2025/8/7, 55, 23, 26, 18, 1
2025/8/8, 46, 26, 42, 17, 1
2025/8/9, 53, 23, 38, 19, 1
2025/8/10, 54, 25, 34, 31, 1
2025/8/11, 52, 37, 37, 34, 1
2025/8/12, 64, 34, 42, 14, 1
2025/8/13, 60, 25, 38, 17, 1
2025/8/14, 47, 22, 29, 7, 1
2025/8/15, 44, 20, 37, 13, 1
2025/8/16, 45, 18, 33, 4, 1
2025/8/17, 51, 14, 21, 5, 1
2025/8/18, 40, 12, 24, 4, 1
2025/8/19, 32, 12, 21, 4, 1
2025/8/20, 25, 12, , 5, 1
2025/8/21, 28, 17, , 10, 1
2025/8/22, 40, 22, , 7, 1
2025/8/23, 54, 19, , 4, 1
2025/8/24, 42, 16, , 6, 1
2025/8/25, 31, 14, 23, 5, 1
2025/8/26, 25, 12, 25, 4, 1
2025/8/27, 20, 15, 32, 5, 1
2025/8/28, 22, 14, 23, 6, 1
2025/8/29, 22, 12, 20, 5, 1
2025/8/30, 23, 13, 28, 4, 1
2025/8/31, 18, 13, 26, 6, 1
2025/9/1, 15, 17, 20, 12, 1
2025/9/2, 25, 18, 22, 9, 1
2025/9/3, 30, 15, 25, 6, 1
2025/9/4, 20, 16, 30, 12, 1
2025/9/5, 31, 19, 30, 16, 1
2025/9/6, 43, 14, 23, 5, 1
2025/9/7, 33, 8, 26, 6, 4
2025/9/8, 22, 10, 24, 7, 
2025/9/9, 19, 10, 13, 10, 
2025/9/10, 20, 9, 20, 6, 
2025/9/11, 17, 8, 17, 7, 
2025/9/12, 17, 9, 26, 5, 
2025/9/13, 17, 9, 20, 3, 
2025/9/14, 16, 9, 24, 6, 
2025/9/15, 16, 18, 26, 20, 
2025/9/16, 29, 24, 24, 35, 1
2025/9/17, 43, 32, 21, 51, 1
2025/9/18, 57, 46, 20, 39, 1
2025/9/19, 76, 30, 25, 9, 
2025/9/20, 51, 12, 30, 3, 
2025/9/21, 20, 11, 27, 8, 
2025/9/22, 18, 12, 29, 13, 
2025/9/23, 22, 13, 31, 17, 
2025/9/24, 19, 20, 30, 27, 
2025/9/25, 32, 23, 26, 35, 
2025/9/26, 34, 23, 20, 13, 
2025/9/27, 37, 21, 27, 3, 
2025/9/28, 36, 19, 33, 13, 
2025/9/29, 38, 16, 32, 18, 
2025/9/30, 41, 16, 37, 22, 
2025/4/2, 13, , 33, 10, 2
2025/4/29, 40, , 27, 13, 2
2025/5/5, 23, 13, , , 
2025/5/6, 16, , 30, 14, 2
2025/5/8, 18, , 25, 22, 2
2025/5/10, 28, , 35, 12, 2
2025/5/17, 31, 31, , 22, 
2025/5/18, 75, 14, , 12, 
2025/5/19, 37, 10, 32, 11, 
2025/5/20, 23, 11, 36, 8, 
2025/5/21, 23, 12, 30, 6, 
2025/5/22, 21, 16, 33, 6, 
2025/5/23, 32, 17, 36, 8, 
2025/5/24, 40, 15, 38, 17, 
2025/5/25, 36, 10, 32, 6, 
2025/5/26, 25, 15, 32, 6, 
2025/5/27, 28, 18, 35, 9, 
2025/5/28, 32, 20, 42, 15, 
2025/5/29, 39, 31, 38, 34, 1
2025/5/30, 56, 28, 42, 25, 1
2025/5/31, 54, 20, 45, 17, 
2025/6/1, 40, 16, 33, 5, 
2025/6/2, 32, 16, 31, 6, 
2025/6/3, 29, 14, 31, 7, 
2025/6/4, 23, 11, 26, 11, 
2025/6/5, 21, 8, 27, 7, 
2025/6/6, 21, 7, 21, 5, 
2025/6/7, 16, 9, 33, 4, 
2025/6/8, 21, 18, 40, 6, 
2025/6/9, 42, 28, 41, 14, 
2025/6/10, 53, 23, 34, 6, 
2025/6/11, 52, 18, 33, 9, 4
2025/6/12, 41, 10, 17, 9, 
2025/6/13, 25, 10, 31, 7, 
2025/6/14, 27, 13, 34, 3, 
2025/6/15, 28, 18, 35, 5, 
2025/6/16, 44, 26, 44, 22, 1
2025/6/17, 57, 29, 35, 31, 1
2025/6/18, 58, 31, 36, 22, 
2025/6/19, 59, 27, 32, 12, 
2025/6/20, 54, 16, 31, 9, 
2025/6/21, 39, 10, 28, 4, 
2025/6/22, 21, 13, 26, 4, 
2025/6/23, 21, 20, 32, 13, 
2025/6/24, 34, 16, 23, 11, 
2025/6/25, 31, 11, 25, 9, 
2025/6/26, 21, 9, 20, 5, 
2025/6/27, 19, 11, 35, 11, 
2025/6/28, 29, 17, 50, 13, 1
2025/6/29, 44, 25, 67, 20, 1
2025/6/30, 58, 26, 56, 30, 1
2025/1/16, 34, , 30, 11, 1
2025/1/24, 16, , 32, 19, 1
2025/1/28, 20, , 29, 17, 1
2025/2/12, 20, , 27, 22, 1
2025/3/25, 15, 9, 32, 8, 2
2025/3/26, 15, , 32, 15, 2
2025/3/31, 23, , 36, 14, 2
2024/10/9, 19, , 19, 17, 1
2024/10/17, 23, 18, 22, 19, 1
2024/10/19, 26, , 21, 24, 1
2024/10/21, 23, 23, 13, 25, 1
2024/10/22, 25, 27, 20, 24, 1
2024/10/23, 41, 24, 20, 34, 1
2024/10/24, 47, 12, 28, 24, 2
2024/10/25, 24, 12, 25, 13, 
2024/10/26, 36, 6, 26, 14, 
2024/10/27, 18, 6, 28, 11, 
2024/10/28, 21, 9, 25, 15, 
2024/10/29, 27, , 24, 14, 
2024/10/31, 35, 9, 21, 23, 
2024/11/1, 30, , 20, 16, 
2024/11/27, 53, , 14, 16, 1
2024/12/9, 12, 25, 28, 8, 1
2024/12/10, 49, 15, 11, 23, 1
2024/12/11, 54, , 12, 21, 1
2024/12/26, 34, , 13, 20, 
2024/7/1, 25, 11, 37, 9, 2
2024/7/2, 25, 13, 30, 7, 7
2024/7/3, 24, , 37, 19, 1
2024/7/6, 25, , 30, 3, 
2024/7/8, 7, 14, 17, 10, 
2024/7/9, 17, , 16, 9, 
2024/7/11, 19, , 28, 4, 
2024/7/13, 19, , 23, 8, 
2024/7/15, 23, 14, 27, 5, 
2024/7/16, 20, , 32, 7, 
2024/7/19, 16, 5, 14, 3, 
2024/7/20, 13, 9, 31, 3, 
2024/7/21, 13, , 41, 18, 
2024/7/23, 32, 22, 37, 27, 
2024/7/24, 40, 23, 20, 5, 
2024/7/25, 52, , 16, 3, 
2024/7/27, 13, 6, 25, 9, 
2024/7/28, 20, , 38, 16, 
2024/7/30, 41, , 36, 6, 
2024/8/6, 18, , 27, 4, 
2024/8/8, 15, 24, 30, 13, 
2024/8/9, 24, , 45, 14, 
2024/8/19, 13, , , , 
2024/8/24, 10, , 32, 3, 
2024/9/17, 59, , 27, 25, 1
2024/9/22, 79, , 36, 11, 1
2024/4/1, 32, 16, 32, 17, 4
2024/4/2, 27, 20, 26, 24, 4
2024/4/3, 28, 23, 28, 17, 4
2024/4/4, 34, 25, 42, 15, 4
2024/4/5, 40, 29, 35, 16, 4
2024/4/6, 40, 22, 31, 14, 4
2024/4/7, 36, 13, 38, 7, 6
2024/4/8, 20, 14, 34, 11, 
2024/4/9, 18, 15, 31, 13, 
2024/4/10, 29, 15, 26, 19, 
2024/4/11, 42, 24, 35, 19, 
2024/4/12, 52, 17, 38, 13, 
2024/4/13, 43, 21, 45, 16, 
2024/4/14, 47, 16, 35, 10, 
2024/4/15, 37, 21, 35, 10, 
2024/4/16, 39, 24, 34, 14, 
2024/4/17, 43, 29, 35, 16, 1
2024/4/18, 49, 32, 34, 17, 
2024/4/19, 53, 26, , 13, 1
2024/4/20, 50, 19, , 15, 1
2024/4/21, 43, 15, 38, 18, 1
2024/4/22, 38, 12, 39, 8, 1
2024/4/23, 27, 19, 32, 14, 1
2024/4/24, 36, 14, 35, 4, 1
2024/4/25, 23, 16, 31, 16, 1
2024/4/26, 26, 10, 38, 8, 1
2024/4/27, 16, 8, 39, 7, 1
2024/4/28, 12, 8, 37, 8, 1
2024/4/29, 13, 14, 28, 16, 1
2024/4/30, 24, 11, 40, 8, 1
2024/5/1, 15, 15, 29, 22, 1
2024/5/2, 21, 22, 28, 22, 1
2024/5/3, 32, 19, 28, 13, 1
2024/5/4, 23, 15, 24, 9, 1
2024/5/5, 22, 20, 38, 8, 4
2024/5/6, 56, 11, 39, 12, 
2024/5/7, 20, 14, 39, 16, 
2024/5/8, 32, 22, 32, 24, 
2024/5/9, 44, 20, 40, 19, 
2024/5/10, 48, 17, 43, 6, 
2024/5/11, 41, 12, 38, 3, 
2024/5/12, 24, 8, 29, 6, 
2024/5/13, 16, 9, 31, 7, 
2024/5/14, 12, 12, 34, 9, 
2024/5/15, 13, 11, 23, 13, 
2024/5/16, 15, 10, 32, 8, 
2024/5/17, 12, 9, 32, 7, 
2024/5/18, 19, 10, 36, 4, 
2024/5/19, 19, 9, 35, 9, 
2024/5/20, 17, 7, 33, 9, 
2024/5/21, 16, 8, 34, 11, 
2024/5/22, 16, 12, 38, 7, 
2024/5/23, 21, 17, 32, 12, 
2024/5/24, 30, 12, 32, 10, 
2024/5/25, 25, 8, 33, 3, 
2024/5/26, 14, 13, 41, 5, 
2024/5/27, 14, 15, 37, 7, 
2024/5/28, 22, 15, 34, 8, 
2024/5/29, 17, 13, 31, 4, 
2024/5/30, 21, 23, 42, 11, 
2024/5/31, 40, 19, 35, 16, 
2024/6/1, 31, 33, 34, 11, 
2024/6/2, 43, , 33, 17, 
2024/6/4, 32, 19, 34, 8, 
2024/6/5, 23, , 32, 12, 
2024/6/7, 40, 35, 26, 12, 
2024/6/8, 54, 23, 33, 10, 
2024/6/9, 45, 10, 31, 8, 
2024/6/10, 33, 14, 29, 6, 
2024/6/11, 20, 17, 32, 5, 
2024/6/12, 31, 19, 34, 5, 
2024/6/13, 35, 8, 28, 5, 
2024/6/14, 19, 5, 33, 3, 
2024/6/15, 13, 17, 25, 3, 
2024/6/16, 25, 7, 17, 9, 
2024/6/17, 15, 23, 20, 12, 
2024/6/18, 16, 16, 35, 9, 
2024/6/19, 26, , 34, 6, 
2024/6/21, 19, 16, 28, 4, 
2024/6/22, 21, 8, 32, 4, 
2024/6/23, 18, 16, 30, 8, 
2024/6/24, 12, 13, 27, 5, 
2024/6/25, 26, , 21, 12, 
2024/6/27, 35, , 19, 14, 
2024/6/30, 28, 9, 26, 6, 
2024/1/1, 66, 23, 30, 10, 2
2024/1/2, 39, 12, 24, 21, 2
2024/1/3, 21, 10, 28, 12, 2
2024/1/4, 19, 9, 28, 13, 2
2024/1/5, 13, 18, 13, 23, 2
2024/1/6, 27, 23, 12, 20, 3
2024/1/7, 51, 24, 13, 12, 3
2024/1/8, 63, 10, 12, 11, 2
2024/1/9, 28, 27, 4, 25, 3
2024/1/10, 53, 23, 9, 19, 3
2024/1/11, 41, 14, 17, 9, 3
2024/1/12, 32, 23, 20, 14, 3
2024/1/13, 31, 50, 22, 11, 3
2024/1/14, 43, 36, 24, 9, 4
2024/1/15, 28, 40, 36, 9, 1
2024/1/16, 33, 25, 33, 10, 1
2024/1/17, 19, 21, 21, 20, 
2024/1/18, 17, 8, 22, 9, 1
2024/1/19, 15, 12, 28, 13, 1
2024/1/20, 12, 16, 15, 19, 1
2024/1/21, 34, 26, 11, 23, 1
2024/1/22, 63, 20, 10, 15, 1
2024/1/23, 41, 15, 11, 14, 1
2024/1/24, 29, 23, 11, 19, 1
2024/1/25, 54, 23, 11, 20, 1
2024/1/26, 57, 25, 24, 14, 1
2024/1/27, 58, 26, 21, 11, 1
2024/1/28, 61, 27, 12, 18, 1
2024/1/29, 60, 28, 15, 15, 
2024/1/30, 57, 19, 17, 12, 
2024/1/31, 51, 23, 17, 20, 
2024/2/1, 51, 45, 15, 24, 1
2024/2/2, 61, 39, 21, 18, 
2024/2/3, 68, 31, 18, 21, 
2024/2/4, 64, 40, 12, 24, 1
2024/2/5, 75, 38, 21, 23, 
2024/2/6, 57, 38, 29, 12, 
2024/2/7, 35, 24, 33, 8, 
2024/2/8, 34, 15, 30, 12, 
2024/2/9, 23, 9, 31, 11, 
2024/2/10, 10, 17, 19, 13, 
2024/2/11, 22, 19, 20, 14, 1
2024/2/12, 18, 21, 16, 8, 1
2024/2/13, 25, 16, 15, 10, 1
2024/2/14, 27, 29, 32, 12, 1
2024/2/15, 28, 17, 22, 21, 3
2024/2/16, 26, 17, 25, 17, 1
2024/2/17, 44, 16, 22, 15, 1
2024/2/18, 45, 19, 16, 16, 1
2024/2/19, 49, 21, 8, 25, 1
2024/2/20, 51, 26, 18, 24, 1
2024/2/21, 55, 17, 32, 15, 1
2024/2/22, 31, 12, 32, 10, 1
2024/2/23, 25, 15, 30, 9, 1
2024/2/24, 29, 17, 25, 9, 1
2024/2/25, 26, , , , 
2024/2/29, 18, 14, 28, 19, 1
2024/3/1, 28, 20, 31, 13, 1
2024/3/2, 38, 13, 30, 11, 1
2024/3/3, 24, 15, 31, 16, 1
2024/3/4, 19, 16, 21, 21, 1
2024/3/5, 33, 20, 30, 23, 1
2024/3/6, 41, 13, 32, 20, 1
2024/3/7, 26, 14, 24, 21, 1
2024/3/8, 26, , , , 
2024/3/19, 42, 12, 31, 12, 2
2024/3/20, 28, 18, 26, 14, 2
2024/3/21, 42, 44, 22, 15, 2
2024/3/22, 57, 52, 25, 12, 3
2024/3/23, 68, 35, 28, 12, 3
2024/3/24, 53, 18, 35, 7, 3
2024/3/25, 29, 10, 29, 15, 3
2024/3/26, 14, 19, 32, 16, 3
2024/3/27, 25, 17, 32, 10, 3
2024/3/28, 24, , , , 
2023/10/1, 40, 33, 23, 23, 
2023/10/2, 46, 28, 23, 12, 
2023/10/3, 37, 22, 19, 19, 
2023/10/4, 32, 18, 21, 19, 
2023/10/5, 30, 26, 28, 28, 
2023/10/6, 42, 37, 31, 28, 
2023/10/7, 59, 32, 35, 24, 
2023/10/8, 51, 37, 37, 26, 
2023/10/9, 57, 37, 27, 32, 
2023/10/10, 52, 41, 20, 38, 
2023/10/11, 55, 41, 31, 32, 
2023/10/12, 59, 33, 30, 17, 
2023/10/13, 53, 21, 27, 13, 
2023/10/14, 33, 23, 21, 15, 
2023/10/15, 32, 20, 21, 11, 
2023/10/16, 27, 22, 24, 10, 
2023/10/17, 23, 23, 28, 14, 
2023/10/18, 25, 19, 30, 9, 
2023/10/19, 21, 17, 32, 13, 
2023/10/20, 18, 20, 20, 19, 
2023/10/21, 32, 9, 23, 8, 
2023/10/22, 19, 9, 24, 18, 
2023/10/23, 18, 18, 20, 21, 
2023/10/24, 19, 26, 13, 19, 
2023/10/25, 24, 18, 18, 12, 
2023/10/26, 15, 20, 16, 25, 
2023/10/27, 5, 18, 31, 13, 
2023/10/28, 7, 14, 27, 10, 
2023/10/29, 5, 7, 19, 16, 
2023/10/30, 2, , , , 
2023/11/1, 22, 18, 29, 12, 
2023/11/2, 18, 21, 27, 14, 
2023/11/3, 22, 28, 33, 9, 
2023/11/4, 26, 19, 26, 14, 
2023/11/5, 23, 14, 26, 20, 
2023/11/6, 21, 23, 24, 24, 
2023/11/7, 36, 27, 26, 21, 
2023/11/8, 41, 16, 26, 19, 
2023/11/9, 24, 29, 18, 24, 
2023/11/10, 37, 20, 16, 17, 
2023/11/11, 22, 15, 22, 10, 
2023/11/12, 23, 16, 12, 20, 
2023/11/13, 26, 21, 10, 22, 
2023/11/14, 50, 18, 10, 17, 
2023/11/15, 36, 12, 12, 14, 
2023/11/16, 30, 12, 11, 12, 
2023/11/17, 26, 13, 9, 7, 
2023/11/18, 35, 21, 6, 14, 
2023/11/19, 49, 20, 28, 12, 
2023/11/20, 55, 13, 24, 8, 2
2023/11/21, 26, 10, 19, 15, 
2023/11/22, 21, 9, 19, 13, 
2023/11/23, 22, 28, 10, 28, 1
2023/11/24, 48, 27, 17, 23, 1
2023/11/25, 55, 30, 2, 23, 1
2023/11/26, 62, 33, 12, 23, 1
2023/11/27, 59, 13, 20, 16, 1
2023/11/28, 25, 13, 14, 19, 1
2023/11/29, 23, 10, 25, 13, 1
2023/11/30, 16, 8, 26, 16, 1
2023/12/1, 13, 12, 22, 19, 1
2023/12/2, 26, 23, 31, 13, 1
2023/12/3, 56, 17, 19, 21, 1
2023/12/4, 31, 17, 16, 10, 1
2023/12/5, 39, 12, 16, 16, 1
2023/12/6, 29, 26, 17, 25, 1
2023/12/7, 46, 23, 17, 22, 1
2023/12/8, 23, 25, 21, 17, 1
2023/12/9, 26, 18, 15, 18, 1
2023/12/10, 29, 25, 24, 16, 1
2023/12/11, 41, 21, 22, 13, 1
2023/12/12, 25, 13, 24, 13, 1
2023/12/13, 13, 11, 20, 17, 1
2023/12/14, 17, 11, 15, 12, 1
2023/12/15, 23, 7, 17, 9, 1
2023/12/16, 19, 11, 15, 13, 2
2023/12/17, 32, 22, 11, 18, 2
2023/12/18, 57, 30, 20, 19, 2
2023/12/19, 67, 17, 22, 11, 2
2023/12/20, 34, 14, 24, 13, 2
2023/12/21, 24, 31, 4, 28, 2
2023/12/22, 62, 24, 11, 22, 3
2023/12/23, 57, 28, 8, 19, 2
2023/12/24, 71, 37, 8, 15, 2
2023/12/25, 86, 29, 11, 16, 2
2023/12/26, 72, 13, 11, 6, 2
2023/12/27, 42, 15, 6, 10, 2
2023/12/28, 43, 19, 5, 12, 2
2023/12/29, 54, 31, 5, 17, 2
2023/12/30, 76, 19, 15, 19, 
2023/12/31, 42, 32, 19, 18, 2
2023/7/1, 42, 15, 35, 3, 3
2023/7/2, 43, 19, 30, 4, 3
2023/7/3, 40, 10, 26, 4, 3
2023/7/4, 23, 8, 21, 4, 15
2023/7/5, 8, 9, 22, 4, 
2023/7/6, 17, 10, 20, 6, 
2023/7/7, 19, 18, 26, 6, 
2023/7/8, 28, 13, 31, 3, 
2023/7/9, 21, 12, 38, 6, 
2023/7/10, 16, 11, 18, 3, 
2023/7/11, 14, 10, 30, 4, 
2023/7/12, 15, 9, 32, 6, 
2023/7/13, 11, 9, 19, 5, 
2023/7/14, 19, 9, 31, 2, 
2023/7/15, 14, 13, 31, 1, 
2023/7/16, 22, 20, 35, 8, 
2023/7/17, 27, 19, 35, 5, 
2023/7/18, 31, 18, 33, 5, 
2023/7/19, 29, 13, 22, 3, 
2023/7/20, 21, 9, 24, 5, 
2023/7/21, 16, 10, 29, 2, 
2023/7/22, 17, 11, 28, 1, 
2023/7/23, 20, 10, 30, 4, 
2023/7/24, 17, 14, 32, 3, 
2023/7/25, 23, 18, 33, 7, 
2023/7/26, 30, 12, 28, 4, 
2023/7/27, 15, 10, 21, 5, 1
2023/7/28, 19, 7, 23, 3, 1
2023/7/29, 13, 7, 33, 2, 1
2023/7/30, 9, 9, 27, 4, 1
2023/7/31, 20, 8, 18, 2, 1
2023/8/1, 15, 11, 31, 3, 1
2023/8/2, 18, 16, 31, 3, 1
2023/8/3, 18, 17, 41, 6, 1
2023/8/4, 23, 17, 51, 11, 1
2023/8/5, 39, 24, 44, 14, 1
2023/8/6, 49, 31, 50, 25, 1
2023/8/7, 59, 38, 34, 15, 1
2023/8/8, 55, 31, 27, 11, 1
2023/8/9, 37, 18, 25, 5, 1
2023/8/10, 24, 11, 18, 3, 1
2023/8/11, 19, 8, 32, 2, 1
2023/8/12, 14, 13, 33, 2, 1
2023/8/13, 20, 14, 35, 3, 1
2023/8/14, 20, 8, 33, 2, 1
2023/8/15, 12, 12, 36, 4, 1
2023/8/16, 21, 9, 26, 4, 1
2023/8/17, 18, 15, 22, 11, 1
2023/8/18, 26, 16, 20, 5, 1
2023/8/19, 22, 8, 36, 3, 1
2023/8/20, 22, 15, 42, 12, 1
2023/8/21, 21, 28, 50, 22, 2
2023/8/22, 36, 35, 47, 25, 1
2023/8/23, 50, 22, 31, 7, 2
2023/8/24, 34, 18, 33, 5, 2
2023/8/25, 26, 12, 35, 1, 2
2023/8/26, 12, 10, 33, 1, 2
2023/8/27, 10, 13, 27, 2, 2
2023/8/28, 16, 10, 29, 3, 2
2023/8/29, 19, 10, 34, 3, 2
2023/8/30, 15, 11, 29, 4, 2
2023/8/31, 13, 7, 25, 4, 2
2023/9/1, 10, 8, 33, 4, 2
2023/9/2, 11, 10, 38, 8, 2
2023/9/3, 20, 16, 32, 8, 2
2023/9/4, 18, 22, 29, 11, 2
2023/9/5, 22, 17, 25, 11, 2
2023/9/6, 25, 17, 20, 10, 1
2023/9/7, 24, 15, 17, 9, 2
2023/9/8, 25, 12, 31, 11, 2
2023/9/9, 14, 14, 24, 13, 2
2023/9/10, 18, 14, 29, 14, 2
2023/9/11, 28, 11, 29, 14, 2
2023/9/12, 22, 14, 38, 14, 2
2023/9/13, 26, 16, 40, 16, 2
2023/9/14, 31, 20, 26, 15, 2
2023/9/15, 35, 11, 29, 6, 2
2023/9/16, 18, 14, 33, 7, 2
2023/9/17, 14, 19, 25, 18, 3
2023/9/18, 17, 15, 31, 16, 3
2023/9/19, 21, 14, 21, 18, 3
2023/9/20, 23, 11, 26, 9, 
2023/9/21, 18, 13, 28, 11, 
2023/9/22, 15, 13, 34, 11, 
2023/9/23, 16, 15, 38, 15, 
2023/9/24, 25, 21, 30, 24, 
2023/9/25, 31, 13, 26, 10, 
2023/9/26, 24, 17, 22, 18, 
2023/9/27, 23, 15, 21, 14, 
2023/9/28, 14, 15, 28, 20, 
2023/9/29, 21, 22, 44, 22, 
2023/9/30, 40, 20, 41, 22, 
2023/4/5, 15, 20, 39, 11, 1
2023/4/6, 22, 28, 40, 19, 1
2023/4/7, 44, 21, 39, 27, 1
2023/4/8, 29, , 42, 19, 1
2023/4/11, 14, , 29, 7, 1
2023/4/13, 13, , 28, 14, 2
2023/4/16, 17, 11, 34, 8, 2
2023/4/17, 17, 22, 24, 14, 2
2023/4/18, 28, 19, 34, 20, 2
2023/4/19, 25, 20, 34, 17, 2
2023/4/20, 27, 13, 30, 16, 2
2023/4/21, 16, , 22, 13, 2
2023/4/23, 14, 13, 33, 9, 2
2023/4/24, 13, 10, 25, 9, 2
2023/4/25, 13, 11, 32, 8, 2
2023/4/26, 13, 21, 18, 20, 2
2023/4/27, 16, 12, 28, 22, 3
2023/4/28, 17, 6, 29, 12, 2
2023/4/29, 15, , 22, 8, 2
2023/5/2, 19, 17, , 25, 3
2023/5/3, 33, 15, 22, 22, 3
2023/5/4, 16, 20, 29, 15, 3
2023/5/5, 18, 18, 31, 15, 3
2023/5/6, 18, 12, 27, 10, 3
2023/5/7, 16, 10, 34, 5, 3
2023/5/8, 14, 9, 29, 6, 3
2023/5/9, 13, 16, 31, 6, 3
2023/5/10, 11, 18, 40, 6, 3
2023/5/11, 11, 16, 38, 7, 3
2023/5/12, 29, 13, 33, 5, 6
2023/5/13, 20, 16, 36, 5, 3
2023/5/14, 21, 15, 40, 4, 3
2023/5/15, 20, 19, 39, 4, 4
2023/5/16, 22, 17, 43, 8, 4
2023/5/17, 23, 20, 43, 8, 4
2023/5/18, 29, 22, 45, 8, 4
2023/5/23, 58, 17, 32, 18, 2
2023/5/24, 46, 18, 41, 14, 
2023/5/25, 46, 24, 43, 15, 
2023/5/26, 42, 19, 36, 12, 
2023/5/27, 37, 17, 32, 13, 
2023/5/28, 35, 16, 35, 7, 
2023/5/29, 33, 20, 26, 12, 
2023/5/30, 36, 15, 23, 13, 1
2023/5/31, 29, 14, 29, 12, 1
2023/6/1, 30, 20, 39, 14, 1
2023/6/2, 44, 22, 38, 11, 1
2023/6/3, 48, 15, 44, 7, 1
2023/6/4, 43, 14, 45, 5, 1
2023/6/5, 31, , 36, 6, 1
2023/6/9, 27, 18, 29, 11, 1
2023/6/10, 30, 15, 33, 9, 1
2023/6/11, 28, 13, 27, 10, 1
2023/6/12, 25, 10, 27, 8, 1
2023/6/13, 17, 9, 36, 4, 2
2023/6/14, 18, 12, 35, 5, 1
2023/6/15, 27, 14, 40, 9, 2
2023/6/16, 27, 10, 34, 9, 2
2023/6/17, 27, 14, 30, 3, 2
2023/6/18, 38, 17, 31, 4, 2
2023/6/19, 37, 11, 23, 10, 2
2023/6/20, 23, 8, 25, 11, 2
2023/6/21, 17, 12, 31, 10, 2
2023/6/22, 26, 14, 37, 6, 2
2023/6/23, 34, 22, 43, 11, 2
2023/6/24, 62, 16, 50, 13, 2
2023/6/25, 46, 23, 38, 3, 2
2023/6/26, 36, 22, 35, 6, 2
2023/6/27, 44, 22, 33, 7, 2
2023/6/28, 49, 22, 38, 7, 2
2023/6/29, 43, 18, 31, 2, 3
2023/6/30, 33, 20, 35, 6, 3
2023/1/2, 14, 15, 16, 30, 1
2023/1/3, 17, 14, 15, 22, 1
2023/1/4, 23, 12, 10, 20, 1
2023/1/5, 32, , , , 
2023/1/12, 15, 22, 17, 33, 1
2023/1/13, 25, 26, 8, 20, 1
2023/1/14, 57, 15, 28, 18, 1
2023/1/15, 34, 15, 26, 15, 1
2023/1/16, 34, 14, 34, 11, 1
2023/1/17, 15, 10, 31, 13, 7
2023/1/18, 15, 17, 29, 22, 1
2023/1/19, 15, 6, 24, 12, 1
2023/1/20, 16, 4, 27, 6, 1
2023/1/21, 14, 4, 25, 8, 1
2023/1/22, 13, 6, 22, 23, 1
2023/1/23, 16, 6, 22, 15, 1
2023/1/24, 23, 8, , 15, 1
2023/1/25, 17, 15, , 17, 1
2023/1/26, 28, 10, , 13, 1
2023/1/27, 21, 7, , 14, 1
2023/1/28, 22, 6, , 15, 1
2023/1/29, 20, , , 13, 1
2023/2/6, 24, 11, 27, 11, 2
2023/2/7, 25, 12, 18, 12, 2
2023/2/9, 22, 5, 28, 8, 2
2023/2/10, 13, 7, 28, 7, 2
2023/2/11, 13, , 22, 5, 2
2023/2/15, 20, 23, 31, 14, 2
2023/2/16, 31, 25, 28, 8, 2
2023/2/17, 28, , 26, 7, 1
2023/2/22, 37, , 31, 4, 1
2023/3/1, 21, 18, 7, 33, 2
2023/3/2, 28, 35, 26, 28, 2
2023/3/3, 69, , , , 
2023/3/15, 16, 30, 31, 26, 
2023/3/16, 48, 19, 20, 23, 
2023/3/17, 17, , , , 
2023/3/19, 18, 13, 20, 20, 
2023/3/20, 20, 7, 37, 10, 
2023/3/21, 17, 13, 30, 15, 
2023/3/22, 14, 15, 26, 22, 
2023/3/23, 17, 13, 29, 12, 
2023/3/24, 16, , 31, 13, 1
2023/3/26, 13, 10, 26, 13, 
2023/3/27, 13, , 21, 33, 2
2023/3/29, 46, 24, 22, 16, 1
2023/3/30, 33, 25, 22, 14, 1
2023/3/31, 29, , , , 
2022/10/2, 13, 31, 33, 25, 
2022/10/3, 45, 27, 20, 39, 
2022/10/4, 45, 34, 29, 34, 
2022/10/5, 28, 36, 35, 14, 
2022/10/6, 33, 52, 26, 28, 
2022/10/7, 61, 47, 16, 28, 
2022/10/8, 48, 32, 7, 18, 
2022/10/9, 29, 16, 8, 8, 
2022/10/10, 16, 12, 3, 21, 
2022/10/11, 14, 14, 21, 13, 
2022/10/12, 13, 15, 26, 13, 
2022/10/13, 37, 11, 22, 14, 
2022/10/14, 22, , 15, 14, 
2022/10/16, 10, 20, 12, 13, 
2022/10/17, 23, 27, 21, 19, 
2022/10/18, 39, 14, 22, 10, 
2022/10/19, 17, 14, 22, 16, 
2022/10/20, 15, 22, 26, 15, 
2022/10/21, 16, 11, 23, 16, 
2022/10/22, 14, 20, 30, 8, 
2022/10/23, 14, 18, 31, 8, 
2022/10/24, 15, 19, 19, 21, 
2022/10/25, 14, 22, 24, 13, 
2022/10/26, 23, 21, 21, 16, 
2022/10/27, 18, 22, 17, 11, 
2022/10/28, 21, 32, 25, 14, 
2022/10/29, 33, 13, 24, 17, 
2022/10/30, 30, 14, 22, 22, 
2022/10/31, 14, 12, 21, 14, 
2022/11/1, 11, 19, 28, 13, 
2022/11/2, 14, 19, 12, 28, 
2022/11/3, 23, 13, 17, 24, 
2022/11/4, 14, 19, 22, 16, 
2022/11/5, 28, 22, 16, 24, 
2022/11/6, 45, 20, 17, 24, 
2022/11/7, 41, 16, 20, 15, 
2022/11/8, 14, 17, 22, 20, 
2022/11/9, 19, 17, 17, 27, 
2022/11/10, 17, 12, 18, 22, 
2022/11/11, 29, , 18, 14, 
2022/11/13, 48, 10, 26, 16, 1
2022/11/14, 16, 15, 22, 19, 
2022/11/15, 14, 21, 25, 17, 
2022/11/16, 17, 16, 15, 23, 
2022/11/17, 10, 12, 19, 18, 
2022/11/18, 11, , 25, 17, 
2022/11/20, 13, 15, 24, 16, 
2022/11/21, 13, 21, 21, 15, 
2022/11/22, 16, 22, 16, 23, 
2022/11/23, 20, , 22, 21, 
2022/11/29, 18, 24, 18, 26, 2
2022/11/30, 33, 8, 12, 30, 
2022/12/1, 15, 12, 20, 13, 
2022/12/2, 21, 18, 13, 18, 
2022/12/3, 46, 23, 12, 17, 
2022/12/4, 55, 11, 21, 16, 
2022/12/5, 19, 24, 19, 18, 
2022/12/6, 33, 20, 6, 32, 
2022/12/7, 44, 13, 25, 16, 
2022/12/8, 12, 12, 29, 12, 
2022/12/9, 13, 15, 26, 21, 
2022/12/10, 13, 23, 19, 19, 
2022/12/11, 17, 28, 22, 10, 
2022/12/12, 14, 15, 23, 9, 
2022/12/13, 15, 18, 24, 12, 
2022/12/14, 15, 20, 25, 18, 
2022/12/15, 22, 12, 22, 25, 
2022/12/16, 16, 20, 18, 20, 
2022/12/17, 36, 15, 14, 28, 
2022/12/18, 30, 14, 21, 13, 
2022/12/19, 20, 17, 23, 12, 
2022/12/20, 27, 22, 23, 19, 
2022/12/21, 19, 23, 18, 19, 
2022/12/22, 23, 16, 18, 21, 
2022/12/23, 30, 12, 19, 16, 
2022/12/24, 18, 8, 28, 6, 
2022/12/25, 16, 16, 30, 9, 
2022/12/26, 19, 28, 19, 20, 
2022/12/27, 50, 25, 3, 26, 
2022/12/28, 45, 21, 18, 24, 
2022/12/29, 30, 21, 28, 14, 
2022/12/30, 22, 24, 31, 8, 
2022/12/31, 43, 22, 28, 9, 
2023/1/1, 33, 10, 27, 7, 
2022/7/1, 53, 12, 32, 7, 
2022/7/2, 28, 19, 36, 7, 
2022/7/3, 42, 22, 28, 11, 
2022/7/4, 64, 19, 28, 12, 
2022/7/5, 55, 22, 39, 14, 
2022/7/6, 49, 21, 47, 17, 
2022/7/7, 45, 22, 41, 20, 
2022/7/8, 50, 18, 50, 26, 
2022/7/9, 40, 14, 47, 6, 
2022/7/10, 41, 17, 35, 10, 
2022/7/11, 33, 26, 30, 25, 
2022/7/12, 44, 32, 34, 33, 
2022/7/13, 53, 30, 29, 22, 
2022/7/14, 51, 26, 30, 23, 
2022/7/15, 45, 19, 36, 12, 
2022/7/16, 34, 17, 37, 7, 1
2022/7/17, 32, 12, 24, 10, 
2022/7/18, 29, 12, 27, 5, 
2022/7/19, 24, 13, 30, 6, 
2022/7/20, 28, 18, 29, 9, 
2022/7/21, 53, 21, 33, 10, 
2022/7/22, 46, 18, 32, 8, 
2022/7/23, 29, 13, 26, 5, 
2022/7/24, 19, 10, 23, 5, 3
2022/7/25, 19, 12, 23, 4, 
2022/7/26, 18, 14, 31, 5, 
2022/7/27, 15, 7, 22, 4, 
2022/7/28, 16, 10, 28, 4, 
2022/7/29, 15, 17, 36, 11, 
2022/7/30, 25, 20, 29, 22, 
2022/7/31, 47, 38, 31, 25, 
2022/8/1, 79, 23, 30, 14, 
2022/8/2, 47, 15, 25, 4, 
2022/8/3, 27, 11, 23, 4, 
2022/8/4, 18, 20, 28, 8, 
2022/8/5, 36, 21, 27, 8, 
2022/8/6, 36, 21, 35, 7, 
2022/8/7, 39, 21, 30, 11, 
2022/8/8, 43, 29, 35, 12, 
2022/8/9, 54, 29, 27, 13, 
2022/8/10, 42, 20, 32, 14, 
2022/8/11, 36, 23, 35, 11, 
2022/8/12, 34, 15, 32, 6, 
2022/8/13, 25, 13, 31, 4, 
2022/8/14, 20, 14, 45, 4, 
2022/8/15, 24, 11, 28, 5, 
2022/8/16, 24, 14, 29, 4, 
2022/8/17, 17, 17, 35, 8, 
2022/8/18, 17, 22, 22, 17, 
2022/8/19, 20, , , , 
2022/8/22, 26, 17, 24, 11, 
2022/8/23, 36, 10, 17, 5, 
2022/8/24, 16, 6, 21, 5, 
2022/8/25, 10, 13, 26, 7, 
2022/8/26, 13, 17, 32, 10, 
2022/8/27, 20, 17, 29, 12, 
2022/8/28, 29, 14, 25, 12, 1
2022/8/29, 20, 12, 29, 8, 
2022/8/30, 20, 10, 29, 7, 
2022/8/31, 18, 6, 19, 6, 
2022/9/1, 18, 4, 24, 7, 
2022/9/2, 17, 8, 33, 6, 
2022/9/3, 14, 9, 20, 11, 
2022/9/4, 17, 14, 19, 10, 
2022/9/5, 19, 12, 25, 11, 
2022/9/6, 17, 15, 18, 17, 
2022/9/7, 18, 17, 12, 12, 
2022/9/8, 19, 11, 14, 10, 
2022/9/9, 18, 8, 13, 10, 
2022/9/10, 17, 8, 10, 11, 
2022/9/11, 15, 15, 15, 9, 
2022/9/12, 15, 19, 16, 7, 
2022/9/13, 16, 15, 14, 15, 
2022/9/14, 19, 13, 15, 19, 
2022/9/15, 21, 17, 23, 15, 
2022/9/16, 12, 11, 34, 12, 
2022/9/17, 18, 14, 33, 14, 
2022/9/18, 32, , , , 
2022/9/20, 39, 18, 26, 22, 
2022/9/21, 25, 18, 28, 25, 
2022/9/22, 38, 18, 31, 13, 
2022/9/23, 26, , 29, 4, 
2022/9/25, 13, 12, 30, 11, 
2022/9/26, 14, 12, 29, 7, 
2022/9/27, 13, 8, 27, 7, 1
2022/9/28, 12, 15, 26, 13, 
2022/9/29, 14, 10, 24, 8, 
2022/9/30, 11, , 32, 16, 
2022/4/1, 13, , 32, 9, 
2022/4/3, 14, 6, 32, 7, 
2022/4/4, 14, 8, 31, 8, 
2022/4/5, 15, 15, 32, 13, 
2022/4/6, 17, 8, 30, 11, 7
2022/4/7, 15, 10, 23, 17, 
2022/4/8, 15, , 20, 14, 
2022/4/11, 13, 11, 27, 12, 
2022/4/12, 13, 10, 31, 7, 
2022/4/13, 13, 9, 31, 7, 
2022/4/14, 11, , 33, 6, 
2022/4/16, 16, 11, 34, 4, 
2022/4/17, 21, 14, 28, 4, 1
2022/4/18, 17, 7, 38, 5, 
2022/4/19, 16, 7, 37, 5, 
2022/4/20, 17, 10, 33, 13, 
2022/4/21, 19, , 32, 20, 
2022/4/25, 24, 14, 25, 16, 
2022/4/26, 17, 14, 33, 13, 
2022/4/27, 15, 13, 34, 9, 
2022/4/28, 16, 8, 34, 9, 1
2022/4/29, 17, 20, 37, 17, 
2022/4/30, 38, , 41, 4, 
2022/5/2, 22, 19, 37, 7, 
2022/5/3, 38, 14, 37, 8, 
2022/5/4, 26, 16, 31, 16, 
2022/5/5, 29, 21, 35, 21, 
2022/5/6, 48, 21, 42, 16, 
2022/5/7, 47, , 40, 15, 
2022/5/9, 42, 24, 31, 23, 
2022/5/10, 42, 21, 31, 21, 
2022/5/11, 40, 10, 33, 16, 1
2022/5/12, 18, 24, 37, 27, 
2022/5/13, 41, , 40, 13, 
2022/5/15, 21, 13, 21, 7, 
2022/5/16, 18, 13, 14, 11, 1
2022/5/17, 20, 10, 28, 8, 
2022/5/18, 16, 9, 29, 14, 17
2022/5/19, 14, 17, 31, 16, 10
2022/5/20, 16, 31, 33, 9, 2
2022/5/21, 41, 8, 33, 5, 5
2022/5/22, 13, 10, 30, 6, 1
2022/5/23, 16, 9, 32, 5, 
2022/5/24, 15, 10, 32, 7, 
2022/5/25, 15, 14, 35, 12, 
2022/5/26, 16, 20, 38, 22, 
2022/5/27, 34, 24, 38, 19, 
2022/5/28, 43, 12, 35, 7, 
2022/5/29, 25, 14, 27, 9, 
2022/5/30, 20, 11, 19, 8, 
2022/5/31, 16, 18, 26, 9, 
2022/6/1, 15, 16, 28, 8, 
2022/6/2, 16, 14, 26, 9, 
2022/6/3, 16, 8, 26, 7, 
2022/6/4, 15, 7, 32, 4, 
2022/6/5, 15, 7, 16, 6, 
2022/6/6, 18, 9, 22, 5, 
2022/6/7, 26, 5, 12, 4, 
2022/6/8, 17, 3, 26, 5, 10
2022/6/9, 13, 13, 30, 4, 
2022/6/10, 17, 15, 29, 4, 
2022/6/11, 27, 16, 31, 7, 
2022/6/12, 31, 22, 34, 12, 
2022/6/13, 37, 24, 23, 15, 
2022/6/14, 38, 31, 19, 15, 
2022/6/15, 46, 15, 21, 10, 7
2022/6/16, 22, 12, 19, 11, 3
2022/6/17, 14, 10, , , 
2022/6/18, 15, 8, , , 
2022/6/19, 14, 9, , , 
2022/6/20, 15, 9, , , 
2022/6/21, 22, 12, , , 
2022/6/22, 23, 12, 28, 11, 
2022/6/23, 25, 10, 16, 13, 
2022/6/24, 24, 6, 35, 4, 
2022/6/25, 20, 8, 28, 5, 
2022/6/26, 26, 8, 28, 5, 
2022/6/27, 23, 14, 28, 5, 
2022/6/28, 29, 10, 26, 4, 
2022/6/29, 23, 13, 26, 4, 
2022/6/30, 27, 14, 24, 5, 
2022/1/3, 40, 13, 22, 12, 
2022/1/4, 35, 10, 18, 16, 
2022/1/5, 22, 14, 18, 16, 
2022/1/6, 22, 11, 19, 10, 
2022/1/7, 15, , 13, 20, 1
2022/1/9, 22, 7, 18, 10, 
2022/1/10, 15, 9, 13, 16, 
2022/1/11, 17, 8, 12, 12, 
2022/1/12, 30, 8, 13, 14, 
2022/1/13, 15, 8, 13, 12, 
2022/1/14, 24, , , , 
2022/1/16, 56, 16, 13, 20, 
2022/1/17, 50, 20, 13, 22, 
2022/1/18, 63, 27, 10, 29, 
2022/1/19, 63, 37, 11, 28, 
2022/1/20, 82, 19, 14, 19, 
2022/1/21, 50, 8, 17, 9, 
2022/1/22, 32, 9, 17, 9, 
2022/1/23, 32, 9, 15, 14, 1
2022/1/24, 24, 10, 15, 15, 
2022/1/25, 29, 11, 16, 13, 
2022/1/26, 28, 16, 18, 11, 
2022/1/27, 41, 19, 17, 12, 
2022/1/28, 33, , 19, 9, 
2022/1/30, 27, 38, 16, 30, 
2022/1/31, 74, 15, 18, 26, 3
2022/2/1, 38, 19, 15, 28, 
2022/2/2, 45, 42, 7, 35, 
2022/2/3, 78, 26, 18, 23, 
2022/2/4, 54, , 18, 10, 
2022/2/6, 32, 16, 18, 20, 
2022/2/7, 39, 27, 6, 42, 1
2022/2/8, 49, 34, 13, 32, 
2022/2/9, 64, 43, 5, 32, 
2022/2/10, 74, 46, 11, 35, 
2022/2/11, 76, 36, 19, 18, 
2022/2/12, 70, 14, 22, 17, 
2022/2/13, 26, 13, 22, 18, 
2022/2/14, 20, 19, 22, 24, 
2022/2/15, 34, 16, 21, 22, 
2022/2/16, 32, 5, 18, 10, 
2022/2/17, 17, 4, 22, 9, 
2022/2/18, 16, , 23, 4, 
2022/2/20, 17, 13, 21, 15, 
2022/2/21, 29, 15, 20, 20, 
2022/2/22, 36, 16, 13, 27, 
2022/2/23, 27, 35, 18, 26, 1
2022/2/24, 67, 24, 27, 13, 
2022/2/25, 55, 18, 28, 9, 
2022/2/26, 38, 13, 34, 7, 
2022/2/27, 33, 14, 23, 23, 
2022/2/28, 27, 25, 25, 23, 
2022/3/1, 49, 15, 32, 16, 
2022/3/2, 25, 12, 34, 10, 
2022/3/3, 21, 11, 33, 7, 
2022/3/4, 18, , 23, 16, 
2022/3/6, 22, 12, 36, 18, 
2022/3/7, 25, 23, 21, 23, 
2022/3/8, 25, 19, , 18, 
2022/3/9, 20, 16, 30, 14, 2
2022/3/10, 18, 18, 31, 20, 
2022/3/11, 19, 22, 30, 15, 
2022/3/12, 37, 15, 32, 13, 
2022/3/13, 20, 12, 25, 11, 
2022/3/14, 21, 163, 16, 13, 
2022/3/15, 70, 128, 28, 8, 
2022/3/16, 142, 49, 24, 9, 
2022/3/17, 48, 12, 23, 13, 
2022/3/18, 15, , 26, 15, 
2022/3/20, 27, 7, 25, 15, 
2022/3/21, 16, 21, 25, 21, 
2022/3/22, 24, 7, 26, 13, 
2022/3/23, 17, 36, 29, 9, 
2022/3/24, 30, 32, 21, 11, 
2022/3/25, 52, 34, 25, 9, 
2022/3/26, 45, 59, 25, 7, 
2022/3/27, 55, 53, 25, 8, 
2022/3/28, 56, 23, 31, 11, 
2022/3/29, 31, 24, 40, 6, 
2022/3/30, 32, 12, 32, 8, 1
2022/3/31, 15, 12, 32, 8, 
2021/10/1, 33, 7, 20, 8, 
2021/10/2, 21, , 34, 5, 1
2021/10/4, 22, , 21, 12, 
2021/10/6, 15, 19, 27, 22, 
2021/10/7, 40, 18, 31, 28, 
2021/10/8, 51, , 30, 10, 
2021/10/11, 41, 14, 30, 22, 
2021/10/12, 33, 23, 24, 32, 
2021/10/13, 46, 27, 18, 41, 
2021/10/14, 50, 32, 30, 38, 
2021/10/15, 51, 17, 29, 23, 1
2021/10/16, 49, 14, 5, 16, 
2021/10/17, 46, 28, 14, 26, 
2021/10/18, 64, 26, 26, 26, 
2021/10/19, 58, 34, 18, 24, 
2021/10/20, 70, 18, 29, 14, 
2021/10/21, 26, 10, 27, 11, 
2021/10/22, 23, , 26, 21, 
2021/10/24, 39, 10, 26, 13, 
2021/10/25, 27, 10, 23, 21, 
2021/10/26, 17, 27, 25, 37, 
2021/10/27, 47, 46, 30, 30, 
2021/10/28, 68, 20, 27, 17, 
2021/10/29, 37, , 21, 11, 
2021/10/31, 54, 6, 23, 13, 
2021/11/1, 24, 17, 24, 27, 
2021/11/2, 37, 8, 24, 22, 
2021/11/3, 14, 12, 26, 20, 
2021/11/4, 20, 8, 23, 17, 
2021/11/5, 18, , 25, 18, 
2021/11/7, 35, 15, 17, 25, 
2021/11/8, 38, 22, 19, 24, 
2021/11/9, 49, 19, 14, 30, 15
2021/11/10, 52, 29, 30, 24, 
2021/11/11, 61, 20, 25, 21, 
2021/11/12, 50, 26, 19, 29, 
2021/11/13, 76, , 21, 23, 
2021/11/15, 53, 12, 20, 19, 
2021/11/16, 37, 9, 22, 13, 
2021/11/17, 24, 8, 21, 10, 
2021/11/18, 27, 9, 18, 12, 
2021/11/19, 23, , , , 
2021/11/22, 30, 10, 19, 17, 
2021/11/23, 18, 18, 25, 18, 
2021/11/24, 32, 9, 26, 17, 1
2021/11/25, 29, 17, 21, 16, 
2021/11/26, 41, , 28, 13, 
2021/11/28, 26, 7, 28, 16, 
2021/11/29, 15, 18, 16, 33, 
2021/11/30, 43, , 28, 20, 
2021/12/2, 18, 9, 21, 17, 1
2021/12/3, 22, , 21, 21, 
2021/12/6, 24, 13, 24, 24, 
2021/12/7, 32, 11, 29, 8, 
2021/12/8, 20, 13, 25, 14, 
2021/12/9, 22, 7, 27, 11, 
2021/12/10, 19, 6, 27, 9, 
2021/12/11, 20, 13, 13, 18, 
2021/12/12, 42, 13, 12, 21, 
2021/12/13, 31, 14, 14, 18, 
2021/12/14, 36, 15, 13, 23, 1
2021/12/15, 38, 18, 17, 20, 12
2021/12/16, 49, 8, 17, 14, 
2021/12/17, 30, , 17, 12, 
2021/12/20, 51, 39, 22, 15, 
2021/12/21, 71, 19, 17, 18, 
2021/12/22, 42, 9, 17, 20, 
2021/12/23, 18, , 23, 14, 
2021/12/27, 101, 20, 18, 14, 
2021/12/28, 36, 7, 14, 17, 
2021/12/29, 25, 30, 11, 11, 
2021/12/30, 40, 18, 7, 17, 
2021/12/31, 52, , 16, 14, 
2022/1/2, 77, 12, 14, 14, 
2021/7/1, 32, 14, 22, 9, 
2021/7/2, 27, 8, 23, 5, 
2021/7/3, 30, 7, 25, 2, 
2021/7/4, 14, 10, 18, 7, 
2021/7/5, 21, 9, 26, 6, 
2021/7/6, 16, 12, 23, 5, 
2021/7/7, 22, 13, 28, 5, 
2021/7/8, 21, 15, 36, 6, 
2021/7/9, 32, 15, 57, 7, 
2021/7/10, 36, 12, 28, 3, 1
2021/7/11, 26, 11, 25, 4, 
2021/7/12, 30, 11, 21, 4, 
2021/7/13, 22, 14, 37, 7, 
2021/7/14, 32, 23, 37, 20, 
2021/7/15, 42, 29, 47, 28, 
2021/7/16, 50, 17, 42, 8, 
2021/7/17, 30, 13, 32, 2, 
2021/7/18, 20, 9, 34, 3, 
2021/7/19, 13, 16, 36, 5, 
2021/7/20, 15, 14, 36, 6, 
2021/7/21, 20, 12, 31, 7, 
2021/7/22, 24, 8, 25, 4, 
2021/7/23, 17, , 27, 3, 
2021/7/26, 15, 9, 32, 4, 9
2021/7/27, 23, 16, 33, 5, 
2021/7/28, 20, 19, 30, 4, 
2021/7/29, 36, 10, 23, 3, 
2021/7/30, 14, , 26, 2, 
2021/8/1, 34, 5, 28, 4, 
2021/8/2, 28, 15, 34, 4, 
2021/8/3, 18, 6, 23, 3, 
2021/8/4, 18, 13, 26, 4, 
2021/8/5, 19, 12, 28, 5, 
2021/8/6, 23, 10, 27, 3, 
2021/8/7, 30, 8, 31, 2, 
2021/8/8, 21, 11, 32, 5, 
2021/8/9, 23, 11, 32, 5, 
2021/8/10, 24, 13, 31, 5, 
2021/8/11, 29, 16, 30, 6, 
2021/8/12, 32, 12, 40, 8, 
2021/8/13, 40, 15, 37, 8, 
2021/8/14, 31, 12, 34, 4, 
2021/8/15, 30, 18, 37, 5, 
2021/8/16, 42, 17, 36, 6, 
2021/8/17, 37, 19, 38, 6, 
2021/8/18, 38, 14, 36, 4, 
2021/8/19, 36, 12, 29, 5, 
2021/8/20, 18, 5, 24, 4, 
2021/8/21, 16, 7, 31, 2, 
2021/8/22, 19, 14, 34, 11, 
2021/8/23, 30, 25, 29, 13, 
2021/8/24, 53, 31, 34, 10, 
2021/8/25, 56, 20, 29, 13, 
2021/8/26, 49, 24, 32, 15, 
2021/8/27, 45, 22, 31, 7, 
2021/8/28, 40, 7, 25, 6, 
2021/8/29, 26, 16, 24, 11, 
2021/8/30, 23, 16, 22, 10, 
2021/8/31, 29, 16, 31, 12, 
2021/9/1, 31, 12, 32, 9, 
2021/9/2, 17, 13, 36, 8, 
2021/9/3, 17, 12, 38, 13, 
2021/9/4, 23, 24, 41, 16, 
2021/9/5, 40, 23, 27, 12, 
2021/9/6, 48, 16, 27, 9, 
2021/9/7, 17, 19, 22, 14, 
2021/9/8, 17, 13, 28, 12, 
2021/9/9, 17, 11, 22, 12, 
2021/9/10, 19, 9, 26, 10, 
2021/9/11, 17, 9, 26, 9, 
2021/9/12, 17, 14, 26, 9, 
2021/9/13, 26, 11, 30, 14, 
2021/9/14, 11, 15, 23, 18, 
2021/9/15, 20, 16, 33, 8, 
2021/9/16, 20, 13, 29, 7, 
2021/9/17, 17, 8, 32, 5, 
2021/9/18, 16, 6, 36, 4, 
2021/9/19, 16, 11, 31, 7, 
2021/9/20, 19, 8, 29, 9, 
2021/9/21, 15, 14, 33, 10, 16
2021/9/22, 19, 7, 37, 11, 
2021/9/23, 19, 15, 32, 19, 
2021/9/24, 29, , 32, 17, 1
2021/9/26, 45, 17, 22, 19, 
2021/9/27, 28, 7, 32, 8, 
2021/9/28, 20, 5, 31, 9, 
2021/9/29, 20, 15, 33, 11, 
2021/9/30, 30, 12, 25, 9, 
2021/4/1, 60, 30, 35, 6, 
2021/4/2, 61, 22, 36, 4, 
2021/4/3, 50, 27, 36, 8, 
2021/4/4, 72, 25, 34, 18, 
2021/4/5, 57, 22, 15, 29, 
2021/4/6, 55, , 34, 21, 
2021/4/10, 30, 6, 35, 4, 
2021/4/11, 14, 18, 20, 18, 
2021/4/12, 36, , 26, 16, 
2021/4/14, 40, 12, 26, 10, 
2021/4/15, 34, 21, 36, 16, 
2021/4/16, 55, , 41, 11, 
2021/4/18, 30, 14, 35, 8, 
2021/4/19, 35, 9, 34, 7, 
2021/4/20, 17, 9, 25, 15, 
2021/4/21, 19, 15, 28, 16, 
2021/4/22, 27, 18, 24, 13, 
2021/4/23, 29, 19, 32, 6, 
2021/4/24, 39, 13, 37, 5, 
2021/4/25, 25, 12, 21, 11, 
2021/4/26, 25, 10, 36, 11, 
2021/4/27, 20, 14, 40, 12, 
2021/4/28, 24, 10, 38, 9, 
2021/4/29, 18, 6, 40, 10, 
2021/4/30, 18, , 37, 6, 
2021/5/2, 16, 10, 40, 8, 
2021/5/3, 17, 12, 41, 6, 
2021/5/4, 31, 8, 31, 4, 
2021/5/5, 15, 7, 28, 5, 
2021/5/6, 15, , 28, 5, 
2021/5/9, 18, 15, 29, 14, 
2021/5/10, 20, 16, 29, 17, 
2021/5/11, 16, 17, 31, 8, 
2021/5/12, 30, 18, 26, 13, 
2021/5/13, 22, 16, 30, 9, 
2021/5/14, 21, 10, 21, 4, 
2021/5/15, 15, 8, 9, 3, 
2021/5/16, 17, 8, 20, 6, 
2021/5/17, 17, 14, 32, 7, 1
2021/5/18, 19, 11, 36, 6, 
2021/5/19, 16, 14, 38, 8, 
2021/5/20, 18, 9, 28, 5, 
2021/5/21, 22, , 34, 5, 
2021/5/23, 15, 13, 36, 6, 
2021/5/24, 17, 19, 36, 6, 
2021/5/25, 33, 24, 35, 8, 
2021/5/26, 55, 16, 37, 8, 
2021/5/27, 39, 18, 38, 8, 
2021/5/28, 37, 17, 34, 5, 
2021/5/29, 50, 15, 38, 4, 
2021/5/30, 54, 22, 37, 15, 
2021/5/31, 48, , 27, 18, 
2021/6/3, 19, 10, 35, 4, 
2021/6/4, 19, , , , 
2021/6/7, 41, , 30, 4, 
2021/6/9, 38, , 28, 4, 
2021/6/13, 37, 19, 41, 16, 
2021/6/14, 38, , 18, 20, 
2021/6/17, 48, 11, 25, 8, 
2021/6/18, 16, 9, 28, 6, 
2021/6/19, 20, 9, 28, 5, 
2021/6/20, 21, 13, 27, 8, 
2021/6/21, 24, , 33, 6, 
2021/6/23, 37, 17, 42, 13, 
2021/6/24, 39, 20, 46, 22, 
2021/6/25, 41, 10, 37, 5, 
2021/6/26, 29, 6, 27, 1, 
2021/6/27, 15, 12, 32, 4, 1
2021/6/28, 15, 11, 31, 4, 
2021/6/29, 30, 11, 30, 4, 
2021/6/30, 30, 14, 30, 9, 
2021/1/4, 49, 21, 15, 19, 
2021/1/5, 60, 16, 17, 13, 
2021/1/6, 49, 10, 17, 13, 
2021/1/7, 41, 6, 22, 9, 
2021/1/8, 16, 8, 30, 7, 
2021/1/9, 30, 4, 22, 6, 
2021/1/10, 19, 8, 25, 18, 
2021/1/11, 23, 18, 13, 29, 
2021/1/12, 54, 38, 21, 30, 
2021/1/13, 86, 16, 28, 10, 
2021/1/14, 49, 15, 29, 13, 
2021/1/15, 39, 18, 19, 16, 
2021/1/16, 59, 28, 17, 20, 
2021/1/17, 80, 29, 12, 30, 1
2021/1/18, 76, 40, 33, 20, 
2021/1/19, 99, 17, 26, 12, 
2021/1/20, 43, 20, 27, 8, 
2021/1/21, 36, , 27, 8, 
2021/1/24, 36, 16, 19, 16, 
2021/1/25, 33, 7, 14, 12, 
2021/1/26, 26, 9, 14, 14, 
2021/1/27, 24, 6, 6, 13, 
2021/1/28, 21, 12, 20, 11, 
2021/1/29, 37, 20, 32, 3, 
2021/1/30, 38, 13, 21, 6, 
2021/1/31, 32, 13, 17, 17, 
2021/2/1, 19, 10, 23, 11, 
2021/2/2, 22, 7, 23, 16, 
2021/2/3, 17, 6, 23, 14, 
2021/2/4, 23, 3, 28, 7, 
2021/2/5, 22, 3, 31, 2, 
2021/2/6, 19, , 31, 4, 
2021/2/7, 26, 23, 32, 14, 
2021/2/8, 39, 15, 33, 10, 
2021/2/9, 15, 11, 27, 15, 
2021/2/10, 12, 12, 25, 8, 
2021/2/11, 10, 11, 24, 17, 
2021/2/12, 10, , , , 
2021/2/15, 29, 34, 29, 14, 
2021/2/16, 59, 22, 31, 16, 
2021/2/17, 48, 55, 27, 11, 
2021/2/18, 82, 63, 28, 7, 
2021/2/19, 105, 27, 32, 7, 
2021/2/20, 74, , 32, 5, 
2021/2/22, 24, 9, 22, 15, 
2021/2/23, 10, 25, 31, 10, 
2021/2/24, 22, 14, 31, 7, 
2021/2/25, 17, 20, 16, 16, 
2021/2/26, 39, 25, 26, 14, 
2021/2/27, 56, 28, 27, 12, 
2021/2/28, 63, 31, 25, 16, 
2021/3/1, 70, 28, 26, 17, 1
2021/3/2, 66, 38, 20, 18, 4
2021/3/3, 84, 50, 27, 15, 
2021/3/4, 94, 11, 24, 8, 
2021/3/5, 43, 34, 31, 9, 
2021/3/6, 76, 27, 35, 3, 
2021/3/7, 63, 15, 34, 5, 
2021/3/8, 38, 19, 36, 9, 
2021/3/9, 46, 14, 31, 11, 5
2021/3/10, 35, 6, 16, 11, 
2021/3/11, 21, 8, 30, 10, 
2021/3/12, 15, , 35, 5, 
2021/3/14, 18, 14, 29, 12, 
2021/3/15, 28, 13, 33, 14, 
2021/3/16, 25, 14, 29, 8, 
2021/3/17, 32, 12, 33, 7, 
2021/3/18, 22, 11, 33, 7, 
2021/3/19, 22, , 37, 4, 
2021/3/21, 19, 17, 35, 16, 
2021/3/22, 36, 17, 36, 11, 
2021/3/23, 37, 14, 33, 9, 
2021/3/24, 23, 15, 31, 12, 
2021/3/25, 21, 10, 32, 7, 
2021/3/26, 18, 12, 33, 8, 
2021/3/27, 20, 24, 36, 7, 
2021/3/28, 46, 32, 22, 10, 
2021/3/29, 57, 46, 28, 13, 
2021/3/30, 65, 44, 36, 12, 
2021/3/31, 66, 42, 31, 13, 
2020/10/1, 30, 10, 29, 8, 
2020/10/2, 19, 20, 29, 12, 
2020/10/3, 37, 11, 29, 8, 
2020/10/4, 21, 12, 26, 10, 
2020/10/5, 25, 5, 17, 9, 
2020/10/6, 11, 13, 25, 14, 
2020/10/7, 22, 17, 23, 17, 
2020/10/8, 48, 10, 24, 9, 
2020/10/9, 34, 20, 36, 6, 
2020/10/10, 47, , 30, 8, 
2020/10/12, 18, 12, 32, 8, 
2020/10/13, 42, 10, 27, 7, 
2020/10/14, 21, 8, 29, 7, 
2020/10/15, 21, 17, 28, 15, 
2020/10/16, 33, , 27, 24, 
2020/10/19, 44, 9, 32, 12, 
2020/10/20, 9, 17, 23, 20, 
2020/10/21, 30, 14, 21, 24, 
2020/10/22, 43, 15, 26, 20, 
2020/10/23, 41, , 31, 17, 
2020/10/25, 36, 14, 25, 20, 
2020/10/26, 33, 23, 21, 23, 
2020/10/27, 48, 10, 25, 17, 
2020/10/28, 19, 13, 21, 22, 
2020/10/29, 46, 20, 13, 25, 
2020/10/30, 52, 15, 16, 19, 
2020/10/31, 45, 16, 12, 17, 
2020/11/1, 36, 11, 32, 13, 
2020/11/2, 20, 17, 33, 7, 
2020/11/3, 30, 11, 23, 9, 
2020/11/4, 22, 10, 23, 12, 1
2020/11/5, 34, 11, 20, 21, 
2020/11/6, 31, , 29, 10, 
2020/11/9, 45, 18, 7, 21, 
2020/11/10, 32, 15, 9, 24, 
2020/11/11, 28, 14, 23, 16, 
2020/11/12, 36, 30, 12, 21, 1
2020/11/13, 138, , 20, 10, 
2020/11/16, 60, 25, 14, 18, 
2020/11/17, 60, 27, 7, 14, 
2020/11/18, 64, 25, 14, 15, 1
2020/11/19, 50, 25, 21, 14, 1
2020/11/20, 60, , , , 
2020/11/23, 59, 32, 28, 22, 
2020/11/24, 80, 6, 22, 17, 
2020/11/25, 20, 8, 22, 12, 
2020/11/26, 20, 11, 18, 15, 
2020/11/27, 23, , 21, 18, 
2020/11/29, 26, 10, 15, 12, 
2020/11/30, 30, 11, 17, 14, 
2020/12/1, 20, 23, 18, 24, 
2020/12/2, 60, 14, 26, 18, 
2020/12/3, 34, 9, 28, 10, 
2020/12/4, 20, 10, 25, 9, 
2020/12/5, 29, 14, 19, 16, 
2020/12/6, 30, 12, 28, 12, 
2020/12/7, 27, , 31, 4, 
2020/12/9, 44, 12, 23, 16, 3
2020/12/10, 24, , 24, 12, 
2020/12/12, 16, 4, 21, 8, 
2020/12/13, 16, 11, 22, 24, 
2020/12/14, 18, 17, 22, 19, 
2020/12/15, 36, 11, 25, 16, 
2020/12/16, 24, 19, 11, 28, 
2020/12/17, 42, 23, 21, 19, 
2020/12/18, 56, , , 3, 
2020/12/21, 58, 20, 9, 19, 
2020/12/22, 52, 30, , 20, 
2020/12/23, 70, 10, , 7, 
2020/12/24, 14, , , 4, 
2020/12/31, 77, 9, , 12, 
2021/1/3, 39, 13, 8, 26, 
2020/7/1, 12, 9, 27, 5, 
2020/7/2, 20, , 32, 5, 1
2020/7/4, 20, 7, 43, 4, 
2020/7/5, 25, 15, 33, 13, 
2020/7/6, 39, 26, 30, 18, 
2020/7/7, 56, 22, 26, 6, 
2020/7/8, 55, , , , 
2020/7/10, 37, 25, 45, 10, 
2020/7/11, 61, 22, 51, 10, 
2020/7/12, 61, 24, 54, 16, 
2020/7/13, 60, 24, 43, 7, 
2020/7/14, 55, 31, 43, 15, 
2020/7/15, 59, 20, 51, 16, 
2020/7/16, 41, 23, 48, 27, 
2020/7/17, 61, 28, 35, 19, 
2020/7/18, 67, 17, 36, 6, 
2020/7/19, 48, 25, 37, 14, 
2020/7/20, 57, 34, 44, 17, 
2020/7/21, 65, 35, 42, 25, 1
2020/7/22, 78, 24, 43, 13, 
2020/7/23, 66, 18, 36, 5, 
2020/7/24, 46, 13, 23, 2, 
2020/7/25, 37, , 24, 2, 
2020/7/27, 25, 4, 26, 3, 
2020/7/28, 10, 20, 29, 13, 
2020/7/29, 42, 20, 32, 18, 
2020/7/30, 61, 17, 32, 10, 
2020/7/31, 33, 8, 22, 3, 
2020/8/1, 10, 14, 26, 2, 
2020/8/2, 32, 9, 21, 3, 
2020/8/3, 16, 8, 34, 5, 4
2020/8/4, 20, 16, 41, 7, 
2020/8/5, 41, 18, 34, 9, 
2020/8/6, 47, 17, 33, 7, 
2020/8/7, 33, 12, 35, 4, 
2020/8/8, 36, 10, 32, 2, 
2020/8/9, 27, 14, 35, 4, 
2020/8/10, 34, 22, 33, 5, 
2020/8/11, 51, 10, 33, 6, 
2020/8/12, 29, 7, 25, 4, 
2020/8/13, 18, 4, 27, 4, 
2020/8/14, 16, 6, 26, 4, 
2020/8/15, 11, 8, 24, 5, 
2020/8/16, 23, 19, 18, 9, 1
2020/8/17, 44, 16, 17, 8, 
2020/8/18, 43, 14, 16, 7, 
2020/8/19, 37, 30, 15, 6, 
2020/8/20, 38, 14, , 6, 
2020/8/21, 37, , , 3, 
2020/8/23, 13, 15, , 10, 
2020/8/24, 39, 11, 25, 7, 
2020/8/25, 22, 4, 19, 4, 
2020/8/26, 15, 4, 21, 3, 
2020/8/27, 10, , , , 
2020/9/9, 58, 43, 38, 36, 
2020/9/10, 84, 30, 36, 37, 
2020/9/11, 68, , , , 
2020/9/14, 39, 11, 17, 13, 
2020/9/15, 23, 12, 16, 13, 
2020/9/16, 30, 11, 21, 13, 
2020/9/17, 34, 14, 26, 12, 
2020/9/18, 34, , 28, 9, 
2020/9/21, 32, 13, 15, 16, 
2020/9/22, 35, , 15, 6, 
2020/9/24, 29, 17, 32, 9, 
2020/9/25, 36, 9, 30, 4, 
2020/9/26, 25, 4, 30, 3, 
2020/9/27, 10, 16, 24, 14, 
2020/9/28, 40, 20, 33, 18, 
2020/9/29, 44, 12, 28, 8, 
2020/9/30, 24, 13, 24, 14, 
2020/4/1, 22, 11, 35, 15, 
2020/4/2, 32, 12, 29, 8, 
2020/4/3, 40, 17, 40, 16, 
2020/4/4, 46, 12, 29, 9, 
2020/4/5, 27, 16, 26, 4, 
2020/4/6, 38, 17, 23, 9, 
2020/4/7, 34, 18, 33, 11, 
2020/4/8, 47, 11, 33, 9, 
2020/4/9, 25, 4, 28, 3, 
2020/4/10, 15, 3, 30, 2, 
2020/4/11, 6, 7, 33, 2, 
2020/4/12, 22, 12, 31, 8, 
2020/4/13, 27, 9, 33, 8, 
2020/4/14, 25, 8, 38, 6, 
2020/4/15, 16, 12, 37, 5, 
2020/4/16, 19, , , , 
2020/4/19, 18, 11, 35, 7, 
2020/4/20, 17, 9, 35, 3, 
2020/4/21, 31, 13, 41, 3, 
2020/4/22, 30, 19, 36, 5, 
2020/4/23, 42, 20, 43, 3, 
2020/4/24, 50, 12, 42, 1, 
2020/4/25, 32, 12, 37, 4, 
2020/4/26, 32, 15, 37, 11, 
2020/4/27, 31, 9, 30, 10, 
2020/4/28, 24, 10, 31, 7, 
2020/4/29, 20, 12, 32, 8, 
2020/4/30, 30, 6, 23, 3, 
2020/5/1, 17, 4, 26, 4, 
2020/5/2, 16, 9, 36, 4, 
2020/5/3, 32, 18, 34, 4, 
2020/5/4, 22, 18, 31, 7, 
2020/5/5, 29, 17, 29, 8, 
2020/5/6, 28, 17, 32, , 
2020/5/7, 44, 19, 31, , 
2020/5/8, 42, 8, 29, , 
2020/5/9, 26, 11, 27, , 
2020/5/10, 24, 15, 32, 9, 1
2020/5/11, 30, 11, 33, 10, 
2020/5/12, 26, 11, 31, 11, 
2020/5/13, 17, 11, 29, 7, 
2020/5/14, 37, 8, 32, 6, 
2020/5/15, 23, 10, 33, 3, 
2020/5/16, 20, 11, 39, 4, 
2020/5/17, 44, 14, 41, 7, 
2020/5/18, 42, 15, 35, 6, 
2020/5/19, 36, 11, 31, 12, 
2020/5/20, 46, 16, 34, 7, 
2020/5/21, 36, 8, 20, 2, 
2020/5/22, 21, 12, 36, 2, 
2020/5/23, 37, 17, 36, 1, 
2020/5/24, 43, 21, 34, 4, 
2020/5/25, 54, 24, 42, 11, 
2020/5/26, 61, 26, 46, 8, 
2020/5/27, 66, 23, 52, 10, 
2020/5/28, 56, 30, 51, 16, 
2020/5/29, 67, 23, 41, 7, 
2020/5/30, 68, 18, 46, 5, 
2020/5/31, 54, 23, 31, 12, 
2020/6/1, 56, 19, 26, 12, 
2020/6/2, 38, 17, 24, 12, 
2020/6/3, 43, 10, 33, 7, 
2020/6/4, 32, 18, 35, 5, 
2020/6/5, 39, 8, 33, 5, 
2020/6/6, 39, 6, 33, 2, 1
2020/6/7, 15, 15, 32, 4, 
2020/6/8, 30, 11, 34, 4, 
2020/6/9, 38, 13, 37, 2, 
2020/6/10, 37, 10, 25, 3, 
2020/6/11, 13, 15, 26, 11, 
2020/6/12, 41, 11, 34, 10, 
2020/6/13, 19, 10, 30, 6, 1
2020/6/14, 34, 7, 26, 9, 
2020/6/15, 22, 6, 20, 8, 
2020/6/16, 19, 4, 27, 5, 
2020/6/17, 15, 7, 24, 4, 
2020/6/18, 9, 8, 30, 4, 1
2020/6/19, 23, 6, 18, 2, 
2020/6/20, 13, 4, 17, 1, 
2020/6/21, 7, 11, 34, 6, 
2020/6/22, 22, 21, 34, 7, 
2020/6/23, 54, 14, 30, 5, 
2020/6/24, 47, 12, 30, 4, 
2020/6/25, 32, 5, 26, 8, 
2020/6/26, 10, , , , 
2020/6/30, 48, 5, 15, 3, 
2020/1/2, 91, 34, 9, 23, 
2020/1/3, 89, 22, , 30, 
2020/1/4, 63, 10, , 23, 
2020/1/5, 33, , 2, 17, 
2020/1/7, 75, 23, 15, 30, 
2020/1/8, 57, 18, 15, 18, 
2020/1/9, 43, 22, 20, 17, 
2020/1/10, 45, , 16, 22, 
2020/1/13, 99, 23, 32, 32, 
2020/1/14, 60, 29, 32, 23, 
2020/1/15, 57, 28, 29, 11, 
2020/1/16, 57, 19, 8, 18, 
2020/1/17, 54, 38, 26, 32, 11
2020/1/18, 57, , , 16, 
2020/1/28, 23, 15, , 23, 
2020/1/29, 20, 26, 23, 16, 
2020/1/30, 42, 9, 24, 18, 
2020/1/31, 20, , 19, 16, 
2020/2/3, 36, 45, 5, 22, 
2020/2/4, 74, 13, 10, 30, 
2020/2/5, 53, 33, 13, 27, 
2020/2/6, 61, 41, 12, 23, 
2020/2/7, 62, , 24, 26, 
2020/2/10, 64, 14, 15, 31, 
2020/2/11, 27, 47, 11, 19, 
2020/2/12, 69, 37, 6, 26, 
2020/2/13, 63, 16, 7, 31, 
2020/2/14, 50, , 11, 26, 
2020/2/17, 24, 17, 28, 12, 
2020/2/18, 26, 16, 19, 8, 
2020/2/19, 51, 21, 17, 21, 
2020/2/20, 50, 22, 20, 29, 
2020/2/21, 61, , 25, 25, 
2020/2/24, 82, , 31, 30, 
2020/2/26, 31, 19, 22, 12, 
2020/2/27, 44, 52, 14, 20, 
2020/2/28, 82, , 25, 26, 
2020/3/1, 57, 19, 30, 9, 
2020/3/2, 51, 19, 20, 8, 
2020/3/3, 44, 20, 15, 16, 
2020/3/4, 44, 15, 31, 22, 
2020/3/5, 36, 24, 30, 11, 
2020/3/6, 52, 19, , 11, 
2020/3/7, 37, , , 10, 
2020/3/9, 43, 21, , 10, 
2020/3/10, 54, 24, 23, 19, 
2020/3/11, 55, 18, 34, 27, 
2020/3/12, 53, 18, 31, 11, 
2020/3/13, 41, 25, 29, 7, 
2020/3/14, 47, 12, 34, 9, 
2020/3/15, 40, 15, 32, 4, 
2020/3/16, 34, 10, 29, 4, 
2020/3/17, 32, 31, 30, 8, 
2020/3/18, 61, 39, 32, 7, 
2020/3/19, 64, 13, 28, 9, 
2020/3/20, 24, 7, 30, 9, 
2020/3/21, 17, 9, 30, 12, 
2020/3/22, 27, 31, 26, 7, 
2020/3/23, 73, 8, 29, 5, 
2020/3/24, 21, 17, 33, 7, 
2020/3/25, 39, 21, 39, 7, 
2020/3/26, 46, 20, 43, 4, 
2020/3/27, 39, 11, 35, 5, 
2020/3/28, 28, 10, 43, 4, 
2020/3/29, 36, 18, 27, 7, 
2020/3/30, 48, 6, 30, 8, 
2020/3/31, 15, 8, 27, 8, 
2019/10/1, 35, 19, 22, 12, 
2019/10/2, 43, 17, 15, 12, 
2019/10/3, 34, 16, 17, 13, 
2019/10/4, 31, 18, 25, 7, 
2019/10/5, 35, , 22, 5, 
2019/10/7, 26, 10, 14, 7, 1
2019/10/8, 27, 14, 25, 6, 
2019/10/9, 28, 17, 30, 23, 
2019/10/10, 37, 29, 22, 43, 1
2019/10/11, 64, 34, 27, 15, 
2019/10/12, 71, 29, 24, 7, 
2019/10/13, 54, 16, 27, 17, 
2019/10/14, 29, 21, 22, 30, 
2019/10/15, 52, 19, 23, 26, 
2019/10/16, 52, 17, 26, 16, 
2019/10/17, 41, 17, 34, 22, 
2019/10/18, 36, 16, 32, 13, 
2019/10/21, 37, 12, 22, 14, 
2019/10/22, 32, 12, 25, , 
2019/10/23, 25, 15, 17, 36, 
2019/10/24, 33, 24, 20, 34, 
2019/10/25, 56, 19, 37, 32, 
2019/10/26, 53, , 53, 21, 
2019/10/27, 55, 30, 26, 25, 
2019/10/28, 68, 33, 22, 22, 
2019/10/29, 64, 33, 21, 21, 
2019/10/31, 61, 19, 15, 12, 
2019/11/1, 34, , 18, 15, 
2019/11/2, 61, 24, , 10, 
2019/11/4, 38, 20, , 13, 
2019/11/5, 42, 19, , 22, 
2019/11/6, 41, 18, 12, 14, 
2019/11/7, 43, 13, , 18, 
2019/11/8, 32, 14, 16, 31, 
2019/11/9, 36, 25, 17, 8, 
2019/11/10, 55, 15, 5, 11, 
2019/11/11, 35, 21, 11, 16, 
2019/11/12, 49, 22, 11, 11, 
2019/11/13, 47, 13, 16, , 
2019/11/14, 26, 15, 3, 17, 
2019/11/15, 29, 15, 16, 15, 
2019/11/16, 35, , 18, 16, 
2019/11/17, 39, 12, 11, 18, 
2019/11/18, 32, 17, 7, 35, 1
2019/11/19, 45, 18, 11, 27, 
2019/11/20, 49, , , , 
2019/11/22, 40, , 24, 17, 
2019/11/25, 52, 15, 17, 17, 
2019/11/26, 27, 24, 10, 30, 
2019/11/27, 53, 21, 18, 21, 
2019/11/28, 47, 22, 18, 22, 
2019/11/29, 50, , 17, 19, 
2019/12/2, 21, 9, 16, 16, 
2019/12/3, 18, 18, 9, 23, 
2019/12/4, 55, 14, 14, 20, 1
2019/12/5, 31, 9, 13, 19, 
2019/12/6, 14, 28, 10, 25, 
2019/12/9, 38, 28, , 33, 
2019/12/10, 80, 17, , 23, 
2019/12/11, 70, 22, 23, 28, 
2019/12/12, 54, 9, 24, 21, 
2019/12/13, 23, , 15, 27, 
2019/12/15, 24, 2, 24, 21, 
2019/12/16, 10, , 21, 24, 
2019/12/17, 35, 11, 26, 10, 
2019/12/18, 29, 24, 28, 8, 
2019/12/19, 54, 21, 22, 16, 
2019/12/20, 56, , , 14, 
2019/12/23, 53, 7, , 10, 
2019/12/24, 21, 11, , 14, 
2019/12/25, 44, 21, 14, 21, 
2019/12/26, 49, 13, 9, 20, 
2019/12/27, 48, , , 14, 
2019/7/1, 29, 15, 22, 8, 
2019/7/2, 41, 20, 21, 18, 
2019/7/3, 51, 20, 22, 18, 
2019/7/4, 50, 15, 21, 18, 1
2019/7/5, 37, 19, 29, 14, 
2019/7/6, 46, 15, 23, 8, 
2019/7/7, 41, 14, 25, 12, 
2019/7/8, 38, 17, 29, 9, 
2019/7/9, 50, 17, 33, 15, 
2019/7/10, 51, 20, 38, 22, 
2019/7/11, 53, 24, 23, 10, 
2019/7/12, 55, 30, 28, 17, 1
2019/7/13, 63, , 30, 6, 
2019/7/15, 49, 18, 28, 7, 
2019/7/16, 46, 18, 24, 6, 
2019/7/17, 44, 13, 25, 7, 1
2019/7/18, 33, 9, 19, 7, 
2019/7/19, 24, 8, 15, 4, 
2019/7/20, 17, 10, 26, 4, 
2019/7/21, 19, 15, 24, 14, 
2019/7/22, 46, 16, 22, 8, 
2019/7/23, 49, 12, 15, 12, 
2019/7/24, 40, 12, 16, 11, 
2019/7/25, 37, 14, 19, 6, 9
2019/7/26, 29, 13, 16, 9, 
2019/7/27, 26, 13, 24, 5, 
2019/7/28, 23, 12, 24, 5, 
2019/7/29, 33, 13, 24, 6, 
2019/7/30, 32, 13, 25, 7, 
2019/7/31, 29, 17, 23, 7, 1
2019/8/1, 43, 15, 23, 6, 
2019/8/2, 40, 11, 18, 4, 
2019/8/3, 36, 9, 21, 3, 
2019/8/4, 22, 9, 21, 5, 1
2019/8/5, 24, 8, 14, 5, 
2019/8/6, 21, 9, 11, 10, 
2019/8/7, 29, 13, 9, 8, 
2019/8/8, 41, 14, 18, 13, 
2019/8/9, 28, 17, 25, 7, 
2019/8/10, 33, 15, 25, 5, 
2019/8/11, 31, 9, 27, 5, 
2019/8/12, 19, 12, 28, 6, 
2019/8/13, 29, 12, 27, 6, 
2019/8/14, 27, 8, 25, 4, 
2019/8/15, 21, 9, 18, 5, 
2019/8/16, 25, 7, 18, 3, 
2019/8/17, 23, 8, 17, 4, 
2019/8/18, 22, 11, 27, 5, 
2019/8/19, 32, 16, 29, 6, 
2019/8/20, 36, 14, 31, 13, 
2019/8/21, 40, 17, 46, 23, 
2019/8/22, 49, 22, 40, 24, 1
2019/8/23, 57, 18, 31, 8, 
2019/8/24, 52, 18, 26, 4, 1
2019/8/25, 43, 18, 31, 10, 1
2019/8/26, 44, 18, 26, 7, 1
2019/8/27, 53, 15, 26, 8, 
2019/8/28, 46, 12, 24, 9, 
2019/8/29, 30, 13, 22, 18, 
2019/8/30, 36, 14, 25, 6, 
2019/8/31, 43, 13, 26, 4, 
2019/9/1, 32, 18, 19, 22, 
2019/9/2, 45, 25, 26, 33, 1
2019/9/3, 61, 24, 36, 26, 
2019/9/4, 57, 19, 34, 16, 
2019/9/5, 49, 19, 33, 15, 
2019/9/6, 45, 15, 35, 18, 1
2019/9/7, 37, 23, 29, 28, 
2019/9/8, 58, 25, 22, 13, 
2019/9/9, 58, 22, 22, 6, 
2019/9/10, 42, 19, 27, 12, 
2019/9/11, 38, 14, 32, 15, 
2019/9/12, 39, 17, 28, 19, 1
2019/9/13, 47, 17, 33, 10, 
2019/9/14, 48, 17, 28, 15, 
2019/9/15, 48, , 29, 19, 1
2019/9/17, 60, 19, 22, 22, 1
2019/9/18, 50, 23, 25, 14, 
2019/9/19, 56, 19, 18, 19, 
2019/9/20, 47, 7, 16, 9, 
2019/9/21, 18, 14, 19, 14, 1
2019/9/22, 18, 19, 15, 22, 1
2019/9/23, 42, 20, 12, 18, 
2019/9/24, 45, 18, 18, 11, 
2019/9/25, 43, 16, 20, 9, 
2019/9/26, 38, 16, 18, 10, 
2019/9/27, 37, 14, 17, 10, 
2019/9/28, 35, 13, 19, 8, 
2019/9/29, 36, 20, 11, 16, 
2019/9/30, 39, 16, 17, 11, 
2019/4/1, 57, 18, 28, 23, 1
2019/4/2, 55, 17, 31, 11, 
2019/4/3, 42, 13, 28, 21, 
2019/4/4, 21, 12, 25, 24, 
2019/4/5, 25, 13, 26, 18, 
2019/4/6, 31, 15, 24, 16, 
2019/4/7, 38, 18, 24, 28, 
2019/4/8, 38, 20, 28, 17, 
2019/4/9, 40, 17, 28, 11, 
2019/4/10, 39, 12, 28, 12, 
2019/4/11, 28, 13, 27, 16, 
2019/4/12, 33, 15, 19, 17, 
2019/4/13, 40, 16, 12, 12, 
2019/4/14, 45, 12, 28, 16, 
2019/4/15, 36, 15, 29, 24, 
2019/4/16, 37, 14, 33, 16, 
2019/4/17, 30, 15, 25, 20, 
2019/4/18, 30, 17, 26, 18, 
2019/4/19, 46, 13, 34, 9, 
2019/4/20, 34, 13, 39, 10, 
2019/4/21, 32, 17, 39, 17, 1
2019/4/22, 51, 18, 29, 21, 
2019/4/23, 35, 13, 29, 22, 1
2019/4/24, 27, 21, 26, 16, 
2019/4/25, 42, 24, 30, 13, 
2019/4/26, 50, 18, 30, 10, 
2019/4/27, 36, 14, 29, 14, 
2019/4/28, 39, 11, 31, 16, 1
2019/4/29, 33, 16, 25, 12, 
2019/4/30, 40, 17, 22, 6, 
2019/5/1, 43, 18, 29, 12, 
2019/5/2, 39, 21, 29, 11, 1
2019/5/3, 47, 20, 31, 10, 
2019/5/4, 43, 18, 30, 16, 1
2019/5/5, 42, 20, 29, 14, 1
2019/5/6, 43, 16, 15, 15, 1
2019/5/7, 32, 16, 17, 18, 
2019/5/8, 30, 15, 15, 17, 
2019/5/9, 32, 23, 18, 13, 
2019/5/10, 35, 14, 30, 8, 
2019/5/11, 17, 12, 34, 12, 
2019/5/12, 28, 11, 38, 14, 
2019/5/13, 22, 17, 33, 26, 1
2019/5/14, 42, 21, 36, 17, 1
2019/5/15, 52, 23, 28, 7, 
2019/5/16, 48, 16, 26, 8, 
2019/5/17, 29, 13, 27, 8, 
2019/5/18, 26, 11, 22, 9, 
2019/5/19, 24, 9, 19, 8, 
2019/5/20, 15, 9, 21, 9, 
2019/5/21, 33, 10, 24, 8, 
2019/5/22, 26, 11, 21, 6, 
2019/5/23, 28, 11, 26, 6, 
2019/5/24, 20, 15, 30, 6, 
2019/5/25, 28, 14, 29, 6, 
2019/5/26, 31, 14, 22, 4, 
2019/5/27, 35, 16, 29, 8, 1
2019/5/28, 22, 16, 30, 9, 
2019/5/29, 36, 14, 28, 13, 
2019/5/30, 31, 17, 36, 21, 1
2019/5/31, 34, 22, 41, 25, 2
2019/6/1, 48, 17, 35, 11, 1
2019/6/2, 40, 13, 18, 8, 
2019/6/3, 41, 12, 24, 9, 
2019/6/4, 31, 14, 26, 8, 
2019/6/5, 28, 14, 23, 14, 
2019/6/6, 33, 16, 26, 13, 
2019/6/7, 38, 12, 29, 6, 
2019/6/8, 30, 10, 25, 7, 
2019/6/9, 27, 8, 27, 5, 1
2019/6/10, 27, 7, 28, 8, 
2019/6/11, 25, 11, 28, 8, 
2019/6/12, 25, 12, 30, 6, 
2019/6/13, 27, 11, 21, 16, 
2019/6/14, 28, 14, 25, 13, 1
2019/6/15, 37, 12, 28, 5, 
2019/6/16, 33, 10, 25, 18, 1
2019/6/17, 30, 14, 18, 11, 
2019/6/18, 34, 25, 19, 14, 1
2019/6/19, 48, 15, 26, 6, 
2019/6/20, 40, 13, 23, 8, 
2019/6/21, 33, 16, 20, 14, 
2019/6/22, 44, 15, 14, 11, 
2019/6/23, 39, 11, 16, 19, 
2019/6/24, 29, 12, 16, 16, 
2019/6/25, 38, 13, 16, 15, 5
2019/6/26, 41, 13, 17, 19, 
2019/6/27, 37, 10, 24, 10, 
2019/6/28, 29, 11, 26, 6, 
2019/6/29, 24, 13, 23, 4, 
2019/6/30, 24, 14, 23, 6, 
2019/1/1, 61, 20, 15, 14, 1
2019/1/2, 58, 23, 9, 15, 
2019/1/3, 67, 31, 11, 17, 
2019/1/4, 84, 29, 14, 21, 1
2019/1/5, 81, 33, 9, 25, 2
2019/1/6, 86, 36, 12, 31, 1
2019/1/7, 92, 39, 7, 32, 2
2019/1/8, 91, 49, 7, 32, 1
2019/1/9, 113, 39, 16, 24, 
2019/1/10, 90, 17, 19, 19, 
2019/1/11, 49, 17, 15, 22, 
2019/1/12, 50, 26, 14, 26, 
2019/1/13, 67, 32, 14, 39, 
2019/1/14, 80, 41, 7, 35, 
2019/1/15, 98, 52, 1, 34, 
2019/1/16, 128, 33, 22, 18, 
2019/1/17, 92, 17, 19, 20, 
2019/1/18, 51, 16, 22, 17, 
2019/1/19, 44, 16, 27, 5, 
2019/1/20, 43, 14, 21, 11, 
2019/1/21, 30, 15, 24, 15, 
2019/1/22, 29, 13, 27, 9, 
2019/1/23, 26, 17, 22, 11, 
2019/1/24, 32, 15, 14, 12, 
2019/1/25, 32, , , , 
2019/2/5, 84, 42, 8, 34, 
2019/2/6, 104, 34, 20, 20, 
2019/2/7, 78, 21, 19, 27, 
2019/2/8, 50, 23, 20, 25, 
2019/2/9, 53, 19, 23, 13, 
2019/2/10, 45, 16, 23, 18, 
2019/2/11, 35, 17, 15, 25, 
2019/2/12, 43, 22, 16, 27, 
2019/2/13, 58, 34, 21, 23, 
2019/2/14, 73, 25, 21, 18, 
2019/2/15, 61, 24, 20, 21, 
2019/2/16, 60, 35, 18, 23, 
2019/2/17, 75, 30, 28, 11, 
2019/2/18, 64, 17, 20, 17, 
2019/2/19, 35, 24, 15, 30, 
2019/2/20, 53, 45, 18, 29, 1
2019/2/21, 84, 51, 18, 23, 1
2019/2/22, 90, 51, 18, 28, 
2019/2/23, 93, 56, 22, 27, 
2019/2/24, 105, 46, 20, 28, 
2019/2/25, 87, 35, 19, 26, 
2019/2/26, 72, 30, 27, 22, 
2019/2/27, 60, 24, 26, 13, 
2019/2/28, 45, 15, 27, 9, 
2019/3/1, 27, 12, 23, 6, 
2019/3/2, 24, 14, 20, 14, 
2019/3/3, 35, 17, 20, 17, 
2019/3/4, 32, 21, 28, 9, 
2019/3/5, 38, 14, 27, 11, 
2019/3/6, 22, 19, 20, 23, 
2019/3/7, 41, 16, 25, 12, 
2019/3/8, 41, 14, 22, 13, 
2019/3/9, 38, 11, 17, 6, 
2019/3/10, 35, 10, 22, 12, 
2019/3/11, 26, 17, 25, 17, 
2019/3/12, 47, 13, 29, 8, 10
2019/3/13, 33, 14, 26, 15, 
2019/3/14, 35, 18, 22, 32, 
2019/3/15, 51, 32, 30, 33, 
2019/3/16, 75, 26, 27, 8, 
2019/3/17, 65, 16, 29, 10, 
2019/3/18, 37, 16, 29, 19, 
2019/3/19, 37, 15, 29, 14, 
2019/3/20, 35, 13, 26, 21, 
2019/3/21, 32, 17, 31, 24, 
2019/3/22, 44, 17, 29, 14, 
2019/3/23, 45, 18, 29, 12, 
2019/3/24, 50, 20, 27, 23, 
2019/3/25, 51, 17, 28, 15, 
2019/3/26, 37, 19, 29, 17, 
2019/3/27, 46, 22, 31, 23, 
2019/3/28, 52, 21, 30, 25, 
2019/3/29, 50, 22, 29, 23, 
2019/3/30, 54, 22, 31, 21, 1
2019/3/31, 53, 19, 24, 21, 1
2018/10/1, 61, 21, 30, 32, 
2018/10/2, 50, 24, 25, 36, 
2018/10/3, 53, 28, 20, 48, 1
2018/10/4, 60, 31, 35, 34, 
2018/10/5, 68, 24, 29, 23, 1
2018/10/6, 60, 20, 30, 8, 
2018/10/7, 47, 15, 28, 23, 
2018/10/8, 35, 19, 24, 27, 
2018/10/9, 39, 25, 30, 26, 
2018/10/10, 54, 23, 27, 18, 1
2018/10/11, 50, 23, 20, 22, 
2018/10/12, 48, 20, 23, 17, 
2018/10/13, 46, 22, 29, 7, 
2018/10/14, 46, 19, 22, 20, 1
2018/10/15, 38, 18, 18, 15, 
2018/10/16, 46, 13, 21, 14, 
2018/10/17, 42, 13, 23, 14, 
2018/10/18, 34, 18, 20, 18, 1
2018/10/19, 47, 16, 21, 16, 
2018/10/20, 51, 13, 20, 16, 2
2018/10/21, 43, 19, 22, 26, 2
2018/10/22, 52, 28, 16, 27, 
2018/10/23, 67, 31, 21, 25, 
2018/10/24, 72, 32, 15, 35, 
2018/10/25, 72, 35, 17, 27, 
2018/10/26, 78, 25, 27, 7, 
2018/10/27, 60, 14, 27, 6, 
2018/10/28, 30, 12, 25, 16, 
2018/10/29, 30, 13, 24, 19, 
2018/10/30, 26, 15, 11, 25, 
2018/10/31, 34, 11, 22, 18, 
2018/11/1, 36, 18, 18, 16, 
2018/11/2, 41, 10, 21, 7, 
2018/11/3, 26, 9, 21, 16, 1
2018/11/4, 22, 11, 25, 19, 
2018/11/5, 17, 18, 20, 25, 6
2018/11/6, 38, 18, 23, 24, 4
2018/11/7, 38, 25, 16, 31, 
2018/11/8, 57, 22, 18, 28, 
2018/11/9, 54, 23, 26, 15, 1
2018/11/10, 49, 16, 20, 23, 1
2018/11/11, 48, 15, 16, 26, 1
2018/11/12, 53, 16, 17, 20, 
2018/11/13, 50, 20, 10, 23, 
2018/11/14, 55, 27, 12, 21, 1
2018/11/15, 60, 35, 13, 27, 2
2018/11/16, 72, 37, 15, 17, 
2018/11/17, 78, 26, 22, 18, 
2018/11/18, 58, 19, 12, 27, 
2018/11/19, 47, 26, 16, 30, 
2018/11/20, 56, 22, 17, 29, 
2018/11/21, 52, 18, 11, 37, 1
2018/11/22, 38, 29, 12, 38, 1
2018/11/23, 72, 24, 22, 21, 
2018/11/24, 61, 21, 23, 14, 
2018/11/25, 45, 22, 26, 17, 1
2018/11/26, 53, 35, 5, 38, 
2018/11/27, 73, 42, 6, 33, 
2018/11/28, 89, 32, 13, 30, 
2018/11/29, 74, 26, 14, 28, 1
2018/11/30, 62, 38, 9, 37, 3
2018/12/1, 80, 38, 5, 28, 1
2018/12/2, 82, 33, 12, 25, 
2018/12/3, 80, 20, 10, 24, 1
2018/12/4, 61, 40, 3, 34, 1
2018/12/5, 93, 33, 10, 27, 
2018/12/6, 80, 20, 18, 18, 
2018/12/7, 54, 16, 21, 18, 
2018/12/8, 40, 23, 13, 25, 
2018/12/9, 54, 27, 10, 19, 7
2018/12/10, 66, 22, 3, 27, 
2018/12/11, 60, 39, 15, 26, 3
2018/12/12, 89, 28, 28, 10, 
2018/12/13, 58, 31, 17, 31, 
2018/12/14, 61, 31, 24, 21, 
2018/12/15, 60, 24, 25, 24, 1
2018/12/16, 56, 31, 12, 68, 2
2018/12/17, 68, 24, 16, 20, 1
2018/12/18, 58, 30, 10, 28, 
2018/12/19, 68, 32, 9, 33, 2
2018/12/20, 67, 30, 10, 30, 3
2018/12/21, 71, 28, 10, 15, 
2018/12/22, 68, 11, 10, 8, 
2018/12/23, 42, 12, 7, 10, 
2018/12/24, 47, 16, 9, 11, 
2018/12/25, 52, 22, 4, 16, 1
2018/12/26, 65, 45, 3, 21, 1
2018/12/27, 104, 36, 19, 19, 
2018/12/28, 83, 20, 16, 13, 1
2018/12/29, 59, 13, 18, 7, 1
2018/12/30, 45, , , , 
2018/7/1, 50, 22, 35, 23, 
2018/7/2, 53, 21, 34, 17, 
2018/7/3, 49, 16, 53, 15, 
2018/7/4, 39, 12, 27, 13, 
2018/7/5, 39, 10, 26, 10, 1
2018/7/6, 31, 9, 22, 7, 
2018/7/7, 27, 11, 31, 8, 
2018/7/8, 35, 24, 29, 14, 
2018/7/9, 64, 28, 29, 15, 
2018/7/10, 70, 23, 34, 14, 
2018/7/11, 60, 23, 28, 10, 
2018/7/12, 59, 24, 20, 28, 
2018/7/13, 59, 25, 25, 17, 2
2018/7/14, 58, 22, 28, 12, 1
2018/7/15, 53, 18, 26, 10, 
2018/7/16, 50, 15, 22, 10, 
2018/7/17, 43, 17, 22, 10, 
2018/7/18, 35, 16, 22, 11, 
2018/7/19, 32, 15, 26, 8, 
2018/7/20, 43, 18, 25, 6, 
2018/7/21, 43, 13, 23, 5, 
2018/7/22, 30, 14, 20, 10, 
2018/7/23, 33, 15, 22, 13, 
2018/7/24, 39, 15, 22, 12, 
2018/7/25, 41, 13, 23, 11, 
2018/7/26, 35, 10, 20, 12, 
2018/7/27, 26, 11, 20, 10, 
2018/7/28, 27, 13, 25, , 
2018/7/29, 26, 13, 15, 9, 1
2018/7/30, 36, 12, 21, 7, 
2018/7/31, 24, 13, 36, 14, 1
2018/8/1, 31, 22, 49, 31, 
2018/8/2, 58, 37, 43, 53, 
2018/8/3, 76, 41, 54, 35, 
2018/8/4, 76, 61, 42, 25, 1
2018/8/5, 113, 49, 34, 12, 
2018/8/6, 88, 32, 33, 6, 
2018/8/7, 65, 14, 23, 5, 
2018/8/8, 32, 12, 23, 5, 
2018/8/9, 28, 13, 28, 8, 
2018/8/10, 31, 17, 29, 8, 
2018/8/11, 41, 12, 17, 7, 
2018/8/12, 35, 9, 25, 6, 
2018/8/13, 29, 11, 25, 8, 
2018/8/14, 25, 19, 28, 11, 
2018/8/15, 45, 24, 28, 8, 1
2018/8/16, 56, 22, 28, 8, 
2018/8/17, 48, 22, 44, 19, 
2018/8/18, 52, 19, 43, 21, 
2018/8/19, 49, 18, 36, 24, 1
2018/8/20, 46, 28, 29, 41, 
2018/8/21, 65, 29, 26, 35, 
2018/8/22, 67, 26, 36, 17, 1
2018/8/23, 64, 25, 40, 13, 
2018/8/24, 65, 20, 33, 5, 
2018/8/25, 51, 20, 36, 5, 
2018/8/26, 50, 17, 22, 23, 
2018/8/27, 49, 25, 19, 8, 1
2018/8/28, 56, 14, 28, 6, 
2018/8/29, 39, 16, 34, 9, 1
2018/8/30, 41, 19, 40, 24, 1
2018/8/31, 52, 23, 40, 19, 
2018/9/1, 59, 37, 33, 19, 
2018/9/2, 75, 35, 28, 16, 
2018/9/3, 71, 31, 26, 17, 
2018/9/4, 62, 38, 37, 15, 
2018/9/5, 70, 29, 38, 19, 
2018/9/6, 65, 40, 32, 32, 2
2018/9/7, 86, 38, 33, 18, 
2018/9/8, 86, 32, 35, 17, 
2018/9/9, 70, 22, 42, 17, 
2018/9/10, 61, 19, 40, 23, 
2018/9/11, 53, 23, 36, 31, 
2018/9/12, 56, 22, 28, 28, 1
2018/9/13, 55, 22, 28, 27, 
2018/9/14, 57, 28, 34, 23, 
2018/9/15, 66, 25, 37, 23, 1
2018/9/16, 62, 23, 19, 35, 
2018/9/17, 61, 19, 17, 12, 
2018/9/18, 47, 16, 22, 17, 1
2018/9/19, 37, 16, 21, 13, 
2018/9/20, 37, 13, 18, 12, 
2018/9/21, 28, 15, 25, 16, 
2018/9/22, 38, 19, 39, 11, 
2018/9/23, 48, 20, 33, 31, 1
2018/9/24, 44, 26, 30, 46, 
2018/9/25, 59, 37, 23, 37, 1
2018/9/26, 72, 30, 37, 23, 1
2018/9/27, 62, 24, 33, 26, 
2018/9/28, 53, 24, 32, 33, 
2018/9/29, 53, 24, 30, 20, 
2018/9/30, 53, 26, 31, 22, 9
2018/4/1, 48, 22, 34, 14, 1
2018/4/2, 47, 23, 31, 11, 
2018/4/3, 43, 32, 32, 20, 
2018/4/4, 57, 30, 24, 30, 
2018/4/5, 63, 24, 22, 24, 
2018/4/6, 53, 16, 27, 25, 
2018/4/7, 44, 14, 35, 13, 
2018/4/8, 40, 14, 32, 24, 
2018/4/9, 36, 14, 39, 16, 2
2018/4/10, 31, 14, 39, 11, 1
2018/4/11, 30, 16, 31, 25, 
2018/4/12, 36, 18, 32, 18, 1
2018/4/13, 40, 15, 31, 14, 
2018/4/14, 36, 17, 31, 8, 
2018/4/15, 34, 24, 24, 26, 1
2018/4/16, 49, 25, 23, 26, 
2018/4/17, 56, 27, 24, 30, 
2018/4/18, 66, 24, 39, 27, 1
2018/4/19, 68, 26, 23, 25, 
2018/4/20, 69, 28, 24, 25, 
2018/4/21, 74, 21, 26, 13, 
2018/4/22, 63, 28, 29, 19, 
2018/4/23, 74, 34, 34, 12, 
2018/4/24, 84, 27, 35, 6, 
2018/4/25, 71, 20, 33, 10, 
2018/4/26, 55, 18, 32, 11, 
2018/4/27, 46, 13, 33, 15, 
2018/4/28, 35, 13, 35, 15, 
2018/4/29, 34, 14, 33, 20, 
2018/4/30, 39, 12, 38, 10, 
2018/5/1, 35, 13, 23, 22, 1
2018/5/2, 35, 14, 33, 11, 
2018/5/3, 41, 17, 37, 14, 
2018/5/4, 46, 20, 36, 27, 
2018/5/5, 55, 22, 40, 29, 
2018/5/6, 62, 22, 37, 25, 1
2018/5/7, 62, 29, 43, 12, 
2018/5/8, 74, 21, 34, 8, 
2018/5/9, 56, 18, 36, 10, 
2018/5/10, 39, 21, 40, 16, 
2018/5/11, 48, 21, 38, 7, 1
2018/5/12, 47, 14, 37, 6, 1
2018/5/13, 38, 16, 38, 7, 
2018/5/14, 38, 14, 41, 11, 
2018/5/15, 37, 15, 44, 16, 
2018/5/16, 46, 19, 45, 20, 1
2018/5/17, 56, 26, 38, 20, 1
2018/5/18, 67, 34, 43, 19, 
2018/5/19, 78, 21, 44, 16, 
2018/5/20, 61, 21, 43, 16, 
2018/5/21, 61, 20, 40, 25, 1
2018/5/22, 58, 20, 32, 19, 1
2018/5/23, 55, 20, 30, 27, 1
2018/5/24, 60, 17, 26, 24, 
2018/5/25, 56, 19, 29, 24, 
2018/5/26, 57, 17, 41, 7, 
2018/5/27, 52, 15, 44, 10, 
2018/5/28, 41, 14, 36, 14, 2
2018/5/29, 35, 11, 37, 12, 
2018/5/30, 31, 10, 26, 11, 
2018/5/31, 27, 10, 32, 10, 
2018/6/1, 24, 12, 35, 5, 
2018/6/2, 27, 11, 35, 7, 
2018/6/3, 27, 10, 35, 12, 
2018/6/4, 25, 10, 33, 11, 
2018/6/5, 22, 12, 36, 13, 
2018/6/6, 22, 11, 33, 15, 1
2018/6/7, 30, 10, 25, 23, 
2018/6/8, 24, 14, 26, 18, 
2018/6/9, 33, 13, 35, 9, 1
2018/6/10, 25, 13, 36, 11, 
2018/6/11, 32, 12, 35, 10, 
2018/6/12, 32, 14, 33, 5, 
2018/6/13, 34, 16, 32, 9, 
2018/6/14, 45, 14, 26, 6, 
2018/6/15, 35, 13, 34, 5, 
2018/6/16, 27, 16, 36, 6, 
2018/6/17, 40, 18, 37, 26, 
2018/6/18, 50, 30, 30, 26, 
2018/6/19, 66, 35, 32, 34, 
2018/6/20, 76, 33, 33, 28, 
2018/6/21, 74, 23, 33, 24, 1
2018/6/22, 58, 31, 28, 34, 1
2018/6/23, 72, 32, 32, 20, 1
2018/6/24, 74, 18, 33, 13, 
2018/6/25, 52, 12, 30, 9, 
2018/6/26, 31, 9, 27, 8, 
2018/6/27, 21, 11, 27, 9, 
2018/6/28, 29, 13, 30, 17, 
2018/6/29, 36, 20, 29, 16, 
2018/6/30, 54, 19, 41, 11, 
2018/1/1, 90, 41, 17, 28, 1
2018/1/2, 83, 26, 14, 23, 
2018/1/3, 48, 14, 13, 27, 
2018/1/4, 37, 15, 29, 23, 1
2018/1/5, 25, , , , 
2018/1/7, 28, 11, 20, 10, 
2018/1/8, 30, , 22, 20, 1
2018/1/11, 58, 35, 4, 30, 
2018/1/12, 63, 17, 26, 18, 1
2018/1/13, 37, 10, 26, 18, 1
2018/1/14, 23, 19, 10, 32, 1
2018/1/15, 59, 40, 4, 36, 
2018/1/16, 76, , , , 
2018/1/19, 39, 20, 24, 16, 
2018/1/20, 71, 7, 24, 8, 1
2018/1/21, 154, 6, 23, 12, 
2018/1/22, 28, 9, 21, 15, 
2018/1/23, 39, 26, 10, 27, 
2018/1/24, 63, 23, 27, 20, 
2018/1/25, 45, 14, 25, 15, 
2018/1/26, 32, 14, 26, 9, 1
2018/1/27, 39, 11, 26, 8, 1
2018/1/28, 27, 9, 24, 9, 1
2018/1/29, 26, 13, 24, 12, 
2018/1/30, 35, 17, 18, 19, 
2018/1/31, 48, 14, 30, 8, 1
2018/2/1, 21, 16, 28, 10, 1
2018/2/2, 30, 17, 24, 15, 
2018/2/3, 40, 9, 30, 7, 
2018/2/4, 17, 11, 25, 10, 
2018/2/5, 26, 15, 25, 11, 
2018/2/6, 45, 12, 30, 15, 33
2018/2/7, 40, 17, 23, 21, 
2018/2/8, 54, 19, 23, 21, 1
2018/2/9, 52, 14, 30, 7, 1
2018/2/10, 32, 11, 27, 13, 1
2018/2/11, 19, 11, 28, 18, 1
2018/2/12, 30, 17, 27, 27, 
2018/2/13, 40, 16, 26, 23, 1
2018/2/14, 32, 18, 28, 24, 1
2018/2/15, 37, 27, 17, 32, 1
2018/2/16, 65, 27, 23, 30, 2
2018/2/17, 68, 17, 30, 23, 1
2018/2/18, 43, 11, 22, 23, 
2018/2/19, 36, 17, 22, 24, 1
2018/2/20, 50, 18, 24, 25, 
2018/2/21, 46, 15, 25, 23, 
2018/2/22, 38, 20, 24, 33, 1
2018/2/23, 54, 24, 29, 28, 1
2018/2/24, 64, 33, 30, 26, 1
2018/2/25, 82, 17, 27, 20, 1
2018/2/26, 44, 20, 28, 18, 
2018/2/27, 46, 19, 30, 15, 
2018/2/28, 43, 16, 28, 21, 
2018/3/1, 47, 21, 29, 17, 
2018/3/2, 42, 26, 36, 14, 
2018/3/3, 49, 14, 28, 21, 1
2018/3/4, 35, 19, 34, 17, 1
2018/3/5, 41, 20, 28, 22, 
2018/3/6, 48, 24, 27, 25, 
2018/3/7, 56, 20, 22, 18, 1
2018/3/8, 50, 23, 24, 13, 
2018/3/9, 52, 24, 33, 24, 
2018/3/10, 53, 26, 22, 16, 
2018/3/11, 55, 30, 27, 43, 
2018/3/12, 60, 18, 28, 30, 1
2018/3/13, 46, 17, 24, 32, 
2018/3/14, 37, 22, 31, 20, 
2018/3/15, 50, 17, 24, 22, 
2018/3/16, 48, 15, 26, 23, 
2018/3/17, 44, 11, 30, 12, 
2018/3/18, 33, 17, 30, 19, 8
2018/3/19, 35, 15, 34, 11, 
2018/3/20, 38, 13, 34, 15, 1
2018/3/21, 38, 15, 34, 16, 1
2018/3/22, 43, , , 13, 
2018/3/24, 30, , 37, 7, 
2018/3/25, 32, 10, 34, 11, 1
2018/3/26, 32, 11, 27, 10, 1
2018/3/27, 23, 13, 25, 11, 1
2018/3/28, 38, 11, 33, 18, 
2018/3/29, 26, 16, 36, 10, 
2018/3/30, 29, 22, 33, 16, 
2018/3/31, 43, 22, 34, 13, 
2017/10/1, 30, 23, 24, 18, 1
2017/10/2, 56, 19, 21, 18, 1
2017/10/3, 55, 22, 18, 21, 1
2017/10/4, 51, 23, 22, 16, 
2017/10/5, 64, 20, 8, 21, 1
2017/10/6, 51, , , , 
2017/10/8, 82, 58, 18, 54, 1
2017/10/9, 120, 61, 19, 58, 2
2017/10/10, 129, 59, 34, 44, 1
2017/10/11, 140, 40, 26, 23, 1
2017/10/12, 82, 40, 10, 32, 
2017/10/13, 81, 49, 14, 35, 
2017/10/14, 87, 51, 35, 24, 1
2017/10/15, 96, 64, 29, 22, 1
2017/10/16, 100, 30, 24, 19, 
2017/10/17, 67, 15, 20, 23, 
2017/10/18, 33, 19, 17, 22, 
2017/10/19, 47, 26, 10, 23, 
2017/10/20, 55, 25, 27, 9, 1
2017/10/21, 58, 18, 29, 8, 
2017/10/22, 29, 26, 24, 30, 
2017/10/23, 53, 22, 22, 33, 1
2017/10/24, 54, 37, 22, 29, 1
2017/10/25, 75, 32, 20, 27, 
2017/10/26, 72, 41, 45, 31, 
2017/10/27, 89, 57, 24, 28, 1
2017/10/28, 123, 20, 29, 20, 
2017/10/29, 52, 21, 26, 23, 2
2017/10/30, 57, 22, 20, 30, 4
2017/10/31, 58, 45, 25, 21, 1
2017/11/1, 95, 24, 22, 23, 
2017/11/2, 53, 15, 23, 23, 
2017/11/3, 28, 12, 28, 12, 
2017/11/4, 30, 13, 31, 6, 
2017/11/5, 29, 13, 23, 19, 1
2017/11/6, 33, 25, 24, 19, 1
2017/11/7, 51, 18, 25, 10, 
2017/11/8, 42, 18, 25, 14, 
2017/11/9, 46, 23, 16, 27, 1
2017/11/10, 60, 26, 19, 20, 
2017/11/11, 57, 14, 27, 7, 1
2017/11/12, 32, 12, 26, 14, 
2017/11/13, 22, 13, 24, 26, 
2017/11/14, 35, 39, 15, 33, 2
2017/11/15, 78, 48, 15, 43, 1
2017/11/16, 93, 46, 10, 46, 1
2017/11/17, 86, 55, 10, 47, 1
2017/11/18, 126, 42, 18, 38, 6
2017/11/19, 100, 36, 14, 43, 2
2017/11/20, 76, 53, 16, 29, 2
2017/11/21, 87, 41, 14, 21, 1
2017/11/22, 71, 32, 22, 15, 2
2017/11/23, 57, 26, 20, 25, 
2017/11/24, 54, 47, 2, 24, 1
2017/11/25, 95, 55, 7, 11, 
2017/11/26, 143, , , , 
2017/11/29, 55, 17, 21, 19, 
2017/11/30, 50, 16, 26, 13, 1
2017/12/1, 49, 12, 22, 20, 
2017/12/2, 45, 28, 22, 23, 
2017/12/3, 75, 16, 18, 18, 
2017/12/4, 49, 18, 16, 26, 2
2017/12/5, 52, 41, 8, 33, 2
2017/12/6, 82, 55, 5, 45, 3
2017/12/7, 129, 72, 7, 33, 1
2017/12/8, 158, 15, 21, 18, 1
2017/12/9, 39, 22, 28, 13, 1
2017/12/10, 45, 16, 28, 14, 
2017/12/11, 43, 33, 20, 26, 
2017/12/12, 68, 30, 11, 32, 1
2017/12/13, 66, 20, 15, 26, 1
2017/12/14, 49, 13, 19, 18, 1
2017/12/15, 25, 14, 23, 12, 
2017/12/16, 39, 16, 19, 22, 1
2017/12/17, 47, 19, 12, 25, 1
2017/12/18, 52, 28, 9, 31, 1
2017/12/19, 76, 20, 12, 28, 1
2017/12/20, 57, 30, 10, 34, 2
2017/12/21, 75, 53, 16, 32, 1
2017/12/22, 119, 28, 13, 21, 1
2017/12/23, 71, 22, 12, 15, 2
2017/12/24, 66, 25, 22, 17, 
2017/12/25, 70, 20, 18, 25, 
2017/12/26, 51, 18, 28, 14, 2
2017/12/27, 41, 14, 26, 12, 
2017/12/28, 24, 24, 18, 25, 1
2017/12/29, 39, 22, 10, 26, 
2017/12/30, 52, , , , 
2017/7/1, 55, 12, 38, 11, 
2017/7/2, 31, 34, 41, 28, 
2017/7/3, 65, 42, 22, 26, 
2017/7/4, 79, 20, 17, 11, 1
2017/7/5, 46, 21, 17, 11, 
2017/7/6, 28, 20, 35, 9, 1
2017/7/7, 50, 17, 35, 5, 
2017/7/8, 45, 13, 28, 3, 
2017/7/9, 33, 14, 42, 6, 26
2017/7/10, 36, 21, 26, 8, 
2017/7/11, 53, 14, 26, 9, 
2017/7/12, 31, 22, 32, 12, 1
2017/7/13, 57, 25, 30, 10, 
2017/7/14, 57, 27, 37, 11, 1
2017/7/15, 61, 29, 41, 14, 
2017/7/16, 71, 40, 27, 17, 
2017/7/17, 77, 30, 27, 10, 
2017/7/18, 58, 22, 21, 8, 
2017/7/19, 38, 25, 24, 6, 
2017/7/20, 53, 19, 21, 5, 
2017/7/21, 41, 21, , , 
2017/7/22, 39, 21, , , 4
2017/7/23, 44, 13, , , 
2017/7/24, 28, 49, 28, 11, 
2017/7/25, 74, 25, 27, 8, 10
2017/7/26, 56, 23, 18, 6, 7
2017/7/27, 46, 12, 18, 7, 
2017/7/28, 29, 12, 16, 4, 
2017/7/29, 26, 7, 25, 3, 
2017/7/30, 19, 18, 23, 7, 
2017/7/31, 39, 18, 25, 7, 
2017/8/1, 48, 21, 28, 7, 1
2017/8/2, 48, 21, 21, 7, 
2017/8/3, 54, 18, 16, 5, 1
2017/8/4, 35, 10, 26, 3, 
2017/8/5, 22, 20, 33, 4, 
2017/8/6, 42, 26, 29, 5, 
2017/8/7, 55, 27, 30, 5, 1
2017/8/8, 53, 25, 32, 4, 
2017/8/9, 49, 31, 38, 10, 1
2017/8/10, 64, 32, 40, 21, 1
2017/8/11, 71, 30, 53, 19, 1
2017/8/12, 77, 21, 47, 12, 2
2017/8/13, 55, 19, 25, 7, 1
2017/8/14, 43, 10, 25, 4, 
2017/8/15, 27, 12, 24, 6, 1
2017/8/16, 26, 18, 16, 5, 
2017/8/17, 49, 35, 21, 5, 1
2017/8/18, 80, 13, 36, 6, 1
2017/8/19, 35, 25, 44, 19, 1
2017/8/20, 55, 45, 34, 22, 1
2017/8/21, 83, 36, 26, 22, 
2017/8/22, 75, 39, 24, 9, 1
2017/8/23, 85, 19, 26, 8, 
2017/8/24, 45, 20, 25, 12, 
2017/8/25, 44, 12, 20, 12, 1
2017/8/26, 34, 18, 23, 8, 
2017/8/27, 36, 19, 19, 16, 
2017/8/28, 42, 23, 48, 14, 
2017/8/29, 61, 17, 31, 12, 
2017/8/30, 58, 13, 30, 8, 
2017/8/31, 42, 24, 35, 10, 1
2017/9/1, 57, 23, 46, 14, 
2017/9/2, 60, 14, 36, 7, 1
2017/9/3, 48, 17, 24, 7, 1
2017/9/4, 34, 7, 24, 7, 
2017/9/5, 34, , , , 
2017/9/10, 43, 25, 20, 7, 1
2017/9/11, 58, 29, 21, 7, 
2017/9/12, 56, 22, 19, 9, 
2017/9/13, 51, 28, 26, 6, 
2017/9/14, 59, 44, 26, 6, 1
2017/9/15, 93, 25, 28, 6, 
2017/9/16, 58, 9, 29, 5, 1
2017/9/17, 19, 36, 27, 15, 
2017/9/18, 72, 23, 25, 10, 
2017/9/19, 54, 34, 33, 13, 
2017/9/20, 67, 28, 23, 8, 1
2017/9/21, 56, 27, 28, 11, 
2017/9/22, 54, 21, 27, 18, 1
2017/9/23, 57, 16, 23, 19, 1
2017/9/24, 51, 18, 26, 10, 15
2017/9/25, 44, 23, 29, 13, 3
2017/9/26, 53, 22, 22, 18, 4
2017/9/27, 53, 25, 15, 20, 
2017/9/28, 53, 29, 19, 18, 1
2017/9/29, 65, 15, 30, 7, 1
2017/9/30, 42, 13, 29, 8, 1
2017/4/1, 56, 15, 35, 8, 1
2017/4/2, 30, 21, 32, 17, 
2017/4/3, 55, 45, 33, 17, 1
2017/4/4, 81, 39, 30, 22, 
2017/4/5, 79, 37, 31, 16, 1
2017/4/6, 78, 38, 32, 26, 1
2017/4/7, 79, 39, 42, 28, 
2017/4/8, 76, 36, 34, 24, 
2017/4/9, 76, 37, 31, 20, 1
2017/4/10, 75, 45, 33, 28, 1
2017/4/11, 82, 53, 28, 38, 1
2017/4/12, 106, 45, 28, 20, 1
2017/4/13, 97, 14, , 7, 1
2017/4/14, 41, 14, , 5, 
2017/4/15, 32, 15, 31, 9, 
2017/4/16, 35, 34, 26, 22, 
2017/4/17, 66, 67, 25, 20, 
2017/4/18, 131, 52, 33, 20, 1
2017/4/19, 98, 56, 30, 19, 
2017/4/20, 109, 53, 30, 18, 
2017/4/21, 101, 36, 39, 15, 
2017/4/22, 70, 27, 39, 13, 1
2017/4/23, 56, 47, 40, 20, 
2017/4/24, 94, 26, 37, 6, 1
2017/4/25, 63, 27, 31, 12, 
2017/4/26, 55, 44, 33, 12, 
2017/4/27, 84, 44, 31, 14, 1
2017/4/28, 101, 19, 38, 14, 2
2017/4/29, 43, 27, 34, 6, 1
2017/4/30, 52, 19, 33, 15, 
2017/5/1, 36, 33, 30, 22, 
2017/5/2, 61, 42, 30, 34, 1
2017/5/3, 82, 48, 27, 28, 1
2017/5/4, 83, 13, 30, 19, 
2017/5/5, 21, 20, 27, 16, 
2017/5/6, 39, 20, 33, 17, 
2017/5/7, 43, 29, 28, 28, 
2017/5/8, 61, 36, 20, 21, 
2017/5/9, 163, 21, 26, 15, 
2017/5/11, 49, 21, 27, 21, 
2017/5/12, 52, 23, 25, 20, 1
2017/5/13, 48, 22, 21, 12, 
2017/5/14, 40, 22, 23, 15, 
2017/5/15, 53, 27, 26, 17, 
2017/5/16, 50, 27, 26, 10, 
2017/5/17, 52, 28, 31, 8, 
2017/5/18, 45, 31, 31, 9, 
2017/5/19, 55, 16, 35, 18, 
2017/5/20, 32, 42, 31, 12, 
2017/5/21, 77, 47, 32, 12, 2
2017/5/22, 88, 42, 39, 15, 1
2017/5/23, 84, 57, 42, 22, 
2017/5/24, 104, 56, 32, 24, 1
2017/5/25, 103, 35, 28, 10, 1
2017/5/26, 78, 22, 24, 16, 
2017/5/27, 61, 23, 18, 8, 
2017/5/28, 54, 22, 20, 15, 
2017/5/29, 44, 21, 22, 11, 
2017/5/30, 49, 22, 26, 11, 
2017/5/31, 61, 25, 27, 13, 
2017/6/1, 66, 24, 22, 13, 
2017/6/2, 74, 10, 25, 9, 
2017/6/3, 65, 20, 25, 7, 
2017/6/4, 54, , 25, 10, 
2017/6/5, 50, , 24, 11, 
2017/6/6, 54, 51, 29, 22, 1
2017/6/7, 61, 49, 28, 19, 3
2017/6/8, 93, 42, 22, 11, 1
2017/6/9, 65, 24, 23, 9, 
2017/6/10, 42, 16, 18, 6, 
2017/6/11, 36, 23, 31, 13, 
2017/6/12, 62, , 16, 18, 
2017/6/14, 124, 27, 32, 6, 
2017/6/15, 65, 35, 33, 19, 
2017/6/16, 73, 36, 45, 23, 
2017/6/17, 69, 42, 47, 27, 
2017/6/18, 89, 59, 34, 32, 
2017/6/19, 112, 57, 17, 20, 
2017/6/20, 116, , , , 
2017/6/23, 119, 18, 21, 7, 
2017/6/24, 43, 13, 25, 6, 
2017/6/25, 26, 23, 20, 13, 
2017/6/26, 39, 17, 18, 10, 
2017/6/27, 39, 31, 24, 10, 
2017/6/28, 55, 35, 24, 8, 
2017/6/29, 55, 37, 24, 8, 
2017/6/30, 67, 26, 31, 6, 
2017/1/2, 61, 39, 22, 22, 1
2017/1/3, 74, 47, 5, 21, 
2017/1/4, 80, 19, 3, 21, 
2017/1/5, 46, 17, 7, 20, 
2017/1/6, 64, 20, 9, 22, 
2017/1/7, 58, 36, 11, 23, 1
2017/1/8, 92, 44, 21, 32, 1
2017/1/9, 105, 24, 23, 13, 2
2017/1/10, 61, 21, 24, 24, 1
2017/1/11, 52, 32, 7, 23, 
2017/1/12, 74, 20, 24, 16, 
2017/1/13, 58, 18, 25, 14, 
2017/1/14, 53, 20, 18, 18, 
2017/1/15, 60, 34, 14, 27, 
2017/1/16, 77, 48, 13, 35, 1
2017/1/17, 100, 35, 22, 19, 
2017/1/18, 62, 21, 14, 23, 
2017/1/19, 62, 41, 8, 36, 1
2017/1/20, 95, 39, , 29, 
2017/1/21, 101, 27, 28, 24, 1
2017/1/22, 70, 26, 26, 20, 1
2017/1/23, 63, 35, 18, 37, 
2017/1/24, 75, 54, 8, 40, 1
2017/1/25, 128, 16, 25, 26, 3
2017/1/26, 47, 24, 26, 27, 1
2017/1/27, 48, 25, 18, 34, 1
2017/1/28, 61, 19, 24, 15, 2
2017/1/29, 42, 14, 21, 22, 1
2017/1/30, 33, 20, 22, 24, 
2017/1/31, 53, 21, 23, 24, 
2017/2/1, 49, 27, 24, 27, 1
2017/2/2, 61, 39, 30, 14, 1
2017/2/3, 76, 32, 23, 11, 
2017/2/4, 64, 27, 32, 12, 
2017/2/5, 35, 48, 19, 30, 1
2017/2/6, 85, 29, 25, 17, 1
2017/2/7, 50, 21, 25, 27, 
2017/2/8, 39, 37, 16, 29, 1
2017/2/9, 124, 13, 17, 28, 30
2017/2/13, 60, 20, 25, 28, 
2017/2/14, 40, 20, 17, 18, 7
2017/2/15, 50, 20, 18, 27, 
2017/2/16, 53, 27, 18, 25, 
2017/2/17, 58, 31, 28, 24, 1
2017/2/18, 68, 9, 28, 11, 
2017/2/19, 24, 22, 26, 15, 1
2017/2/20, 61, 24, 25, 19, 1
2017/2/21, 62, 31, 20, 24, 1
2017/2/22, 72, 50, 22, 16, 1
2017/2/23, 88, 21, 24, 11, 1
2017/2/24, 42, 32, 28, 16, 
2017/2/25, 56, 11, 32, 11, 
2017/2/26, 17, 9, 24, 22, 
2017/2/27, 20, 17, 29, 16, 
2017/2/28, 35, 25, 13, 31, 
2017/3/1, 49, 25, 16, 33, 
2017/3/2, 55, 11, 28, 26, 2
2017/3/3, 32, 11, 29, 16, 1
2017/3/4, 28, 11, 22, 16, 
2017/3/5, 30, 23, 24, 17, 
2017/3/6, 46, 19, 21, 19, 
2017/3/7, 40, 17, 17, 30, 2
2017/3/8, 44, 30, 19, 36, 
2017/3/9, 59, 48, 16, 41, 1
2017/3/10, 85, 30, 34, 11, 1
2017/3/11, 63, 23, 33, 4, 
2017/3/12, 44, 37, 32, 10, 
2017/3/13, 73, 28, 25, 17, 
2017/3/14, 60, 34, 28, 21, 
2017/3/15, 70, 30, 26, 21, 
2017/3/16, 66, 35, 27, 22, 
2017/3/17, 72, 33, 38, 27, 
2017/3/18, 73, 35, 30, 23, 1
2017/3/19, 73, 29, 31, 9, 1
2017/3/20, 54, 28, 31, 13, 1
2017/3/21, 58, 23, 30, 16, 
2017/3/22, 47, 11, 32, 18, 
2017/3/23, 29, 11, 24, 27, 
2017/3/24, 27, 12, 30, 19, 
2017/3/25, 42, 10, 29, 19, 1
2017/3/26, 20, 27, 29, 23, 1
2017/3/27, 57, 31, 19, 30, 
2017/3/28, 58, 39, 18, 37, 
2017/3/29, 120, 49, 24, 36, 2
2017/3/31, 88, 22, 34, 12, 
2016/10/1, 42, 11, 28, 7, 
2016/10/2, 19, 18, 24, 19, 
2016/10/3, 46, 18, 22, 16, 1
2016/10/4, 41, 19, 26, 22, 
2016/10/5, 48, 27, 24, 22, 1
2016/10/6, 60, 30, 25, 19, 
2016/10/7, 66, 15, 27, 6, 1
2016/10/8, 43, 18, 29, 6, 1
2016/10/9, 44, 33, 26, 17, 
2016/10/10, 73, 32, 21, 26, 1
2016/10/11, 65, 15, 14, 29, 
2016/10/12, 44, 21, 22, 22, 1
2016/10/13, 45, 30, 30, 24, 
2016/10/14, 62, 24, 21, 21, 
2016/10/15, 52, 22, 17, 22, 
2016/10/16, 57, 31, 15, 30, 1
2016/10/17, 74, 24, 11, 26, 
2016/10/18, 64, 34, 12, 31, 
2016/10/19, 74, 35, 17, 27, 1
2016/10/20, 80, 46, 9, 30, 
2016/10/21, 100, 20, 18, 15, 1
2016/10/22, 56, 13, 23, 11, 
2016/10/23, 32, 14, 19, 20, 1
2016/10/24, 38, 20, 17, 20, 1
2016/10/25, 66, 25, 14, 21, 
2016/10/26, 54, 55, 14, 21, 
2016/10/27, 95, 54, 16, 25, 
2016/10/28, 104, 44, 19, 17, 
2016/10/29, 87, 29, 27, 22, 1
2016/10/30, 66, 31, 17, 34, 
2016/10/31, 79, 33, 22, 23, 1
2016/11/1, 75, 30, 14, 23, 
2016/11/2, 67, 27, 21, 23, 8
2016/11/3, 62, 36, 13, 24, 
2016/11/4, 83, 12, 21, 17, 1
2016/11/5, 38, 12, 25, 17, 
2016/11/6, 31, 12, 23, 17, 
2016/11/7, 39, 25, 21, 24, 
2016/11/8, 58, 18, 22, 20, 3
2016/11/9, 40, 26, 17, 28, 
2016/11/10, 54, 35, 3, 38, 1
2016/11/11, 72, 26, 18, 21, 1
2016/11/12, 66, 26, 17, 14, 
2016/11/13, 33, 13, 20, 14, 
2016/11/14, 39, 14, 21, 14, 
2016/11/15, 48, 15, 16, 29, 
2016/11/16, 50, 44, 12, 32, 1
2016/11/17, 93, 35, 13, 25, 
2016/11/18, 64, 26, 20, 27, 1
2016/11/19, 63, 13, 20, 12, 2
2016/11/20, 88, 20, 22, 30, 
2016/11/23, 15, 19, 16, 32, 1
2016/11/24, 356, 19, 21, 29, 2
2016/11/25, 496, 19, 13, 24, 
2016/11/26, 107, 8, 19, 14, 
2016/11/27, 33, 24, 10, 30, 
2016/11/28, 60, 33, 7, 20, 1
2016/11/29, 86, 18, 15, 24, 1
2016/11/30, 51, 16, 16, 15, 
2016/12/1, 41, 13, 12, 18, 1
2016/12/2, 40, 9, , 16, 2
2016/12/3, 26, 16, 22, 10, 2
2016/12/4, 41, 9, 18, 19, 
2016/12/5, 29, 20, 9, 32, 1
2016/12/6, 59, 35, 4, 23, 
2016/12/7, 89, 21, 13, 16, 1
2016/12/8, 62, 18, 16, 21, 1
2016/12/9, 58, 26, , 22, 
2016/12/10, 64, 25, 12, 22, 
2016/12/11, 66, 35, 4, 32, 1
2016/12/12, 86, 43, 3, 25, 1
2016/12/13, 109, 19, 26, 16, 2
2016/12/14, 53, 30, 14, 36, 
2016/12/15, 74, 10, 54, 15, 6
2016/12/16, 37, 11, 19, 11, 
2016/12/17, 43, 8, 22, 11, 
2016/12/18, 21, 17, 19, 23, 
2016/12/19, 53, 33, 15, 27, 
2016/12/20, 78, 37, 9, 32, 
2016/12/21, 89, 40, 7, 36, 1
2016/12/22, 91, 26, 6, 25, 
2016/12/23, 76, 25, 12, 16, 
2016/12/24, 74, 14, 15, 15, 1
2016/12/25, 53, 16, 9, 24, 
2016/12/26, 53, 29, 6, 26, 1
2016/12/27, 78, 29, 7, 22, 
2016/12/28, 79, 18, 12, 18, 
2016/12/29, 57, 20, 10, 29, 1
2016/12/30, 60, 37, 10, 22, 1
2016/12/31, 91, 29, 8, 12, 
2017/1/1, 84, 23, 18, 15, 2
2016/7/1, 21, 11, 25, 4, 1
2016/7/2, 41, 17, 39, 8, 1
2016/7/3, 50, 30, 20, 19, 
2016/7/4, 131, 44, 23, 26, 1
2016/7/5, 77, 29, 16, 22, 
2016/7/6, 73, 36, 37, 24, 1
2016/7/7, 86, 18, 32, 10, 1
2016/7/8, 56, 9, 38, 6, 1
2016/7/9, 36, 9, 14, 2, 1
2016/7/10, 29, 13, 20, 6, 
2016/7/11, 45, 14, 25, 5, 
2016/7/12, 37, 16, 33, 9, 
2016/7/13, 51, 19, 42, 18, 1
2016/7/14, 55, 23, 39, 22, 2
2016/7/15, 63, 29, , 23, 2
2016/7/16, 73, 10, 40, 14, 1
2016/7/17, 37, 25, 26, 25, 2
2016/7/18, 72, 32, 30, 19, 1
2016/7/19, 70, 17, 29, 9, 
2016/7/20, 51, 11, 19, 7, 
2016/7/21, 35, 10, 20, 7, 2
2016/7/22, 25, 20, 38, 9, 1
2016/7/23, 54, 15, 42, 17, 1
2016/7/24, 47, 24, 34, 30, 1
2016/7/25, 63, 17, 25, 11, 1
2016/7/26, 53, 22, 32, 9, 
2016/7/27, 63, 27, 24, 24, 1
2016/7/28, 61, 44, 25, 35, 1
2016/7/29, 299, 26, 31, 9, 1
2016/7/30, 78, 13, 23, 3, 1
2016/7/31, 30, 13, 29, 7, 
2016/8/1, 30, 20, 33, 10, 
2016/8/2, 41, 16, 19, 5, 
2016/8/3, 48, 9, 13, 4, 
2016/8/4, 28, 11, 28, 7, 1
2016/8/5, 30, 18, 42, 16, 1
2016/8/6, 47, 20, 52, 16, 1
2016/8/7, 59, 34, 40, 11, 
2016/8/8, 106, 50, 50, 18, 1
2016/8/9, 123, 37, 43, 11, 1
2016/8/10, 42, 50, 42, 18, 1
2016/8/11, 611, 52, 42, 24, 1
2016/8/24, 20, 26, 29, 9, 
2016/8/25, 71, 17, 27, 16, 
2016/8/26, 52, 24, 36, 10, 1
2016/8/27, 68, 9, 21, 4, 1
2016/8/28, 26, 27, 31, 7, 15
2016/8/29, 57, 35, 27, 8, 
2016/8/30, 73, 29, 30, 8, 
2016/8/31, 59, 42, 33, 24, 
2016/9/1, 75, 35, 35, 27, 1
2016/9/2, 74, 35, 43, 31, 
2016/9/3, 78, 35, 46, 29, 
2016/9/4, 75, 47, 37, 25, 1
2016/9/5, 102, 58, 28, 49, 1
2016/9/6, 129, 50, 28, 15, 1
2016/9/7, 111, 24, 24, 7, 
2016/9/8, 49, 23, 21, 10, 1
2016/9/9, 56, 14, 21, 5, 
2016/9/10, 33, 7, 19, 5, 
2016/9/11, 12, 29, 13, 20, 
2016/9/12, 66, 16, 21, 9, 
2016/9/13, 35, 21, 20, 9, 
2016/9/14, 48, 18, 19, 12, 1
2016/9/15, 47, , , , 
2016/9/18, 36, 16, 28, 20, 
2016/9/19, 50, 32, 27, 11, 2
2016/9/20, 67, 23, 26, 11, 
2016/9/21, 49, 12, 22, 10, 
2016/9/22, 29, 25, 20, 14, 
2016/9/23, 53, 12, , 12, 
2016/9/24, 32, 10, 24, 7, 
2016/9/25, 30, 28, 24, 9, 
2016/9/26, 57, 12, 26, 13, 1
2016/9/27, 36, 16, 31, 22, 
2016/9/28, 46, 26, 31, 19, 1
2016/9/29, 64, 40, 26, 30, 
2016/9/30, 84, 12, 25, 7, 
2016/4/1, 21, 15, , , 
2016/4/6, 42, , , 8, 
2016/4/7, 53, , , 6, 
2016/4/8, 49, , , , 
2016/4/9, 27, , , , 
2016/5/6, 56, 11, 29, 12, 
2016/5/7, 25, 18, 34, 6, 1
2016/5/8, 41, 18, 34, 17, 
2016/5/9, 49, 13, 31, 17, 
2016/5/10, 30, 14, 31, 24, 
2016/5/11, 34, 15, 32, 21, 
2016/5/12, 43, 12, 26, 11, 1
2016/5/13, 37, 13, 41, 7, 
2016/5/14, 29, 13, 44, 5, 1
2016/5/15, 44, 21, 39, 11, 
2016/5/16, 66, 23, 45, 9, 
2016/5/17, 63, 20, 37, 7, 
2016/5/18, 55, 14, 30, 8, 
2016/5/19, 48, 13, 29, 16, 
2016/5/20, 45, 22, 18, 15, 
2016/5/21, 62, 12, 30, 5, 
2016/5/22, 35, 24, 21, 22, 
2016/5/23, 49, 20, 23, 21, 2
2016/5/24, 47, 24, 22, 21, 1
2016/5/25, 55, 27, 34, 15, 1
2016/5/26, 60, 26, 27, 13, 1
2016/5/27, 59, 15, 27, 13, 
2016/5/28, 35, 20, 25, 13, 
2016/5/29, 54, 15, 34, 10, 
2016/5/30, 35, 11, 30, 10, 
2016/5/31, 31, 17, 34, 19, 
2016/6/1, 49, 16, 37, 20, 
2016/6/2, 41, 21, 35, 10, 
2016/6/3, 56, 13, 26, 11, 
2016/6/4, 39, 14, 19, 8, 
2016/6/5, 44, 18, 24, 14, 
2016/6/6, 51, 14, 22, 17, 
2016/6/7, 45, 20, 26, 19, 2
2016/6/8, 47, 12, 20, 7, 2
2016/6/9, 40, 12, 30, 3, 
2016/6/10, 58, 43, 26, 3, 
2016/6/11, 24, 5, 27, 3, 1
2016/6/12, 18, 7, 18, 3, 
2016/6/13, 17, 15, 21, 8, 
2016/6/14, 44, 14, 20, 8, 1
2016/6/15, 34, 17, 21, 5, 
2016/6/16, 40, 15, 27, 9, 
2016/6/17, 36, , , , 
2016/6/19, 38, 14, 26, 11, 1
2016/6/20, 46, 19, 39, 19, 1
2016/6/21, 55, 20, 25, 14, 
2016/6/22, 62, 16, 13, 9, 1
2016/6/23, 52, 10, 21, 6, 
2016/6/24, 29, 17, 26, 3, 
2016/6/25, 46, 22, 32, 4, 
2016/6/26, 55, 22, 38, 18, 
2016/6/27, 59, 23, 27, 9, 1
2016/6/28, 60, 18, 22, 6, 
2016/6/29, 51, 17, 20, 6, 
2016/6/30, 51, 9, 27, 5, 
2016/1/4, 47, 12, 28, 15, 
2016/1/5, 35, 20, 16, 31, 1
2016/1/6, 56, 12, 24, 18, 1
2016/1/7, 36, 9, 26, 16, 1
2016/1/8, 30, 16, 23, 20, 1
2016/1/9, 37, 19, 30, 6, 1
2016/1/10, 50, 24, 27, 21, 
2016/1/11, 57, 36, 14, 36, 
2016/1/12, 76, 28, 10, 28, 1
2016/1/13, 73, 24, 21, 20, 3
2016/1/14, 55, 15, 26, 16, 1
2016/1/15, 43, 10, 17, 14, 
2016/1/16, 38, 11, 14, 17, 1
2016/1/17, 30, 38, 23, 27, 1
2016/1/18, 90, 23, 18, 27, 1
2016/1/19, 62, 22, 17, 31, 
2016/1/20, 56, 18, 46, 22, 2
2016/1/21, 42, 17, 1, 21, 2
2016/1/22, 49, 12, 8, 18, 1
2016/1/23, 46, 22, 22, 12, 1
2016/1/24, 58, 24, 24, 23, 2
2016/1/25, 55, 25, 23, 28, 
2016/1/26, 58, 31, 15, 31, 1
2016/1/27, 72, 17, 22, 20, 1
2016/1/28, 48, 16, 24, 15, 
2016/1/29, 44, 18, 27, 16, 
2016/1/30, 42, 9, 27, 12, 1
2016/1/31, 27, 15, 24, 19, 
2016/2/1, 34, 20, 25, 10, 1
2016/2/2, 54, 12, 26, 14, 
2016/2/3, 34, 11, 21, 12, 
2016/2/4, 43, 13, 17, 26, 1
2016/2/5, 43, 42, 24, 24, 2
2016/2/6, 95, 22, 29, 13, 
2016/2/7, 57, 25, 21, 26, 1
2016/2/8, 62, 10, 22, 18, 1
2016/2/9, 32, 17, 20, 25, 1
2016/2/10, 56, 8, 20, 19, 1
2016/2/11, 22, 12, 18, 22, 2
2016/2/12, 42, 14, 18, 15, 1
2016/2/13, 38, 19, 34, 5, 
2016/2/14, 56, 17, 32, 9, 1
2016/2/15, 52, 12, 26, 16, 
2016/2/16, 42, 29, 24, 33, 2
2016/2/17, 69, 15, 26, 17, 
2016/2/18, 41, 24, 24, 18, 
2016/2/19, 63, 20, 27, 15, 
2016/2/20, 55, 17, 23, 16, 1
2016/2/21, 55, 67, 25, 24, 1
2016/2/22, 134, 38, 25, 25, 
2016/2/23, 70, 29, 16, 27, 1
2016/2/24, 64, 28, 31, 21, 
2016/2/25, 53, 10, 28, 17, 1
2016/2/26, 23, 7, 31, 7, 
2016/2/27, 25, 15, 32, 5, 
2016/2/28, 37, 19, 30, 13, 1
2016/2/29, 53, 28, 29, 16, 1
2016/3/1, 61, 9, 23, 10, 
2016/3/2, 31, 16, 33, 11, 
2016/3/3, 52, 11, 29, 10, 
2016/3/4, 39, , , , 
2016/3/7, 42, , , , 
2016/3/8, 45, , , , 
2016/3/15, 57, 22, 31, 21, 1
2016/3/16, 54, 27, 33, 25, 
2016/3/17, 66, 18, 20, 22, 1
2016/3/18, 47, 17, 23, 23, 
2016/3/19, 36, 10, 24, 18, 
2016/3/20, 29, 11, 25, 23, 
2016/3/21, 33, 13, 31, 10, 1
2016/3/22, 43, 14, 32, 12, 
2016/3/23, 39, 23, 35, 10, 1
2016/3/24, 63, 15, 32, 11, 1
2016/3/25, 47, 13, 25, 12, 1
2016/3/26, 36, 20, 26, 14, 
2016/3/27, 61, 26, 25, 17, 1
2016/3/28, 54, 21, 26, 22, 
2016/3/29, 43, 20, 29, 19, 
2016/3/30, 53, 10, 31, 11, 1
2016/3/31, 34, 15, 27, 6, 
2015/10/1, 68, 21, 29, 21, 1
2015/10/2, 57, 21, 30, 19, 1
2015/10/3, 58, 30, 26, 6, 3
2015/10/4, 63, 38, 25, 11, 
2015/10/5, 73, 29, 21, 19, 
2015/10/6, 56, 15, 41, 14, 2
2015/10/7, 36, 12, 29, 12, 1
2015/10/8, 25, 26, 19, 27, 1
2015/10/9, 55, 13, 23, 14, 1
2015/10/10, 29, 8, 22, 9, 1
2015/10/11, 22, 17, 24, 20, 
2015/10/12, 46, 15, 18, 14, 1
2015/10/13, 35, 16, 21, 23, 
2015/10/14, 52, 25, 17, 33, 1
2015/10/15, 66, 40, 16, 40, 1
2015/10/16, 79, 22, 25, 13, 4
2015/10/17, 54, 18, 23, 16, 1
2015/10/18, 32, 10, 19, 13, 1
2015/10/19, 29, 10, 20, 13, 1
2015/10/20, 38, 13, 22, 21, 
2015/10/21, 39, 20, 21, 31, 1
2015/10/22, 60, 46, 5, 45, 1
2015/10/23, 101, 41, 17, 22, 2
2015/10/24, 97, 16, 14, 19, 2
2015/10/25, 47, 12, 20, 22, 1
2015/10/26, 45, 20, 15, 30, 
2015/10/27, 57, 21, 21, 27, 1
2015/10/28, 63, 17, 24, 20, 2
2015/10/29, 34, 21, 20, 20, 2
2015/10/30, 54, 14, 27, 22, 1
2015/10/31, 35, 12, 21, 16, 1
2015/11/1, 35, 13, 23, 23, 1
2015/11/2, 33, 28, 19, 27, 2
2015/11/3, 58, 13, 25, 23, 2
2015/11/4, 31, 20, 13, 24, 2
2015/11/5, 52, 25, 14, 27, 
2015/11/8, 65, 28, 15, 31, 2
2015/11/9, 68, 27, 14, 31, 
2015/11/10, 70, 36, 11, 33, 
2015/11/11, 83, 43, 11, 35, 2
2015/11/12, 99, 38, 14, 28, 1
2015/11/13, 99, 35, 17, 26, 1
2015/11/14, 83, 29, 17, 23, 1
2015/11/15, 72, 39, 14, 30, 1
2015/11/16, 89, 29, 10, 31, 
2015/11/17, 68, 27, 8, 21, 1
2015/11/18, 63, 49, 6, 28, 1
2015/11/19, 100, 51, 12, 22, 1
2015/11/20, 109, 35, 27, 8, 3
2015/11/21, 67, 9, 26, 10, 1
2015/11/22, 24, 10, 21, 19, 
2015/11/23, 28, 28, 18, 29, 2
2015/11/24, 70, 15, 26, 13, 2
2015/11/25, 37, 36, 28, 13, 
2015/11/26, 49, 16, 18, 12, 1
2015/11/27, 36, , , , 
2015/11/29, 50, 15, 15, 30, 1
2015/11/30, 56, 29, 8, 25, 1
2015/12/1, 65, 53, 6, 33, 3
2015/12/2, 110, 43, 7, 37, 2
2015/12/3, 83, 43, 7, 31, 1
2015/12/4, 100, 48, 8, 34, 2
2015/12/5, 88, 46, 10, 26, 1
2015/12/6, 142, 35, 8, 24, 1
2015/12/7, 92, 27, 9, 19, 1
2015/12/8, 72, 21, 15, 21, 1
2015/12/9, 48, 19, 9, 19, 
2015/12/10, 52, 25, 7, 22, 1
2015/12/11, 63, 27, 12, 22, 
2015/12/12, 60, 24, 21, 14, 2
2015/12/13, 50, 39, 23, 14, 1
2015/12/14, 60, 40, 21, 18, 2
2015/12/15, 91, 44, 7, 33, 2
2015/12/16, 278, 52, 14, 23, 2
2015/12/17, 118, 47, 13, 25, 1
2015/12/18, 95, 30, 23, 21, 3
2015/12/19, 73, 22, 26, 25, 
2015/12/20, 106, 34, 4, 29, 1
2015/12/21, 77, 14, 10, 13, 2
2015/12/22, 50, 18, 10, 18, 1
2015/12/23, 56, 22, 6, 11, 1
2015/12/24, 64, 26, 10, , 
2015/12/27, 61, 32, 27, 20, 3
2015/12/28, 69, 35, 13, 32, 1
2015/12/29, 81, 30, 19, 18, 1
2015/12/30, 58, , , , 
2016/1/2, 62, 19, 24, 14, 2
2016/1/3, 41, 15, 19, 15, 1
2015/7/1, 35, 12, 21, 17, 
2015/7/2, 34, 8, , , 
2015/7/3, 32, , , , 2
2015/7/4, 25, 8, , , 
2015/7/5, 19, 13, 25, 14, 1
2015/7/6, 40, 13, 12, 10, 
2015/7/7, 42, 14, 29, 8, 
2015/7/8, 38, 31, 25, 20, 
2015/7/9, 68, 21, 29, 9, 1
2015/7/10, 53, 10, 25, 4, 1
2015/7/11, 24, 16, 30, 4, 
2015/7/12, 39, 20, 29, 8, 14
2015/7/13, 48, 20, 32, 13, 1
2015/7/14, 57, 21, 24, 11, 
2015/7/15, 57, , 13, 14, 
2015/7/18, 27, 9, 18, 7, 1
2015/7/19, 25, 5, 17, 7, 
2015/7/20, 17, 17, 14, 6, 
2015/7/21, 57, 11, 28, 9, 
2015/7/22, 31, 12, 30, 11, 1
2015/7/23, 32, 10, 23, 8, 
2015/7/24, 28, 17, 37, 6, 
2015/7/25, 39, 12, 28, 4, 1
2015/7/26, 37, 8, 24, 8, 
2015/7/27, 29, 14, 19, 7, 1
2015/7/28, 29, 9, 15, 6, 
2015/7/29, 23, 11, 14, 13, 
2015/7/30, 33, 12, 30, 7, 
2015/7/31, 37, 20, 39, 8, 
2015/8/1, 50, 13, 40, 12, 1
2015/8/2, 33, 12, 32, 9, 2
2015/8/3, 32, 10, 30, 6, 1
2015/8/4, 27, 13, 32, 7, 1
2015/8/5, 30, 10, 27, 8, 1
2015/8/6, 29, 13, 30, 6, 
2015/8/7, 44, 23, , 6, 
2015/8/8, 56, 27, 52, 19, 1
2015/8/9, 67, 36, 41, 33, 2
2015/8/10, 84, 19, 35, 6, 1
2015/8/11, 52, 9, 28, 8, 1
2015/8/12, 29, 10, 29, 6, 
2015/8/13, 24, 10, 26, 6, 1
2015/8/14, 21, 7, 22, 3, 1
2015/8/15, 18, 8, 15, 6, 1
2015/8/16, 18, 5, 21, 5, 
2015/8/17, 17, 11, 28, 6, 1
2015/8/18, 38, 17, 33, 15, 
2015/8/19, 51, 28, 38, 29, 1
2015/8/20, 69, 15, 31, 9, 1
2015/8/21, 52, 6, 15, 4, 1
2015/8/22, 18, 9, 23, 9, 
2015/8/23, 26, 17, 28, 8, 
2015/8/24, 39, 13, 26, 13, 
2015/8/25, 30, 10, 20, 9, 
2015/8/26, 26, 15, 14, 16, 
2015/8/27, 40, 12, 19, 9, 1
2015/8/28, 37, 13, 28, 13, 1
2015/8/29, 27, 31, 29, 14, 1
2015/8/30, 69, 19, 18, 13, 
2015/8/31, 43, 14, 36, 7, 1
2015/9/1, 39, 17, 34, 7, 1
2015/9/2, 42, 15, 33, 6, 
2015/9/3, 37, 17, 32, 7, 1
2015/9/4, 36, 19, 33, 12, 
2015/9/5, 45, 24, 43, 18, 2
2015/9/6, 54, 21, 40, 27, 1
2015/9/7, 61, 19, 38, 16, 
2015/9/8, 97, 21, 23, 21, 2
2015/9/9, 59, 15, 29, 8, 
2015/9/10, 51, 14, 29, 9, 1
2015/9/11, 38, 14, 31, 10, 
2015/9/12, 38, 18, 25, 12, 
2015/9/13, 30, 15, 28, 13, 1
2015/9/14, 36, 20, 23, 15, 1
2015/9/15, 42, 29, 22, 18, 1
2015/9/16, 53, 27, 28, 19, 1
2015/9/17, 64, 13, 31, 13, 1
2015/9/18, 30, 13, 42, 14, 
2015/9/19, 39, 16, 45, 20, 1
2015/9/20, 54, 19, 35, 23, 
2015/9/21, 50, 15, 29, 8, 1
2015/9/22, 40, 15, 30, 9, 
2015/9/23, 42, 22, 26, 18, 1
2015/9/24, 60, 25, 28, 22, 
2015/9/25, 65, 29, 37, 12, 1
2015/9/26, 71, 19, 36, 15, 
2015/9/27, 54, 28, 20, 39, 
2015/9/28, 78, 35, 25, 30, 1
2015/9/29, 79, 30, 25, 33, 2
2015/9/30, 75, 28, 28, 30, 1
2015/4/1, 61, 19, 34, 19, 1
2015/4/2, 57, 20, 33, 23, 1
2015/4/3, 58, 38, 19, 33, 2
2015/4/4, 91, , , , 
2015/4/6, 70, 27, 19, 26, 1
2015/4/7, 70, 21, 17, 25, 1
2015/4/8, 59, 12, 18, , 
2015/4/9, 46, 20, 30, , 1
2015/4/10, 57, 13, 36, , 1
2015/4/11, 50, 16, 35, , 
2015/4/12, 54, 28, 31, 12, 
2015/4/13, 71, 44, 29, 38, 2
2015/4/14, 87, 27, 21, 28, 
2015/4/15, 63, 24, 32, 13, 1
2015/4/16, 68, 19, 31, 15, 
2015/4/17, 53, 19, 32, 13, 1
2015/4/18, 40, 11, 37, 6, 1
2015/4/19, 35, 17, 30, 22, 12
2015/4/20, 47, 14, 28, 22, 1
2015/4/21, 40, 17, 26, 18, 1
2015/4/22, 133, 16, 20, 30, 
2015/4/23, 56, 16, 20, 26, 2
2015/4/24, 46, 17, 29, 10, 1
2015/4/25, 37, 12, 27, 19, 
2015/4/26, 32, 12, 32, 11, 1
2015/4/27, 37, 13, 30, 15, 
2015/4/28, 42, 15, 22, 24, 
2015/4/29, 44, 17, 23, 17, 1
2015/4/30, 49, 16, 21, 18, 1
2015/5/1, 49, 18, 23, 15, 1
2015/5/2, 50, 13, 20, 14, 2
2015/5/3, 36, 14, 23, 21, 1
2015/5/4, 33, 22, 33, 17, 
2015/5/5, 55, 17, 21, 31, 
2015/5/6, 46, 23, 29, 24, 2
2015/5/7, 61, 25, 24, 23, 1
2015/5/8, 63, 10, 23, 20, 
2015/5/9, 26, 13, 33, 14, 1
2015/5/10, 46, 20, 24, 43, 1
2015/5/11, 60, 35, 26, 36, 2
2015/5/12, 84, 49, 26, 31, 1
2015/5/13, 101, 17, 30, 10, 2
2015/5/14, 50, 24, 33, 10, 
2015/5/15, 56, 20, , 14, 1
2015/5/16, 49, 14, , , 1
2015/5/17, 49, 21, 29, 10, 1
2015/5/18, 52, 25, , , 
2015/5/19, 52, 20, 33, 10, 
2015/5/20, 47, 20, 23, 16, 
2015/5/21, 53, 14, 31, 10, 
2015/5/22, 50, 18, , , 1
2015/5/23, 50, 19, , , 
2015/5/24, 40, 19, 37, 15, 
2015/5/25, 48, 30, , , 1
2015/5/26, 57, 19, 34, 23, 1
2015/5/27, 46, 33, 25, 36, 1
2015/5/28, 69, 27, 33, 12, 6
2015/5/29, 54, 25, 27, 6, 2
2015/5/30, 51, 11, 17, 3, 1
2015/6/2, 32, 10, 31, 12, 1
2015/6/4, 59, 19, 31, 12, 
2015/6/5, 55, 22, 41, 13, 1
2015/6/6, 52, , , , 
2015/6/8, 86, 34, 36, 35, 1
2015/6/9, 80, 29, 34, 14, 1
2015/6/10, 69, 25, 38, 18, 
2015/6/11, 68, 16, 35, 15, 
2015/6/12, 44, 16, 29, 12, 
2015/6/13, 46, 13, 29, 13, 
2015/6/14, 38, 13, 37, 10, 
2015/6/15, 32, 20, 39, 10, 
2015/6/16, 53, 18, 41, 17, 
2015/6/17, 46, 18, 43, 27, 1
2015/6/18, 58, 28, 43, 34, 
2015/6/19, 72, 24, 47, 27, 3
2015/6/21, 84, 28, 29, 16, 
2015/6/22, 64, 16, 28, 9, 1
2015/6/23, 42, 11, 28, 7, 
2015/6/24, 27, 14, 30, 18, 
2015/6/25, 46, 18, 31, 23, 1
2015/6/26, 58, 12, 18, 7, 3
2015/6/27, 34, 9, , , 2
2015/6/28, 28, 19, 40, 18, 1
2015/6/29, 59, 29, , , 1
2015/6/30, 86, 13, 11, 17, 1
2015/1/1, 94, 39, 5, 41, 4
2015/1/2, 93, 34, 9, 38, 4
2015/1/3, 79, 42, 7, 46, 2
2015/1/4, 99, 55, 4, 46, 2
2015/1/5, 141, 30, 12, 46, 2
2015/1/6, 66, 34, 3, 20, 1
2015/1/7, 88, 31, 7, 31, 2
2015/1/8, 77, 30, 9, 32, 2
2015/1/9, 76, 20, 10, 39, 3
2015/1/10, 54, 28, 20, 23, 2
2015/1/11, 70, 27, 7, 42, 3
2015/1/12, 67, 53, 13, 38, 2
2015/1/13, 121, 15, 12, 33, 1
2015/1/14, 41, 9, 22, 22, 
2015/1/15, 14, 18, 20, 26, 
2015/1/16, 30, 16, 19, 28, 2
2015/1/17, 43, 4, 19, 14, 
2015/1/18, 10, 14, 25, 19, 
2015/1/19, 20, 10, 22, 20, 
2015/1/20, 20, 10, 22, 13, 5
2015/1/21, 25, 11, 20, 18, 1
2015/1/22, 26, 7, 17, 19, 
2015/1/23, 9, 9, 17, 23, 1
2015/1/24, 16, 22, 20, 21, 2
2015/1/25, 67, 18, 22, 17, 
2015/1/26, 50, 20, 21, 18, 1
2015/1/28, 34, 3, 20, 15, 
2015/1/29, 5, 3, 13, 21, 
2015/2/2, 30, , , , 1
2015/2/4, 21, 15, 24, 18, 1
2015/2/6, 46, 20, 14, 23, 1
2015/2/10, 56, 21, 9, 28, 1
2015/2/11, 61, 42, 7, 33, 2
2015/2/12, 92, , , 35, 
2015/2/14, 47, 17, 32, 6, 1
2015/2/15, 39, 9, 29, 13, 1
2015/2/16, 15, 12, 29, 7, 
2015/2/17, 34, 6, 24, 18, 1
2015/2/18, 19, 14, 22, 23, 1
2015/2/19, 40, 35, 2, 28, 1
2015/2/20, 78, 9, , 6, 2
2015/2/21, 17, 15, , 7, 1
2015/2/22, 36, 9, , 19, 1
2015/2/23, 23, 20, 20, 15, 1
2015/2/25, 39, 10, 27, 13, 1
2015/2/26, 18, 12, 35, 12, 1
2015/2/27, 23, 15, 24, 11, 2
2015/2/28, 33, 14, 31, 11, 1
2015/3/1, 36, 9, 19, 24, 1
2015/3/2, 17, 15, 21, 17, 1
2015/3/3, 43, 12, 23, 18, 1
2015/3/4, 23, 10, 27, 18, 
2015/3/5, 22, 17, 25, 35, 1
2015/3/6, 34, 25, 29, 22, 1
2015/3/7, 59, 27, 43, 15, 1
2015/3/8, 68, 26, 19, 34, 1
2015/3/9, 60, 39, 15, 37, 1
2015/3/10, 84, 31, 16, 29, 1
2015/3/11, 64, 70, 25, 12, 1
2015/3/12, 121, 28, 30, 12, 1
2015/3/13, 48, 23, 35, 9, 1
2015/3/14, 50, 17, 35, 10, 1
2015/3/15, 34, 24, 21, 32, 
2015/3/16, 55, 18, 18, 29, 3
2015/3/17, 35, 8, 25, 15, 1
2015/3/18, 23, 7, 29, 17, 
2015/3/19, 18, 23, 25, 22, 2
2015/3/20, 57, 21, 24, 12, 1
2015/3/21, 55, 14, 23, 13, 2
2015/3/22, 37, 17, 32, 6, 
2015/3/23, 42, 19, 36, 8, 
2015/3/24, 54, , 28, 10, 
2015/3/26, 45, 9, 23, 11, 
2015/3/27, 18, 12, 26, 7, 1
2015/3/28, 35, 10, 30, 5, 1
2015/3/29, 24, 5, 27, 9, 1
2015/3/30, 13, 11, 29, 10, 
2015/3/31, 34, 20, 32, 26, 1
2014/10/1, 48, 25, 28, 27, 1
2014/10/2, 54, 36, 32, 28, 2
2014/10/3, 67, 22, 34, 9, 
2014/10/4, 54, 8, 35, 9, 
2014/10/5, 8, 13, 13, 27, 1
2014/10/6, 18, 11, 15, 21, 
2014/10/7, 28, 13, 12, 17, 
2014/10/8, 23, 14, 9, 28, 1
2014/10/9, 26, 22, 13, 27, 1
2014/10/10, 50, 31, 21, 18, 
2014/10/11, 65, 14, 26, 14, 
2014/10/12, 18, 22, 15, 38, 2
2014/10/13, 47, 23, 15, 35, 2
2014/10/14, 45, 21, 15, 16, 
2014/10/15, 40, 20, 18, 13, 
2014/10/16, 33, 16, 14, 16, 1
2014/10/17, 27, 12, 23, 16, 
2014/10/18, 19, 15, 21, 18, 1
2014/10/19, 29, 39, 20, 32, 3
2014/10/20, 61, 52, 19, 45, 12
2014/10/21, 81, 63, 10, 53, 5
2014/10/22, 109, 31, 27, 26, 1
2014/10/23, 53, 37, 14, 33, 2
2014/10/24, 68, 34, 21, 30, 1
2014/10/25, 66, 41, 30, 30, 1
2014/10/26, 78, 47, 12, 41, 2
2014/10/27, 86, 42, 15, 28, 1
2014/10/28, 79, 36, 17, 33, 1
2014/10/29, 70, 41, 15, 43, 3
2014/10/30, 73, 48, 18, 32, 1
2014/10/31, 79, 26, 18, 17, 
2014/11/1, 46, 12, 9, 36, 
2014/11/2, 25, 20, 21, 27, 
2014/11/3, 32, 10, 25, 20, 
2014/11/4, 13, 14, 4, 37, 
2014/11/5, 30, 31, 17, 33, 2
2014/11/6, 58, 13, 26, 21, 
2014/11/7, 23, 14, 24, 22, 1
2014/11/9, 13, 22, 16, 35, 2
2014/11/10, 52, 18, 21, 36, 1
2014/11/11, 29, 24, 25, 29, 1
2014/11/12, 51, 17, 23, 22, 1
2014/11/13, 29, 21, 17, 40, 1
2014/11/14, 40, 17, 16, 31, 
2014/11/15, 40, 24, 23, 25, 
2014/11/16, 56, 29, 18, 40, 4
2014/11/17, 59, 37, 18, 30, 1
2014/11/18, 71, 12, 13, 29, 
2014/11/19, 36, 20, 28, 28, 
2014/11/20, 46, 21, 12, 24, 
2014/11/21, 41, 40, 7, 16, 
2014/11/22, 71, 15, 24, 17, 
2014/11/23, 38, 48, 15, 17, 1
2014/11/24, 73, 25, 21, 24, 1
2014/11/25, 34, 28, 10, 31, 
2014/11/26, 58, 8, 17, 27, 
2014/11/27, 17, 20, 8, 34, 2
2014/11/28, 50, 10, 23, 11, 1
2014/11/29, 23, 17, 16, 16, 1
2014/11/30, 46, 28, 25, 18, 2
2014/12/1, 57, 20, 17, 19, 10
2014/12/2, 32, 21, 12, 17, 1
2014/12/3, 53, 10, 16, 19, 1
2014/12/4, 28, 18, 12, 37, 3
2014/12/5, 38, 19, 17, 20, 1
2014/12/6, 38, 17, 19, 17, 1
2014/12/7, 45, 10, 25, 11, 
2014/12/8, 30, 13, 22, 18, 1
2014/12/9, 23, 22, 11, 28, 2
2014/12/10, 55, 21, 4, 33, 2
2014/12/11, 49, 26, 7, 31, 2
2014/12/12, 57, 8, 17, 33, 
2014/12/13, 16, 6, 24, 11, 
2014/12/14, 11, 17, 22, 18, 1
2014/12/15, 18, 5, 23, 12, 1
2014/12/16, 9, 9, 18, 21, 1
2014/12/17, 13, 9, 23, 19, 
2014/12/18, 15, 17, 11, 22, 1
2014/12/19, 45, 12, 4, 20, 31
2014/12/20, 45, 27, 9, 18, 
2014/12/21, 69, 15, 7, 39, 3
2014/12/22, 33, 26, 7, 23, 
2014/12/23, 69, 21, 10, 25, 1
2014/12/24, 60, 30, 16, 23, 1
2014/12/25, 78, 19, 11, 30, 2
2014/12/26, 53, 10, 20, 17, 
2014/12/27, 27, 20, 27, 9, 
2014/12/28, 40, , , , 
2014/7/1, 25, , , 6, 
2014/7/3, 34, , , , 
2014/7/7, 27, 9, , 8, 
2014/7/9, 42, 21, , 17, 1
2014/7/10, 55, 28, , 19, 1
2014/7/28, 66, 19, 26, 16, 1
2014/7/29, 55, 29, 24, 24, 
2014/7/30, 59, 26, 30, 22, 
2014/7/31, 58, 16, 30, 8, 
2014/8/1, 41, 13, 13, 12, 
2014/8/2, 18, 4, 29, 5, 
2014/8/3, 13, 10, 28, 7, 
2014/8/4, 25, 9, 24, 6, 1
2014/8/5, 21, 5, 18, 6, 
2014/8/6, 17, 6, 15, 6, 
2014/8/7, 14, 4, 13, 6, 
2014/8/8, 13, 8, 22, 7, 
2014/8/9, 19, 9, 24, 7, 
2014/8/10, 19, 11, 30, 7, 
2014/8/11, 13, 11, 19, 5, 
2014/8/12, 15, 8, 31, 6, 
2014/8/14, 24, 10, 34, 5, 
2014/8/15, 17, 16, 44, 7, 
2014/8/16, 34, 20, 38, 11, 
2014/8/17, 42, 21, 34, 9, 
2014/8/18, 50, 19, 37, 8, 
2014/8/19, 48, 19, 31, 10, 1
2014/8/20, 42, 11, 28, 10, 
2014/8/21, 27, 11, 32, 8, 1
2014/8/22, 21, 12, 38, 6, 
2014/8/23, 20, 9, 39, 5, 
2014/8/24, 26, 8, 27, 8, 
2014/8/25, 18, 7, 18, 5, 
2014/8/26, 13, 10, 16, 6, 
2014/8/27, 26, , 25, 7, 
2014/8/28, 14, , 29, 8, 1
2014/8/29, 16, 14, 39, 5, 1
2014/8/30, 42, 20, 36, 18, 1
2014/8/31, 54, 30, 32, 33, 1
2014/9/1, 74, 28, 25, 25, 
2014/9/2, 64, 19, 16, 21, 
2014/9/3, 56, 10, 21, 14, 
2014/9/4, 17, 18, 15, 21, 
2014/9/5, 33, 12, 18, 11, 
2014/9/6, 23, 4, 26, 11, 
2014/9/7, 13, 10, 16, 20, 
2014/9/8, 23, 18, 16, 22, 4
2014/9/9, 40, 14, 10, 28, 1
2014/9/10, 28, 18, 16, 18, 
2014/9/11, 34, 19, 15, 21, 1
2014/9/12, 30, 16, 22, 16, 
2014/9/13, 33, 12, 23, 10, 
2014/9/14, 21, 19, 14, 19, 1
2014/9/15, 25, 12, 24, 15, 
2014/9/16, 17, 19, 14, 19, 1
2014/9/17, 40, 20, 22, 21, 1
2014/9/18, 34, 22, 22, 28, 
2014/9/19, 44, 19, 24, 17, 
2014/9/20, 36, , 22, 15, 3
2014/9/21, 31, 20, 8, 34, 1
2014/9/22, 50, 21, 25, 22, 
2014/9/23, 58, 24, 29, 13, 
2014/9/24, 62, 30, 26, 26, 2
2014/9/25, 77, 30, 28, 27, 1
2014/9/26, 68, 23, 24, 18, 
2014/9/27, 56, 15, 31, 15, 
2014/9/28, 27, 19, 29, 11, 
2014/9/29, 56, 12, 26, 22, 
2014/9/30, 32, 20, 34, 22, 
2014/4/1, 30, 12, , 29, 1
2014/4/2, 30, 10, , 36, 
2014/4/3, 23, , , 20, 
2014/4/6, 42, 15, , 24, 
2014/4/7, 36, 9, , 16, 
2014/4/8, 25, , , 26, 1
2014/4/10, 65, 20, , 13, 
2014/4/11, 53, , , 16, 
2014/4/13, 51, 21, , 24, 
2014/4/14, 57, 38, , 25, 1
2014/4/15, 72, , , 30, 
2014/4/17, 68, , , 7, 
2014/4/20, 19, 7, , 12, 
2014/4/21, 17, 12, , 22, 1
2014/4/22, 30, 10, , 17, 
2014/4/23, 25, 20, , 23, 3
2014/4/24, 48, 17, , 21, 1
2014/4/25, 38, , , 17, 
2014/4/27, 17, 10, , 11, 
2014/5/2, 27, , , 11, 
2014/5/4, 21, 20, , 33, 2
2014/5/6, 35, 10, , 11, 
2014/5/7, 23, 13, , 10, 
2014/5/9, 22, , , , 
2014/5/12, 15, , , 14, 
2014/5/14, 55, 40, , 18, 
2014/5/15, 75, 22, , 17, 
2014/5/16, 42, , , 23, 
2014/5/18, 69, , , 23, 
2014/5/20, 31, 14, , 28, 
2014/5/21, 31, 23, , 24, 
2014/5/22, 52, 15, , 14, 
2014/5/23, 27, 17, , 7, 
2014/5/24, 36, 10, , 8, 
2014/5/25, 30, 10, , 10, 
2014/5/26, 21, 11, , 15, 
2014/5/27, 17, 9, , 12, 
2014/5/28, 26, 6, 8, 8, 1
2014/5/29, 18, 10, 17, 8, 
2014/5/30, 23, 19, 22, 8, 
2014/5/31, 34, , 14, 17, 
2014/6/2, 50, 8, 16, 9, 
2014/6/3, 18, 13, 17, 11, 
2014/6/4, 17, , 7, 28, 
2014/6/9, 34, , , , 
2014/6/11, 25, 23, , 25, 2
2014/6/12, 49, , , 16, 
2014/6/14, 59, , , 14, 
2014/6/17, 80, 30, , 26, 
2014/6/18, 59, 20, , 22, 
2014/6/19, 43, 19, , 18, 
2014/6/23, 47, 18, , 11, 
2014/6/24, 48, 27, , 9, 
2014/6/25, 55, 14, , 8, 
2014/6/26, 31, 12, , 9, 
2014/6/27, 23, 15, , 10, 
2014/6/28, 30, , , 7, 
2014/6/30, 34, 10, , 7, 
2014/2/2, 46, , 25, 16, 
2014/2/4, 24, 22, 28, 14, 2
2014/2/5, 55, 16, 22, 31, 1
2014/2/6, 38, , 22, 22, 
2014/2/9, 57, 20, 31, 7, 1
2014/2/10, 51, 14, 29, 21, 1
2014/2/11, 35, 20, 23, 24, 
2014/2/12, 53, 8, 10, 30, 1
2014/2/13, 28, 10, 11, 23, 1
2014/2/14, 24, 13, 16, 23, 
2014/2/15, 30, , 24, 16, 1
2014/2/17, 57, , 17, 34, 1
2014/2/20, 25, 16, 19, 25, 2
2014/2/21, 34, , 28, 22, 1
2014/2/24, 38, 26, 22, 33, 1
2014/2/25, 55, 36, 14, 28, 
2014/2/26, 62, 25, , 17, 5
2014/2/27, 55, 12, , 29, 1
2014/2/28, 25, , , 12, 
2014/3/3, 48, 23, , 8, 
2014/3/6, 34, 26, , 18, 1
2014/3/7, 69, , , 33, 
2014/3/10, 39, , , 28, 
2014/3/12, 74, , , 32, 1
2014/3/16, 85, 38, , 23, 2
2014/3/17, 78, , , 25, 
2014/3/20, 75, 22, , 17, 1
2014/3/21, 55, , , 30, 
2014/3/24, 39, , , 19, 
2014/3/26, 35, , , 12, 
2014/3/28, 26, , , 33, 1
2014/3/31, 38, 13, , 20, 1
2025/12/31, , 16, 21, 6, 1
2025/12/1, , 12, 26, 20, 1
2025/4/1, , 7, 29, 11, 2
2025/4/28, , 16, 24, 8, 2
2025/5/7, , 15, 28, 23, 2
2025/5/9, , 13, 26, 20, 2
2025/5/16, , 16, 30, 13, 
2025/1/23, , 14, 29, 11, 2
2025/1/27, , 15, 27, 16, 1
2025/2/11, , 16, 28, 13, 1
2025/3/30, , 9, 22, 14, 2
2024/10/8, , 29, 25, 16, 1
2024/10/15, , 12, 11, 23, 1
2024/10/16, , 14, 15, 25, 1
2024/10/18, , 34, 24, 20, 1
2024/10/20, , 16, 18, 23, 1
2024/10/30, , 19, 27, 16, 
2024/11/26, , 18, 9, 27, 1
2024/12/8, , 8, 33, 5, 1
2024/12/25, , 5, 18, 15, 
2024/7/5, , 18, 32, 3, 
2024/7/7, , 7, 24, 9, 1
2024/7/10, , 7, 15, 6, 
2024/7/12, , 9, 34, 5, 
2024/7/14, , 11, 25, 6, 
2024/7/18, , 10, 22, 7, 
2024/7/22, , 21, 40, 33, 
2024/7/26, , 7, 28, 4, 
2024/7/29, , 24, 30, 16, 
2024/8/4, , 10, 25, 4, 
2024/8/5, , 7, 15, 4, 
2024/8/7, , 14, 29, 5, 
2024/8/18, , 3, 21, 2, 
2024/8/23, , 5, 31, 3, 
2024/9/21, , 39, 32, 10, 1
2024/9/29, , 16, 16, 16, 1
2024/3/31, , 16, 33, 21, 3
2024/6/3, , 21, 33, 18, 
2024/6/6, , 23, 26, 18, 
2024/6/20, , 10, 34, 6, 
2024/6/26, , 14, 22, 17, 
2024/6/29, , 11, 22, 6, 
2024/2/28, , 11, 30, 10, 1
2024/3/18, , 17, 26, 15, 2
2023/10/31, , 14, 27, 9, 
2023/4/4, , 16, 35, 11, 1
2023/4/10, , 10, , , 
2023/4/12, , 12, 36, 7, 1
2023/4/15, , 11, , , 
2023/4/22, , 14, , 21, 2
2023/5/1, , 23, , , 
2023/5/19, , 18, 55, 11, 4
2023/5/20, , 16, , 8, 4
2023/5/21, , 18, , 9, 4
2023/5/22, , 21, 36, 16, 4
2023/6/8, , 15, , , 
2023/1/11, , 16, 20, 23, 1
2023/2/5, , 11, 8, 30, 3
2023/2/8, , 6, 25, 5, 2
2023/2/14, , 20, 25, 20, 3
2023/2/21, , 29, 31, 15, 1
2023/2/27, , 8, 28, 15, 1
2023/2/28, , 14, 27, 18, 1
2023/3/14, , 15, 21, 13, 2
2023/3/18, , 6, 31, 9, 
2023/3/25, , 9, 37, 9, 
2023/3/28, , 30, 33, 27, 1
2022/10/1, , 11, 33, 25, 
2022/10/15, , 8, 15, 9, 
2022/11/12, , 28, 19, 19, 
2022/11/19, , 13, 27, 17, 
2022/11/28, , 15, , , 
2022/8/21, , 13, 23, 4, 
2022/9/19, , 25, 31, 30, 
2022/9/24, , 9, 31, 3, 
2022/4/2, , 5, 34, 6, 
2022/4/10, , 11, 32, 7, 
2022/4/15, , 10, 32, 10, 
2022/4/24, , 20, 33, 16, 
2022/5/1, , 9, 43, 8, 
2022/5/8, , 17, 36, 15, 
2022/5/14, , 14, 28, 4, 
2022/1/8, , 7, 23, 11, 
2022/1/15, , 25, 13, 16, 
2022/1/29, , 10, 18, 17, 
2022/2/5, , 11, 20, 17, 
2022/2/19, , 3, 23, 10, 
2022/3/5, , 13, 34, 9, 
2022/3/19, , 16, 28, 11, 2
2021/10/3, , 19, 23, 16, 
2021/10/5, , 3, 22, 21, 
2021/10/10, , 15, 31, 12, 1
2021/10/23, , 15, 30, 21, 1
2021/10/30, , 47, 20, 5, 
2021/11/6, , 9, 25, 17, 
2021/11/14, , 22, 13, 29, 
2021/11/21, , 12, 24, 15, 
2021/11/27, , 11, 29, 13, 
2021/12/1, , 6, 25, 9, 
2021/12/5, , 14, 22, 27, 
2021/12/19, , 24, 21, 14, 
2021/12/24, , 14, 24, 5, 
2021/12/25, , 9, 21, 6, 
2021/12/26, , 24, 18, 12, 
2022/1/1, , 45, 7, 16, 
2021/7/25, , 5, 36, 4, 
2021/7/31, , 8, 23, 2, 
2021/9/25, , 23, 27, 16, 
2021/4/8, , 39, 35, 14, 
2021/4/9, , 15, 29, 8, 
2021/4/13, , 17, 26, 13, 
2021/4/17, , 11, 46, 8, 
2021/5/1, , 5, 39, 6, 
2021/5/8, , 7, 33, 5, 
2021/5/22, , 9, 36, 3, 
2021/6/2, , 9, 32, 3, 
2021/6/6, , 14, 32, 6, 1
2021/6/8, , 16, 31, 8, 
2021/6/12, , 15, 37, 9, 
2021/6/16, , 19, 27, 9, 
2021/6/22, , 15, 35, 5, 1
2021/1/23, , 20, 11, 14, 
2021/2/14, , 22, 34, 21, 
2021/2/21, , 17, 29, 16, 
2021/3/13, , 9, 35, 3, 
2021/3/20, , 9, 37, 4, 1
2020/10/11, , 10, 30, 12, 
2020/10/18, , 21, 32, 13, 
2020/10/24, , 12, 29, 10, 
2020/11/8, , 24, 11, 25, 
2020/11/14, , 26, 21, 9, 
2020/11/15, , 22, 7, 22, 
2020/11/22, , 26, 11, 30, 1
2020/11/28, , 9, 25, 11, 
2020/12/8, , 15, 15, 25, 
2020/12/11, , 4, 22, 8, 
2020/12/20, , 28, 6, 28, 
2020/12/30, , 35, , 24, 2
2021/1/2, , 14, 24, 15, 
2020/7/3, , 16, 30, 5, 
2020/7/9, , 19, 28, 7, 
2020/7/26, , 8, 20, 4, 
2020/8/22, , 9, , 2, 
2020/9/8, , 26, 31, , 
2020/9/13, , 17, 19, 15, 
2020/9/20, , 14, 28, 17, 
2020/9/23, , 10, 25, 12, 
2020/4/18, , 6, 37, 1, 
2020/6/29, , 16, 21, 6, 
2020/1/1, , 31, 5, 22, 
2020/1/6, , 32, 13, 31, 
2020/1/12, , 36, 17, 29, 
2020/1/27, , 18, , , 
2020/2/2, , 13, 8, 20, 
2020/2/9, , 40, 6, 29, 
2020/2/16, , 8, 24, 21, 
2020/2/23, , 34, 28, 26, 
2020/2/25, , 14, 31, 7, 
2020/2/29, , 32, 28, 16, 1
2020/3/8, , 20, , 10, 
2019/10/6, , 9, 26, 13, 
2019/10/19, , 17, 35, 6, 
2019/10/20, , 17, 16, 15, 
2019/10/30, , 26, 11, 17, 
2019/11/3, , 19, 17, 22, 
2019/11/21, , 23, 20, 22, 
2019/11/24, , 22, 18, 21, 
2019/12/1, , 5, 19, 10, 
2019/12/8, , 23, 16, 27, 1
2019/12/14, , 4, 29, 12, 
2019/12/22, , 16, 6, 20, 
2019/7/14, , 18, 27, 7, 
2019/9/16, , 24, 22, 27, 1
2018/12/31, , 19, 12, 22, 1
2019/2/3, , 22, , 27, 
2019/2/4, , 31, 11, 30, 1
2017/12/31, , 43, 22, 26, 
2018/1/6, , 13, 31, 7, 
2018/1/10, , 27, , 17, 
2018/1/18, , 14, 27, 13, 1
2017/10/7, , 37, 26, 35, 
2017/11/28, , 19, 21, 14, 
2017/9/9, , 16, 23, 5, 
2017/5/10, , 19, 30, 13, 
2017/6/13, , 60, 25, 20, 
2017/6/22, , 66, 16, 12, 
2017/2/10, , 5, 19, 10, 1
2017/2/11, , 4, 24, 18, 1
2017/2/12, , 22, 21, 28, 
2017/3/30, , 37, 26, 20, 1
2016/11/21, , 22, 6, 30, 
2016/11/22, , 15, 18, 19, 
2016/8/12, , 51, 64, 21, 1
2016/8/13, , 26, 41, 4, 1
2016/8/14, , 25, 37, 6, 1
2016/8/15, , 19, 34, 6, 
2016/8/16, , 16, 21, 5, 
2016/8/17, , 10, 24, 6, 
2016/8/18, , 27, 11, 13, 
2016/8/19, , 16, 26, 4, 
2016/8/20, , 17, 38, 9, 
2016/8/21, , 32, 35, 30, 1
2016/8/22, , 30, 38, 19, 1
2016/8/23, , 18, 26, 11, 1
2016/9/17, , 14, 33, 11, 
2016/4/10, , 17, , , 
2016/4/11, , 14, , , 
2016/5/5, , 21, , 18, 
2016/6/18, , 12, 32, 6, 
2016/3/12, , 20, , , 
2016/3/13, , 25, , 32, 
2016/3/14, , 22, , 23, 1
2015/11/6, , 28, 12, , 
2015/11/7, , 27, 20, 22, 
2015/11/28, , 16, 18, 20, 1
2015/12/25, , 26, 14, 14, 
2015/12/26, , 23, 20, 11, 1
2016/1/1, , 27, 15, 28, 
2015/7/17, , 10, 25, 7, 
2015/4/5, , 33, 16, 28, 1
2015/5/31, , 7, 26, 9, 
2015/6/1, , 13, 32, 11, 1
2015/6/3, , 22, 30, 22, 1
2015/6/7, , 42, 39, 17, 1
2015/6/20, , 35, 32, 16, 1
2014/12/31, , 44, 12, 38, 2
2015/1/27, , 13, 21, 13, 
2015/1/30, , 8, 27, 9, 
2015/1/31, , 10, 26, 15, 
2015/2/1, , 17, 12, 29, 2
2015/2/3, , 10, 23, 11, 1
2015/2/5, , 19, 21, 20, 2
2015/2/7, , 10, 16, 12, 
2015/2/8, , 16, 15, 24, 1
2015/2/9, , 20, 10, 26, 1
2015/2/13, , 23, 19, 22, 2
2015/2/24, , 21, 28, 17, 
2015/3/25, , 21, 26, 11, 1
2014/11/8, , 10, 31, 19, 1
2014/7/2, , 20, , 21, 
2014/7/6, , 13, , 6, 
2014/7/8, , 21, , 14, 
2014/7/12, , 24, , 4, 
2014/7/15, , 15, 23, 26, 1
2014/7/16, , 18, 26, 9, 
2014/7/17, , 9, 13, 15, 
2014/7/19, , 11, 22, 4, 
2014/7/20, , 10, 29, 12, 
2014/7/21, , 12, 32, 9, 
2014/7/22, , 19, 27, 8, 
2014/7/27, , 27, 40, 21, 
2014/8/13, , 17, 31, 7, 
2014/4/5, , 14, , 27, 1
2014/4/9, , 33, , 30, 1
2014/4/12, , 19, , 27, 
2014/4/16, , 29, , 15, 
2014/4/19, , 6, , 12, 
2014/4/26, , 6, , 6, 
2014/4/28, , 6, , 10, 
2014/4/29, , 6, , 12, 1
2014/5/1, , 14, , 14, 
2014/5/3, , 14, , 29, 1
2014/5/5, , 15, , 13, 
2014/5/8, , 6, , 8, 
2014/5/11, , 14, , 12, 
2014/5/13, , 32, , 18, 
2014/5/17, , 33, , 12, 
2014/5/19, , 14, , 19, 1
2014/6/1, , 19, 17, 12, 
2014/6/8, , 16, , 24, 
2014/6/10, , 14, , 14, 
2014/6/13, , 25, , 13, 
2014/6/16, , 37, , 20, 
2014/6/22, , 13, , 27, 74
2014/6/29, , 12, , 6, 
2014/2/1, , 18, , , 
2014/2/3, , 12, , , 1
2014/2/8, , 28, 27, 20, 1
2014/2/16, , 23, 31, 15, 2
2014/2/19, , 10, 18, 27, 1
2014/2/23, , 18, 35, 11, 1
2014/3/2, , 27, , 8, 
2014/3/5, , 16, , 12, 1
2014/3/9, , 16, , 16, 1
2014/3/11, , 42, , 35, 
2014/3/15, , 37, , 19, 1
2014/3/19, , 34, , 35, 1
2014/3/23, , 20, , 8, 1
2014/3/25, , 18, , 10, 
2014/3/27, , 13, , 31, 1
2014/3/30, , 17, , 18, 
2025/4/3, , , 29, 13, 4
2025/4/4, , , 33, 11, 2
2025/4/5, , , 32, 11, 2
2025/4/6, , , 32, 8, 2
2025/4/7, , , 27, 17, 2
2025/4/8, , , 24, 20, 2
2025/4/9, , , 26, 20, 2
2025/4/10, , , 27, 20, 2
2025/4/11, , , 21, 14, 2
2025/4/12, , , 23, 12, 2
2025/4/13, , , 37, 7, 2
2025/4/14, , , 28, 13, 2
2025/4/15, , , 32, 10, 2
2025/4/16, , , 23, 17, 2
2025/4/17, , , 25, 11, 2
2025/4/18, , , 29, 7, 2
2025/4/19, , , 37, 4, 2
2025/4/21, , , 30, 18, 2
2025/4/22, , , 34, 11, 2
2025/4/23, , , 34, 9, 2
2025/4/24, , , 29, 13, 2
2025/4/25, , , 29, 4, 2
2025/4/26, , , 33, 3, 2
2025/4/27, , , 31, 6, 2
2025/4/30, , , 31, 14, 2
2025/5/1, , , 32, 11, 2
2025/5/2, , , 24, 11, 2
2025/5/11, , , 36, 11, 2
2025/5/12, , , 29, 14, 3
2025/5/13, , , 28, 10, 2
2025/5/14, , , 33, 11, 2
2025/5/15, , , 35, 8, 1
2025/1/1, , , 21, 16, 
2025/1/2, , , 11, 24, 2
2025/1/3, , , 7, 27, 1
2025/1/4, , , 31, 13, 1
2025/1/5, , , 35, 7, 1
2025/1/6, , , 27, 20, 1
2025/1/7, , , 29, 22, 1
2025/1/8, , , 32, 19, 1
2025/1/9, , , 14, 24, 1
2025/1/10, , , 13, 23, 1
2025/1/11, , , 20, 13, 1
2025/1/12, , , 23, 10, 1
2025/1/13, , , 15, 22, 1
2025/1/14, , , 19, 15, 1
2025/1/15, , , 20, 26, 1
2025/1/17, , , 21, 15, 1
2025/1/18, , , 18, 19, 1
2025/1/19, , , 19, 16, 1
2025/1/20, , , 25, 17, 1
2025/1/21, , , 27, 13, 1
2025/1/22, , , 30, 12, 1
2025/1/25, , , 30, 16, 1
2025/1/26, , , 33, 5, 1
2025/1/29, , , 35, 13, 1
2025/1/30, , , 35, 7, 1
2025/1/31, , , 29, 16, 1
2025/2/1, , , 24, 9, 1
2025/2/2, , , 36, 5, 1
2025/2/3, , , 30, 17, 1
2025/2/4, , , 16, 28, 1
2025/2/5, , , 20, 26, 1
2025/2/6, , , 11, 32, 1
2025/2/7, , , 16, 23, 1
2025/2/8, , , 18, 25, 1
2025/2/9, , , 18, 18, 1
2025/2/10, , , 21, 18, 1
2025/2/13, , , 16, 26, 1
2025/2/14, , , 20, 22, 1
2025/2/15, , , 23, 18, 1
2025/2/16, , , 31, 15, 1
2025/2/17, , , 15, 28, 1
2025/2/18, , , 20, 18, 1
2025/2/19, , , 21, 19, 2
2025/2/20, , , 25, 23, 1
2025/2/21, , , 26, 24, 1
2025/2/22, , , 30, 18, 1
2025/2/23, , , 25, 23, 2
2025/2/24, , , 19, 26, 2
2025/2/26, , , 25, 13, 1
2025/2/28, , , 22, 12, 3
2025/3/1, , , 1, 29, 2
2025/3/4, , , 18, 13, 1
2025/3/5, , , 18, 13, 1
2025/3/6, , , 21, 16, 1
2025/3/7, , , 28, 14, 1
2025/3/8, , , 33, 12, 1
2025/3/9, , , 29, 11, 1
2025/3/10, , , 30, 11, 1
2025/3/11, , , 29, 14, 1
2025/3/12, , , 18, 21, 2
2025/3/13, , , 22, 16, 1
2025/3/14, , , 28, 11, 1
2025/3/15, , , 27, 17, 2
2025/3/16, , , 28, 13, 2
2025/3/17, , , 20, 15, 1
2025/3/18, , , 26, 16, 1
2025/3/19, , , 34, 8, 1
2025/3/20, , , 36, 15, 2
2025/3/21, , , 31, 17, 1
2025/3/22, , , 32, 9, 2
2025/3/23, , , 34, 8, 2
2025/3/24, , , 31, 11, 2
2025/3/27, , , 32, 15, 2
2025/3/28, , , 32, 12, 2
2025/3/29, , , 32, 12, 2
2024/10/1, , , 2, 18, 1
2024/10/2, , , 9, 17, 1
2024/10/3, , , 4, 18, 1
2024/10/4, , , 6, 10, 1
2024/10/5, , , 6, 10, 1
2024/10/6, , , 7, 5, 1
2024/10/7, , , 10, 26, 1
2024/10/10, , , 15, 29, 1
2024/10/11, , , 10, 17, 1
2024/10/12, , , 20, 17, 1
2024/10/13, , , 16, 15, 1
2024/10/14, , , 13, 25, 1
2024/11/2, , , 23, 18, 
2024/11/3, , , 18, 15, 
2024/11/4, , , 13, 24, 
2024/11/5, , , 13, 32, 
2024/11/6, , , 14, 25, 
2024/11/7, , , 14, 24, 
2024/11/8, , , 11, 26, 
2024/11/9, , , 25, 17, 
2024/11/10, , , 23, 13, 
2024/11/11, , , 16, 15, 
2024/11/12, , , 15, 17, 
2024/11/13, , , 19, 11, 
2024/11/14, , , 18, 13, 
2024/11/15, , , 24, 16, 
2024/11/16, , , 25, 14, 
2024/11/17, , , 17, 15, 
2024/11/18, , , 17, 30, 1
2024/11/19, , , 16, 28, 
2024/11/20, , , 21, 28, 
2024/11/21, , , 17, 33, 
2024/11/22, , , 17, 28, 
2024/11/23, , , 19, 15, 
2024/11/24, , , 31, 9, 
2024/11/25, , , 25, 21, 1
2024/11/28, , , 13, 16, 1
2024/11/29, , , 13, 16, 1
2024/11/30, , , 3, 23, 1
2024/12/1, , , 6, 12, 1
2024/12/2, , , 27, 12, 1
2024/12/3, , , 27, 23, 1
2024/12/5, , , 20, 22, 1
2024/12/6, , , 19, 20, 1
2024/12/7, , , 31, 8, 1
2024/12/12, , , 13, 18, 1
2024/12/13, , , 7, 20, 1
2024/12/14, , , 15, 15, 1
2024/12/15, , , 18, 9, 1
2024/12/16, , , 15, 13, 1
2024/12/17, , , 15, 19, 1
2024/12/18, , , 26, 18, 1
2024/12/19, , , 25, 15, 1
2024/12/20, , , 17, 18, 1
2024/12/21, , , 17, 18, 
2024/12/22, , , 33, 17, 
2024/12/23, , , 28, 12, 
2024/12/24, , , 23, 11, 
2024/12/27, , , 13, 19, 
2024/12/28, , , 17, 17, 
2024/12/29, , , 18, 18, 
2024/7/4, , , 33, 13, 13
2024/7/17, , , 32, 15, 
2024/7/31, , , 38, 5, 
2024/8/1, , , 30, 4, 
2024/8/2, , , 31, 4, 
2024/8/3, , , 37, 4, 
2024/8/10, , , 33, 9, 
2024/8/11, , , 24, 4, 
2024/8/12, , , 30, 4, 
2024/8/13, , , 26, 4, 
2024/8/25, , , 33, 3, 
2024/8/29, , , 33, 7, 
2024/8/30, , , 32, 4, 
2024/8/31, , , 31, 2, 
2024/9/1, , , 34, 6, 
2024/9/2, , , 34, 5, 
2024/9/3, , , 31, 10, 1
2024/9/4, , , 26, 8, 1
2024/9/5, , , 31, 7, 1
2024/9/6, , , 30, 12, 1
2024/9/7, , , 36, 5, 
2024/9/8, , , 35, 8, 1
2024/9/9, , , 33, 7, 1
2024/9/10, , , 27, 7, 1
2024/9/11, , , 23, 8, 1
2024/9/12, , , 28, 10, 1
2024/9/13, , , 33, 10, 1
2024/9/14, , , 40, 18, 1
2024/9/15, , , 38, 30, 1
2024/9/16, , , 23, 36, 1
2024/9/18, , , 24, 29, 1
2024/9/19, , , 19, 20, 1
2024/9/20, , , 29, 14, 1
2024/9/23, , , 17, 23, 1
2024/9/24, , , , 17, 1
2024/9/25, , , 16, 16, 1
2024/9/26, , , 27, 10, 1
2024/9/27, , , 29, 10, 1
2024/9/28, , , 33, 17, 1
2024/9/30, , , 13, 10, 1
2024/6/28, , , 25, 5, 
2023/4/3, , , 4, 37, 2
2023/4/9, , , 24, 25, 1
2023/4/30, , , 32, 3, 2
2023/1/10, , , 21, 12, 1
2022/4/9, , , 33, 10, 
2022/4/22, , , 31, 15, 
2022/4/23, , , 38, 18, 
2021/10/9, , , 31, 17, 
2021/12/4, , , 30, 16, 
2021/12/18, , , 22, 10, 
2021/7/24, , , 16, 3, 
2021/5/7, , , 20, 9, 
2021/6/1, , , 16, 24, 
2021/6/5, , , 32, 4, 
2021/6/11, , , 36, 12, 
2021/6/15, , , 35, 11, 
2020/10/17, , , 35, 12, 
2020/11/7, , , 29, 3, 
2020/9/7, , , 29, , 1
2020/9/19, , , 27, 9, 
2020/1/11, , , 15, 24, 
2020/2/1, , , 12, 17, 
2020/2/8, , , 15, 19, 
2020/2/15, , , 15, 28, 
2020/2/22, , , 25, 28, 
2019/11/23, , , 23, 20, 
2019/11/30, , , 26, 9, 1
2019/12/7, , , 11, 25, 1
2018/3/23, , , 35, 5, 
2014/7/14, , , 33, 10, 
2014/7/18, , , 16, 15, 
2014/7/23, , , 26, 9, 
2014/7/24, , , 36, 10, 
2014/7/25, , , 32, 17, 
2014/7/26, , , 26, 13, 
2014/6/5, , , 7, 12, 
2014/1/31, , , 9, 26, 
2014/2/7, , , 25, 19, 1
2014/2/18, , , 26, 19, 3
2014/2/22, , , 19, 32, 
2020/12/25, , , , 9, 
2020/12/26, , , , 25, 
2021/1/1, , , , 12, 
2019/12/21, , , , 16, 
2019/12/28, , , , 18, 
2016/4/5, , , , 10, 
2016/5/4, , , , 23, 
2014/7/11, , , , 9, 
2014/7/13, , , , 10, 
2014/4/4, , , , 26, 
2014/4/18, , , , 6, 
2014/4/30, , , , 5, 
2014/6/6, , , , 16, 
2014/6/7, , , , 9, 
2014/6/15, , , , 18, 
2014/6/20, , , , 10, 
2014/6/21, , , , 12, 
2014/3/1, , , , 12, 
2014/3/4, , , , 9, 1
2014/3/8, , , , 19, 
2014/3/13, , , , 31, 1
2014/3/14, , , , 18, 1
2014/3/18, , , , 12, 1
2014/3/22, , , , 8, 
2014/3/29, , , , 14, 
2015/7/16, , , , , 1