date, pm25, pm10, o3, no2
2026/8/1, 21, 13, 31, 4
2026/8/2, 21, 10, 20, 3
2026/8/3, 14, 10, 21, 5
2026/8/4, 11, 9, 20, 3
2026/8/5, 9, 9, 29, 4
2026/8/6, 9, 11, 41, 6
2026/8/7, 13, , , 
2026/7/1, 28, 27, 64, 14
2026/7/2, 34, 23, 50, 10
2026/7/3, 30, 21, 58, 9
2026/7/4, 34, 24, 71, 10
2026/7/5, 49, 25, 43, 14
2026/7/6, 47, 22, 37, 9
2026/7/7, 38, 21, 45, 10
2026/7/8, 33, 18, 31, 5
2026/7/9, 27, 17, 34, 4
2026/7/10, 23, 17, 31, 3
2026/7/11, 18, 15, 25, 2
2026/7/12, 17, 14, 24, 5
2026/7/13, 15, 12, 24, 5
2026/7/14, 16, 11, 23, 7
2026/7/15, 18, 12, 25, 3
2026/7/16, 15, 12, 32, 5
2026/7/17, 13, 13, 33, 3
2026/7/18, 16, 16, 36, 3
2026/7/19, 20, 21, 38, 4
2026/7/20, 29, 25, 35, 4
2026/7/21, 28, 20, 33, 4
2026/7/22, 25, 22, 35, 4
2026/7/23, 25, 21, 35, 3
2026/7/24, 22, 21, 39, 2
2026/7/25, 24, 19, 35, 3
2026/7/26, 23, 19, 47, 8
2026/7/27, 25, 22, 41, 10
2026/7/28, 33, 20, 34, 6
2026/7/29, 30, 16, 29, 4
2026/7/30, 18, 14, 36, 4
2026/7/31, 19, 16, 39, 4
2026/4/1, 13, 18, 33, 11
2026/4/2, 24, 18, 36, 9
2026/4/3, 25, 17, 39, 10
2026/4/4, 26, 22, 42, 14
2026/4/5, 34, 22, 34, 9
2026/4/6, 33, 20, 35, 4
2026/4/7, 21, 9, 35, 4
2026/4/8, 8, 10, 33, 10
2026/4/9, 12, 32, 37, 7
2026/4/10, 37, 27, 38, 2
2026/4/11, 27, 16, 33, 1
2026/4/12, 10, 12, 35, 5
2026/4/13, 8, 13, 26, 7
2026/4/14, 13, 14, 29, 9
2026/4/15, 13, 13, 32, 10
2026/4/16, 13, 18, 36, 12
2026/4/17, 20, 23, 41, 12
2026/4/18, 30, 32, 43, 13
2026/4/19, 47, 23, 41, 14
2026/4/20, 37, 41, 38, 4
2026/4/21, 43, 30, 37, 5
2026/4/22, 26, 17, 38, 6
2026/4/23, 12, 18, 31, 9
2026/4/24, 12, 16, 34, 6
2026/4/25, 20, 19, 34, 4
2026/4/26, 26, 21, 39, 7
2026/4/27, 29, 23, 39, 8
2026/4/28, 41, 19, 38, 3
2026/4/29, 27, 13, 34, 5
2026/4/30, 10, 13, 34, 9
2026/5/1, 16, 9, 31, 3
2026/5/2, 15, 9, 35, 3
2026/5/3, 7, 9, 35, 5
2026/5/4, 5, 10, 36, 5
2026/5/5, 7, 10, 36, 5
2026/5/6, 7, 10, 38, 4
2026/5/7, 7, 9, 39, 3
2026/5/8, 9, 9, 38, 1
2026/5/9, 10, 16, 38, 1
2026/5/10, 9, 15, 37, 2
2026/5/11, 8, 12, 35, 3
2026/5/12, 5, 14, 35, 7
2026/5/13, 11, 13, 35, 3
2026/5/14, 10, 14, 33, 3
2026/5/15, 10, 12, 35, 2
2026/5/16, 9, 9, 37, 2
2026/5/17, 8, 9, 35, 5
2026/5/18, 7, 11, 24, 4
2026/5/19, 10, 11, 34, 7
2026/5/20, 14, 20, 42, 14
2026/5/21, 29, 31, 49, 13
2026/5/22, 30, 25, 38, 10
2026/5/23, 29, 23, 43, 7
2026/5/24, 30, 28, 43, 9
2026/5/25, 31, 25, 47, 8
2026/5/26, 30, 24, 46, 8
2026/5/27, 25, 24, 39, 10
2026/5/28, 33, 24, 35, 7
2026/5/29, 27, 21, 32, 4
2026/5/30, 26, 16, 32, 2
2026/5/31, 18, 12, 25, 3
2026/6/1, 12, 10, 29, 2
2026/6/2, 10, 14, 27, 3
2026/6/3, 14, 14, 32, 2
2026/6/4, 13, 14, 35, 3
2026/6/5, 11, 14, 29, 4
2026/6/6, 15, 15, 31, 2
2026/6/7, 18, 15, 28, 2
2026/6/8, 11, 13, 30, 2
2026/6/9, 8, 14, 37, 3
2026/6/10, 14, 17, 54, 7
2026/6/11, 21, 25, 47, 13
2026/6/12, 32, 26, 39, 5
2026/6/13, 29, 24, 34, 4
2026/6/14, 22, 20, 38, 5
2026/6/15, 28, 20, 33, 6
2026/6/16, 30, 21, 30, 10
2026/6/17, 33, 19, 30, 8
2026/6/18, 26, 13, 24, 6
2026/6/19, 17, 9, 28, 4
2026/6/20, 12, 12, 34, 6
2026/6/21, 15, 14, 26, 8
2026/6/22, 24, 21, 35, 6
2026/6/23, 31, 18, 28, 1
2026/6/24, 23, 14, 20, 1
2026/6/25, 14, 12, 19, 3
2026/6/26, 11, 13, 23, 5
2026/6/27, 13, 9, 25, 2
2026/6/28, 9, 14, 28, 4
2026/6/29, 17, 17, 33, 5
2026/6/30, 23, 25, 45, 10
2026/1/1, 44, 15, 34, 
2026/1/2, 24, 10, 28, 1
2026/1/3, 10, 19, 18, 1
2026/1/4, 12, 13, 27, 2
2026/1/5, 9, 9, 28, 3
2026/1/6, 6, 15, 28, 5
2026/1/7, 12, 18, 28, 6
2026/1/8, 22, 15, 28, 6
2026/1/9, 15, 18, 26, 7
2026/1/10, 16, 29, 28, 4
2026/1/11, 48, 13, 32, 1
2026/1/12, 22, 12, 32, 3
2026/1/13, 12, 16, 25, 6
2026/1/14, 12, 15, 30, 4
2026/1/15, 13, 14, 24, 6
2026/1/16, 9, 11, 26, 3
2026/1/17, 8, 8, 21, 3
2026/1/18, 15, 10, 26, 6
2026/1/19, 14, 18, 29, 5
2026/1/20, 15, 20, 31, 
2026/1/21, 17, 24, 34, 1
2026/1/22, 22, 21, 33, 1
2026/1/23, 16, 16, 32, 2
2026/1/24, 8, 25, 33, 2
2026/1/25, 15, 22, 32, 
2026/1/26, 18, 18, 35, 
2026/1/27, 16, 25, 33, 
2026/1/28, 15, 24, 25, 1
2026/1/29, 13, 28, 31, 1
2026/1/30, 21, 31, 32, 1
2026/1/31, 23, 20, 25, 
2026/2/1, 17, 14, 36, 
2026/2/2, 6, 17, 31, 3
2026/2/3, 6, 13, 30, 4
2026/2/4, 8, 21, 34, 1
2026/2/5, 11, 23, 33, 3
2026/2/6, 10, 20, 35, 1
2026/2/7, 12, 15, 32, 2
2026/2/8, 11, 10, 24, 3
2026/2/9, 8, 7, 23, 2
2026/2/10, 4, 10, 24, 2
2026/2/11, 2, 29, 28, 3
2026/2/12, 12, 19, 33, 2
2026/2/13, 13, 22, 31, 4
2026/2/14, 10, 19, 28, 6
2026/2/15, 12, 11, 31, 4
2026/2/16, 9, 13, 31, 4
2026/2/17, 6, 18, 30, 4
2026/2/18, 12, 20, 31, 9
2026/2/19, 10, 20, 29, 10
2026/2/20, 9, 21, 23, 12
2026/2/21, 21, 23, 26, 13
2026/2/22, 35, 29, 34, 9
2026/2/23, 51, 25, 35, 3
2026/2/24, 39, 29, 28, 10
2026/2/25, 36, 26, 24, 14
2026/2/26, 31, 24, 34, 9
2026/2/27, 29, 17, 33, 4
2026/2/28, 12, 21, 28, 9
2026/3/1, 27, 30, 29, 9
2026/3/2, 46, 33, 24, 7
2026/3/3, 36, 38, 23, 7
2026/3/4, 37, 33, 35, 4
2026/3/5, 31, 17, 35, 2
2026/3/6, 17, 16, 31, 3
2026/3/7, 11, 15, 31, 3
2026/3/8, 13, 12, 32, 4
2026/3/9, 9, 10, 30, 3
2026/3/10, 10, 12, 27, 10
2026/3/11, 14, 15, 24, 8
2026/3/12, 19, 11, 24, 6
2026/3/13, 14, 11, 31, 3
2026/3/14, 10, 8, 31, 4
2026/3/15, 8, 13, 24, 8
2026/3/16, 12, 16, 33, 4
2026/3/17, 18, 18, 29, 2
2026/3/18, 16, 16, 28, 4
2026/3/19, 16, 10, 25, 4
2026/3/20, 12, 10, 29, 3
2026/3/21, 13, 14, 25, 5
2026/3/22, 21, 22, 33, 14
2026/3/23, 34, 23, 37, 9
2026/3/24, 31, 24, 39, 10
2026/3/25, 36, 21, 35, 7
2026/3/26, 26, 13, 32, 5
2026/3/27, 13, 14, 31, 6
2026/3/28, 13, 11, 33, 3
2026/3/29, 14, 15, 30, 8
2026/3/30, 12, 17, 31, 9
2026/3/31, 17, 14, 31, 6
2025/10/1, 25, 20, 39, 7
2025/10/2, 28, 22, 32, 8
2025/10/3, 29, 14, 18, 2
2025/10/4, 17, 12, 31, 5
2025/10/5, 13, 23, 36, 7
2025/10/6, 29, 27, 35, 5
2025/10/7, 31, 21, 34, 4
2025/10/8, 21, 22, 28, 5
2025/10/9, 23, 24, 36, 10
2025/10/10, 33, 22, 35, 6
2025/10/11, 31, 19, 36, 6
2025/10/12, 21, 24, 37, 11
2025/10/13, 30, 26, 38, 14
2025/10/14, 31, 35, 33, 13
2025/10/15, 38, 38, 36, 15
2025/10/16, 42, 54, 33, 14
2025/10/17, 48, 40, 40, 7
2025/10/18, 41, 26, 35, 1
2025/10/19, 32, 16, 29, 2
2025/10/20, 17, 16, 32, 1
2025/10/21, 10, 31, 29, 1
2025/10/22, 25, 27, 34, 2
2025/10/23, 25, 17, 32, 2
2025/10/24, 15, 12, 28, 2
2025/10/25, 11, 11, 28, 5
2025/10/26, 11, 12, , 
2025/10/27, 9, 11, 21, 3
2025/10/28, 16, 11, 21, 4
2025/10/29, 10, 18, 30, 3
2025/10/30, 7, 21, 31, 1
2025/10/31, 23, 22, 31, 2
2025/11/1, 21, 13, 28, 5
2025/11/2, 9, 18, 21, 9
2025/11/3, 20, 26, 35, 5
2025/11/4, 42, 21, 32, 2
2025/11/5, 29, 17, 31, 3
2025/11/6, 12, 18, 30, 3
2025/11/7, 17, 20, 21, 5
2025/11/8, 17, 23, 21, 9
2025/11/9, 27, 25, 27, 4
2025/11/10, 27, 17, 33, 2
2025/11/11, 15, 13, 32, 1
2025/11/12, 14, 13, 33, 
2025/11/13, 13, 14, 33, 1
2025/11/14, 6, 19, 34, 1
2025/11/15, 13, 17, 29, 1
2025/11/16, 11, 11, 21, 6
2025/11/17, 5, 12, 19, 6
2025/11/18, 14, 16, 26, 6
2025/11/19, 14, 12, 30, 3
2025/11/20, 12, 9, 27, 4
2025/11/21, 10, 13, 25, 7
2025/11/22, 17, 19, 29, 7
2025/11/23, 37, 12, 29, 1
2025/11/24, 18, 11, 24, 3
2025/11/25, 8, 13, 20, 7
2025/11/26, 10, 19, 19, 6
2025/11/27, 30, 17, 22, 10
2025/11/30, 25, , , 
2025/12/2, 9, 16, 27, 4
2025/12/3, 10, 23, 30, 5
2025/12/4, 15, 22, 26, 2
2025/12/5, 19, 15, 27, 3
2025/12/6, 10, 13, 26, 3
2025/12/7, 11, 13, 29, 1
2025/12/8, 13, 20, 27, 4
2025/12/9, 19, 17, 22, 7
2025/12/10, 14, 15, 18, 4
2025/12/11, 18, 13, 22, 3
2025/12/12, 16, 8, 21, 3
2025/12/13, 12, 10, 19, 3
2025/12/14, 12, 14, 27, 3
2025/12/15, 17, 12, 30, 1
2025/12/16, 11, 19, 24, 8
2025/12/17, 15, 35, 26, 5
2025/12/18, 55, 18, 30, 4
2025/12/19, 29, 19, 33, 6
2025/12/20, 20, 14, 29, 4
2025/12/21, 16, 12, 25, 6
2025/12/22, 11, 16, 26, 5
2025/12/23, 17, 13, 19, 5
2025/12/24, 15, 13, 16, 5
2025/12/25, 24, 16, 21, 5
2025/12/26, 23, 11, 22, 
2025/12/27, 23, 6, 21, 3
2025/12/28, 15, , , 
2025/7/1, 42, 23, 44, 6
2025/7/2, 24, 22, 30, 2
2025/7/3, 18, 30, 42, 5
2025/7/4, 30, 22, 34, 5
2025/7/5, 30, 25, 40, 4
2025/7/6, 36, 15, 33, 1
2025/7/7, 26, 18, 34, 3
2025/7/9, 21, 18, 29, 1
2025/7/10, 13, 13, 28, 1
2025/7/11, 12, 10, 30, 2
2025/7/12, 9, 9, 21, 1
2025/7/13, 13, 8, 30, 2
2025/7/14, 8, 16, 54, 5
2025/7/15, 16, 28, 34, 9
2025/7/16, 42, 23, 33, 3
2025/7/17, 31, 13, 20, 2
2025/7/18, 22, 10, 26, 1
2025/7/19, 13, 12, 31, 1
2025/7/20, 14, 11, 30, 1
2025/7/21, 8, 11, 24, 1
2025/7/22, 9, 10, 30, 1
2025/7/23, 13, 17, 44, 2
2025/7/24, 20, 19, 40, 6
2025/7/25, 21, 19, 58, 6
2025/7/26, 24, 21, 38, 8
2025/7/27, 32, 17, 37, 3
2025/7/28, 26, 22, 55, 6
2025/7/29, 30, 31, 57, 9
2025/7/30, 50, 37, 50, 13
2025/7/31, 62, 34, 29, 8
2025/8/1, 58, 27, 46, 9
2025/8/2, 38, 27, 54, 11
2025/8/3, 37, 32, 38, 6
2025/8/4, 50, 33, 42, 4
2025/8/5, 48, 34, 40, 3
2025/8/6, 52, 30, 36, 4
2025/8/7, 44, 25, 41, 5
2025/8/8, 33, 29, 49, 8
2025/8/9, 38, 25, 45, 6
2025/8/10, 39, 26, 51, 9
2025/8/11, 40, 41, 52, 17
2025/8/12, 50, 36, 59, 5
2025/8/13, 48, 26, 52, 5
2025/8/14, 32, 24, 36, 2
2025/8/15, 29, 24, 44, 6
2025/8/16, 32, 23, 36, 3
2025/8/17, 33, 17, 26, 1
2025/8/18, 25, 13, 31, 1
2025/8/19, 17, 15, 31, 1
2025/8/20, 11, 13, 35, 1
2025/8/21, 14, 19, 43, 4
2025/8/22, 24, 26, 40, 4
2025/8/23, 40, 23, 38, 1
2025/8/24, 33, 19, 39, 3
2025/8/25, 22, 16, 25, 1
2025/8/26, 18, 14, 27, 1
2025/8/27, 15, 17, 33, 1
2025/8/28, 12, 18, 26, 2
2025/8/29, 13, 14, 21, 3
2025/8/30, 14, 14, 29, 2
2025/8/31, 11, 16, 27, 2
2025/9/1, 10, 19, 25, 4
2025/9/2, 13, 17, 23, 3
2025/9/3, 14, 17, 27, 2
2025/9/4, 11, 18, 36, 5
2025/9/5, 16, 19, 36, 3
2025/9/6, 21, 15, 29, 2
2025/9/7, 19, 10, 27, 1
2025/9/8, 7, 12, 26, 1
2025/9/9, 7, 13, 16, 3
2025/9/10, 17, 11, 24, 2
2025/9/11, 13, 9, 21, 2
2025/9/12, 13, 12, 28, 2
2025/9/13, 9, 10, 22, 1
2025/9/14, 10, 9, 26, 3
2025/9/15, 9, 20, 38, 9
2025/9/16, 23, 27, 41, 15
2025/9/17, 29, 29, 47, 13
2025/9/18, 41, 33, 47, 9
2025/9/19, 51, 24, 31, 3
2025/9/20, 37, 14, 31, 1
2025/9/21, 15, 12, 30, 3
2025/9/22, 21, 14, 32, 4
2025/9/23, 9, 15, 35, 5
2025/9/24, 11, 17, 37, 7
2025/9/25, 16, 24, 41, 14
2025/9/26, 25, 22, 30, 4
2025/9/27, 24, 21, 32, 
2025/9/28, 22, 26, 36, 6
2025/9/29, 28, 22, 42, 8
2025/9/30, 27, 19, 38, 8
2025/4/2, 7, , 38, 1
2025/4/7, 3, , 31, 7
2025/4/9, 20, , 27, 14
2025/4/17, 5, , 30, 2
2025/4/26, 5, , 34, 1
2025/4/29, 32, 9, 34, 2
2025/4/30, 13, , 40, 2
2025/5/2, 14, , 31, 2
2025/5/5, 8, 15, , 
2025/5/6, 4, , 38, 4
2025/5/10, 8, , 38, 2
2025/5/15, 7, 18, 36, 2
2025/5/16, 20, 19, 38, 5
2025/5/17, 21, 15, 45, 7
2025/5/18, 22, 10, 35, 2
2025/5/19, 9, 11, 35, 2
2025/5/20, 7, 11, 39, 3
2025/5/21, 13, 13, 27, 2
2025/5/22, 10, 18, 34, 2
2025/5/23, 11, 18, 38, 3
2025/5/24, 18, 16, 43, 6
2025/5/25, 22, 11, 29, 4
2025/5/26, 13, 17, 33, 2
2025/5/27, 15, 22, 40, 4
2025/5/28, 22, 26, 45, 8
2025/5/29, 30, 35, 50, 8
2025/5/30, 40, 33, 59, 11
2025/5/31, 39, 27, 53, 6
2025/6/1, 29, 19, 32, 5
2025/6/2, 21, 17, 33, 1
2025/6/3, 17, 13, 32, 1
2025/6/4, 16, 11, 26, 3
2025/6/5, 14, 11, 26, 2
2025/6/6, 19, 10, 21, 1
2025/6/7, 11, 13, 32, 1
2025/6/8, 13, 22, 40, 3
2025/6/9, 33, 28, 43, 2
2025/6/10, 39, 26, 35, 
2025/6/11, 34, 18, 39, 1
2025/6/12, 22, 12, 21, 1
2025/6/13, 8, 14, 31, 3
2025/6/14, 13, 14, 33, 1
2025/6/15, 12, 23, 34, 3
2025/6/16, 31, 30, 52, 10
2025/6/17, 48, 28, 45, 9
2025/6/18, 45, 29, 39, 3
2025/6/19, 45, 29, 38, 5
2025/6/20, 43, 19, 34, 5
2025/6/21, 27, 11, 27, 2
2025/6/22, 11, 15, 26, 1
2025/6/23, 17, 21, 36, 3
2025/6/24, 23, 15, 29, 1
2025/6/25, 17, 10, 29, 2
2025/6/26, 9, 10, 22, 2
2025/6/27, 11, 15, 42, 5
2025/6/28, 19, 23, 62, 7
2025/6/29, 33, 29, 72, 6
2025/6/30, 48, 29, 66, 9
2025/1/3, 53, , 15, 14
2025/1/6, 8, , 33, 11
2025/1/14, 8, 16, 23, 6
2025/1/15, 28, , 19, 13
2025/1/16, 33, , 26, 10
2025/1/22, 17, , 35, 1
2025/1/23, 5, 14, 29, 8
2025/1/24, 12, , 37, 4
2025/1/30, 11, , 36, 2
2025/2/2, 8, 8, 36, 3
2025/2/3, 9, , 32, 6
2025/2/28, 7, , 28, 6
2025/3/8, 11, , 43, 1
2025/3/17, 4, , 32, 6
2025/3/26, 20, 13, 13, 12
2025/3/27, 17, 18, , 
2025/3/28, 17, , 29, 5
2025/3/31, 7, , 40, 4
2024/10/9, 10, , 35, 3
2024/10/17, 1, , 27, 5
2024/10/19, 25, 14, 32, 5
2024/10/20, 9, 12, 30, 7
2024/10/21, 8, 25, 31, 5
2024/10/22, 18, 29, 31, 10
2024/10/23, 33, 23, 32, 11
2024/10/24, 33, 14, 29, 9
2024/10/25, 12, 12, 28, 4
2024/10/26, 5, 6, 27, 3
2024/10/27, 3, 9, 30, 2
2024/10/28, 7, , 24, 5
2024/11/9, 10, , 31, 10
2024/12/9, 8, , 30, 4
2024/12/11, 29, , 16, 11
2024/12/17, 25, 54, 15, 13
2024/12/18, 43, , 30, 8
2024/12/20, 12, , 21, 10
2024/12/26, 11, , 16, 11
2024/12/28, 27, , 19, 6
2024/7/1, 6, 8, 38, 7
2024/7/2, 7, 15, 33, 6
2024/7/3, 13, , 54, 10
2024/7/5, 40, 17, 33, 1
2024/7/6, 15, 19, 30, 1
2024/7/7, 8, 12, 28, 3
2024/7/8, 7, , 27, 1
2024/7/10, 14, 6, 21, 3
2024/7/11, 6, , 31, 2
2024/7/13, 4, , 28, 2
2024/7/15, 16, 12, 30, 3
2024/7/16, 2, 9, 38, 4
2024/7/17, 5, , 37, 8
2024/7/19, 29, 6, 17, 2
2024/7/20, 8, , 35, 1
2024/7/24, 36, , 23, 3
2024/8/4, 9, , 28, 3
2024/8/9, 14, , 55, 9
2024/8/13, 9, 9, 30, 2
2024/8/14, 5, , , 
2024/8/19, 5, , , 
2024/8/24, 9, , 36, 1
2024/9/22, 51, , 45, 7
2024/4/1, 5, 14, 39, 2
2024/4/2, 10, 18, 37, 4
2024/4/3, 11, 19, 39, 7
2024/4/4, 16, 16, 45, 4
2024/4/5, 25, 23, 38, 5
2024/4/6, 20, 20, 39, 5
2024/4/7, 12, 15, 40, 2
2024/4/8, 7, 14, 38, 5
2024/4/9, 5, 13, 34, 7
2024/4/10, 14, 15, 27, 12
2024/4/11, 20, 23, 41, 15
2024/4/12, 29, 18, 43, 10
2024/4/13, 26, 26, 46, 11
2024/4/14, 40, 20, 37, 12
2024/4/15, 29, 24, 35, 10
2024/4/16, 23, 26, 41, 14
2024/4/17, 27, 28, 44, 6
2024/4/18, 31, 24, 41, 5
2024/4/19, 26, 27, 47, 8
2024/4/20, 33, 25, 48, 14
2024/4/21, 37, 17, 35, 12
2024/4/22, 22, 13, 38, 4
2024/4/23, 13, 19, 36, 7
2024/4/24, 21, 14, 35, 2
2024/4/25, 17, 10, 44, 2
2024/4/26, 5, 10, 40, 3
2024/4/27, 3, 10, 39, 5
2024/4/28, 9, 9, 38, 3
2024/4/29, 7, 10, 36, 3
2024/4/30, 13, 11, 40, 3
2024/5/1, 6, 12, 42, 6
2024/5/2, 8, 12, 41, 6
2024/5/3, 11, 14, 35, 2
2024/5/4, 13, 13, 28, 1
2024/5/5, 12, 9, 39, 3
2024/5/6, 4, 12, 41, 7
2024/5/7, 13, 15, 47, 8
2024/5/8, 17, 16, 55, 7
2024/5/9, 17, 16, 49, 9
2024/5/10, 19, 19, 44, 3
2024/5/11, 28, 14, 39, 2
2024/5/12, 15, 9, 30, 2
2024/5/13, 9, 10, 33, 3
2024/5/14, 2, 15, 38, 3
2024/5/15, 4, 7, 34, 3
2024/5/16, 5, 8, 35, 4
2024/5/17, 7, 10, 33, 4
2024/5/18, 7, 10, 37, 2
2024/5/19, 8, 8, 35, 4
2024/5/20, 6, 8, 38, 3
2024/5/21, 6, 10, 36, 7
2024/5/22, 11, 14, 42, 3
2024/5/23, 11, 18, 39, 6
2024/5/24, 16, 14, 37, 4
2024/5/25, 16, 8, 33, 1
2024/5/26, 5, 15, 41, 2
2024/5/27, 8, 18, 40, 5
2024/5/28, 18, 14, 37, 5
2024/5/29, 17, 14, 33, 4
2024/5/30, 9, 22, 43, 7
2024/5/31, 33, 22, 40, 8
2024/6/1, 20, 39, 39, 4
2024/6/2, 37, , 40, 5
2024/6/4, 17, 19, 38, 5
2024/6/5, 19, , 37, 7
2024/6/7, 28, 23, 29, 3
2024/6/8, 28, 20, 37, 4
2024/6/9, 19, 17, 30, 3
2024/6/10, 17, 19, 29, 4
2024/6/11, 15, 19, 34, 2
2024/6/12, 19, 20, 33, 4
2024/6/13, 9, 9, 30, 3
2024/6/14, 9, 7, 33, 1
2024/6/15, 5, 20, 25, 1
2024/6/16, 11, , 25, 3
2024/6/17, 9, 10, 29, 1
2024/6/18, 8, , 33, 4
2024/6/21, 5, 11, 31, 3
2024/6/22, 11, , 34, 3
2024/6/24, 10, 14, 29, 2
2024/6/25, 34, 9, 33, 2
2024/6/26, 23, 12, 32, 8
2024/6/27, 7, , 22, 8
2024/6/30, 5, 5, 29, 3
2024/1/1, 43, 21, 31, 3
2024/1/2, 32, 12, 28, 9
2024/1/3, 17, 13, 32, 6
2024/1/4, 11, 9, 31, 10
2024/1/5, 2, 19, 20, 21
2024/1/6, 16, 29, 14, 15
2024/1/7, 57, 27, 15, 10
2024/1/8, 60, 7, 15, 6
2024/1/9, 16, 16, 8, 18
2024/1/10, 26, 18, 19, 14
2024/1/11, 23, 13, 22, 4
2024/1/12, 20, 22, 20, 5
2024/1/13, 23, 44, 23, 5
2024/1/14, 42, 39, 26, 2
2024/1/15, 28, 40, 37, 2
2024/1/16, 38, 24, 36, 1
2024/1/17, 18, 17, 31, 7
2024/1/18, 11, 9, 25, 5
2024/1/19, 4, 14, 30, 7
2024/1/20, 6, 18, 19, 13
2024/1/21, 29, 26, 14, 18
2024/1/22, 50, 22, 12, 12
2024/1/23, 39, 16, 11, 13
2024/1/24, 23, 24, 9, 16
2024/1/25, 41, 24, 9, 15
2024/1/26, 48, 25, 28, 8
2024/1/27, 46, 24, 25, 8
2024/1/28, 50, 22, 20, 12
2024/1/29, 45, 25, 18, 9
2024/1/30, 39, 19, 16, 7
2024/1/31, 34, 26, 17, 14
2024/2/1, 43, 44, 15, 17
2024/2/2, 61, 41, 22, 15
2024/2/3, 60, 33, 24, 14
2024/2/4, 55, 38, 19, 15
2024/2/5, 63, 35, 32, 10
2024/2/6, 50, 34, 34, 3
2024/2/7, 34, 23, 36, 1
2024/2/8, 32, 15, 36, 1
2024/2/9, 14, 12, 33, 9
2024/2/10, 3, 24, 23, 6
2024/2/11, 22, 18, 31, 3
2024/2/12, 15, 20, 19, 4
2024/2/13, 16, 12, 22, 9
2024/2/14, 18, 28, 38, 3
2024/2/15, 26, 17, 31, 14
2024/2/16, 9, 19, 30, 14
2024/2/17, 18, 19, 28, 13
2024/2/18, 32, 22, 20, 14
2024/2/19, 36, 30, 23, 19
2024/2/20, 40, 31, 25, 17
2024/2/21, 42, 17, 38, 3
2024/2/22, 16, 13, 37, 5
2024/2/23, 9, 16, 37, 3
2024/2/24, 15, 19, 35, 1
2024/2/25, 17, , , 
2024/2/29, 5, 18, 35, 9
2024/3/1, 14, 20, 38, 3
2024/3/2, 19, 13, 37, 5
2024/3/3, 8, 16, 37, 8
2024/3/4, 9, 17, 32, 12
2024/3/5, 14, 21, 38, 11
2024/3/6, 23, 12, 42, 1
2024/3/7, 7, 15, 38, 3
2024/3/8, 9, , , 
2024/3/19, 32, 13, 35, 5
2024/3/20, 16, 22, 32, 10
2024/3/21, 26, 45, 24, 11
2024/3/22, 40, 51, 25, 9
2024/3/23, 53, 36, 24, 10
2024/3/24, 41, 20, 37, 4
2024/3/25, 17, 10, 37, 3
2024/3/26, 3, 19, 39, 1
2024/3/27, 16, 19, 44, 2
2024/3/28, 16, 10, 40, 3
2024/3/29, 7, 9, 38, 1
2024/3/30, 12, 7, 43, 1
2024/3/31, 3, 12, 42, 2
2023/10/1, 19, 26, 39, 7
2023/10/2, 30, 27, 33, 9
2023/10/3, 26, 26, 34, 19
2023/10/4, 28, 22, 26, 15
2023/10/5, 26, 20, 43, 10
2023/10/6, 26, 29, 42, 15
2023/10/7, 41, 34, 37, 17
2023/10/8, 44, 34, 47, 19
2023/10/9, 38, 30, 52, 18
2023/10/10, 37, 34, 41, 19
2023/10/11, 53, 32, 40, 15
2023/10/12, 50, 27, 41, 8
2023/10/13, 41, 22, 35, 9
2023/10/14, 16, 28, 34, 6
2023/10/15, 19, 22, 31, 4
2023/10/16, 11, 24, 34, 1
2023/10/17, 11, 22, 35, 2
2023/10/18, 11, 19, 38, 1
2023/10/19, 11, 16, 37, 8
2023/10/20, 8, 20, 33, 10
2023/10/21, 7, 8, 27, 3
2023/10/22, 7, 9, 29, 13
2023/10/23, 7, 16, 31, 5
2023/10/24, 11, 31, 29, 3
2023/10/25, 11, 20, 25, 5
2023/10/26, 11, 19, 34, 5
2023/10/27, 10, 18, 37, 1
2023/10/28, 9, 17, 36, 4
2023/10/29, 9, 11, 30, 8
2023/10/30, 8, , , 
2023/11/1, 10, 18, 35, 3
2023/11/2, 10, 18, 38, 3
2023/11/3, 10, 26, 39, 1
2023/11/4, 11, 19, 32, 6
2023/11/5, 10, 16, 31, 16
2023/11/6, 9, 24, 31, 20
2023/11/7, 10, 20, 33, 8
2023/11/8, 19, 16, 32, 15
2023/11/9, 10, 24, 32, 12
2023/11/10, 18, 16, 30, 3
2023/11/11, 13, 17, 29, 4
2023/11/12, 9, 13, 26, 10
2023/11/13, 9, 20, 12, 19
2023/11/14, 13, 18, 13, 14
2023/11/15, 27, 20, 11, 18
2023/11/16, 24, 13, 14, 9
2023/11/17, 8, 15, 11, 7
2023/11/18, 19, 23, 11, 9
2023/11/19, 44, 21, 21, 13
2023/11/20, 36, 14, 27, 5
2023/11/21, 10, 10, 22, 9
2023/11/22, 8, 9, 21, 9
2023/11/23, 9, 23, 20, 17
2023/11/24, 23, 24, 24, 16
2023/11/25, 43, 22, 13, 17
2023/11/26, 39, 20, 27, 12
2023/11/27, 29, 8, 29, 4
2023/11/28, 11, 11, 27, 4
2023/11/29, 8, 8, 31, 4
2023/11/30, 10, 8, 28, 12
2023/12/1, 4, 13, 25, 16
2023/12/2, 16, 22, 34, 9
2023/12/3, 44, 16, 23, 16
2023/12/4, 16, 16, 18, 5
2023/12/5, 23, 13, 21, 10
2023/12/6, 16, 20, 30, 10
2023/12/7, 37, 19, 29, 9
2023/12/8, 13, 19, 29, 5
2023/12/9, 17, 8, 22, 7
2023/12/10, 14, 17, 27, 8
2023/12/11, 23, 18, 26, 6
2023/12/12, 17, 13, 29, 9
2023/12/13, 8, 12, 26, 9
2023/12/14, 9, 10, 20, 5
2023/12/15, 11, 7, 21, 4
2023/12/16, 13, 10, 19, 8
2023/12/17, 18, 23, 15, 14
2023/12/18, 36, 31, 17, 15
2023/12/19, 59, 18, 25, 8
2023/12/20, 29, 15, 26, 11
2023/12/21, 21, 34, 14, 20
2023/12/22, 58, 29, 15, 15
2023/12/23, 55, 30, 16, 13
2023/12/24, 61, 27, 14, 8
2023/12/25, 64, 21, 16, 10
2023/12/26, 49, 13, 10, 4
2023/12/27, 23, 12, 9, 7
2023/12/28, 17, 14, 8, 7
2023/12/29, 32, 26, 13, 10
2023/12/30, 55, 15, 24, 12
2023/12/31, 26, 27, 21, 10
2023/7/1, 25, 20, 38, 4
2023/7/2, 29, 20, 35, 6
2023/7/3, 28, 12, 28, 3
2023/7/4, 11, 9, 25, 3
2023/7/5, 12, 10, 25, 3
2023/7/6, 10, 10, 24, 4
2023/7/7, 10, 18, 28, 2
2023/7/8, 11, 15, 35, 2
2023/7/9, 8, 15, 42, 4
2023/7/10, 9, 12, 21, 2
2023/7/11, 13, 10, 30, 3
2023/7/12, 13, 11, 38, 5
2023/7/13, 13, 11, 20, 4
2023/7/14, 14, 10, 33, 2
2023/7/15, 14, 14, 35, 1
2023/7/16, 13, 18, 40, 5
2023/7/17, 14, 20, 38, 5
2023/7/18, 22, 19, 36, 5
2023/7/19, 27, 13, 24, 2
2023/7/20, 16, 9, 27, 4
2023/7/21, 15, 12, 32, 3
2023/7/22, 15, 11, 32, 1
2023/7/23, 13, 9, 33, 2
2023/7/24, 13, 13, 34, 2
2023/7/25, 12, 19, 39, 4
2023/7/26, 16, 12, 28, 3
2023/7/27, 13, 10, 23, 5
2023/7/28, 12, 8, 24, 3
2023/7/29, 10, 8, 36, 2
2023/7/30, 9, 10, 32, 3
2023/7/31, 9, 9, 21, 2
2023/8/1, 9, 11, 32, 2
2023/8/2, 9, 15, 35, 2
2023/8/3, 9, 18, 45, 5
2023/8/4, 11, 19, 54, 6
2023/8/5, 25, 22, 58, 7
2023/8/6, 39, 25, 71, 6
2023/8/7, 39, 33, 41, 6
2023/8/8, 43, 27, 33, 2
2023/8/9, 23, 18, 32, 6
2023/8/10, 19, 11, 22, 4
2023/8/11, 11, 9, 33, 3
2023/8/12, 12, 16, 33, 1
2023/8/13, 12, 16, 38, 2
2023/8/14, 8, 9, 33, 3
2023/8/15, 11, 15, 37, 3
2023/8/16, 12, 11, 29, 4
2023/8/17, 12, 10, 27, 3
2023/8/18, 12, 14, 18, 3
2023/8/19, 12, 11, 37, 7
2023/8/20, 13, 17, 46, 10
2023/8/21, 18, 21, 38, 19
2023/8/22, 18, 29, 69, 18
2023/8/23, 42, 26, 33, 14
2023/8/24, 32, 22, 35, 6
2023/8/25, 24, 13, 33, 1
2023/8/26, 8, 12, 32, 1
2023/8/27, 8, 15, 27, 2
2023/8/28, 8, 12, 28, 2
2023/8/29, 9, 10, 35, 2
2023/8/30, 8, 15, 30, 6
2023/8/31, 9, 9, 26, 4
2023/9/1, 9, 9, 35, 4
2023/9/2, 9, 12, 36, 4
2023/9/3, 10, 14, 41, 2
2023/9/4, 11, 23, 42, 2
2023/9/5, 12, 17, 34, 2
2023/9/6, 12, 15, 28, 2
2023/9/7, 11, 14, 39, 2
2023/9/8, 13, 14, 42, 3
2023/9/9, 13, 14, 33, 9
2023/9/10, 14, 10, 33, 6
2023/9/11, 13, 10, 30, 8
2023/9/12, 14, 13, 44, 9
2023/9/13, 15, 20, 46, 16
2023/9/14, 24, 19, 38, 6
2023/9/15, 25, 12, 34, 2
2023/9/16, 14, 17, 35, 2
2023/9/17, 10, 21, 35, 7
2023/9/18, 9, 19, 35, 13
2023/9/19, 9, 13, 33, 7
2023/9/20, 12, 14, 30, 4
2023/9/21, 11, 13, 32, 8
2023/9/22, 10, 15, 35, 11
2023/9/23, 10, 20, 41, 12
2023/9/24, 16, 19, 47, 14
2023/9/25, 19, 15, 31, 11
2023/9/26, 14, 20, 23, 19
2023/9/27, 15, 14, 28, 11
2023/9/28, 16, 15, 33, 13
2023/9/29, 13, 22, 52, 10
2023/9/30, 19, 23, 48, 13
2023/4/5, 15, 17, 41, 9
2023/4/6, 18, 32, 42, 12
2023/4/7, 47, 25, 51, 23
2023/4/8, 29, , 50, 22
2023/4/11, 13, , 31, 5
2023/4/12, 13, , 41, 4
2023/4/16, 12, 12, 36, 7
2023/4/17, 12, 21, 28, 6
2023/4/18, 22, 23, 43, 11
2023/4/19, 31, 19, 36, 16
2023/4/20, 21, 16, 42, 7
2023/4/21, 19, , 37, 7
2023/4/22, 14, 13, 42, 3
2023/4/23, 14, 13, 37, 5
2023/4/24, 13, 12, 32, 7
2023/4/25, 13, 10, 35, 10
2023/4/26, 13, 15, 25, 12
2023/4/27, 18, 13, 39, 13
2023/4/28, 18, 8, 34, 13
2023/4/29, 16, 11, 26, 5
2023/4/30, 14, , 32, 2
2023/5/2, 19, 14, 49, 4
2023/5/3, 22, 15, 39, 4
2023/5/4, 8, 21, 38, 5
2023/5/5, 9, 20, 38, 9
2023/5/6, 12, 14, 29, 4
2023/5/7, 14, 12, 35, 4
2023/5/8, 13, 10, 30, 5
2023/5/9, 13, 16, 33, 3
2023/5/10, 11, 18, 40, 3
2023/5/11, 11, 17, 39, 3
2023/5/12, 12, 13, 36, 3
2023/5/13, 12, 17, 38, 4
2023/5/14, 13, 15, 39, 4
2023/5/15, 17, 19, 38, 3
2023/5/16, 17, 18, 45, 7
2023/5/17, 16, 21, 43, 6
2023/5/18, 17, 23, 47, 5
2023/5/19, 32, 18, 52, 7
2023/5/20, 23, 16, 44, 6
2023/5/21, 28, 15, 43, 6
2023/5/22, 29, 20, 48, 11
2023/5/23, 35, 14, 40, 14
2023/5/24, 26, 20, 45, 7
2023/5/25, 33, 21, 51, 12
2023/5/26, 27, 17, 45, 3
2023/5/27, 17, 18, 42, 4
2023/5/28, 16, 17, 41, 4
2023/5/29, 15, 15, 36, 5
2023/5/30, 15, 12, 34, 5
2023/5/31, 15, 12, 29, 8
2023/6/1, 18, 18, 41, 9
2023/6/2, 30, 23, 47, 6
2023/6/3, 43, 18, 50, 6
2023/6/4, 33, 14, 47, 5
2023/6/5, 23, , 37, 4
2023/6/9, 17, 20, 38, 1
2023/6/10, 16, 18, 40, 2
2023/6/11, 16, 13, 33, 6
2023/6/12, 15, 9, 31, 2
2023/6/13, 13, 11, 36, 4
2023/6/14, 12, 12, 40, 3
2023/6/15, 16, 16, 49, 7
2023/6/16, 28, 12, 34, 11
2023/6/17, 18, 14, 33, 3
2023/6/18, 20, 14, 32, 3
2023/6/19, 21, 9, 27, 3
2023/6/20, 9, 8, 35, 6
2023/6/21, 9, 14, 36, 6
2023/6/22, 10, 16, 42, 4
2023/6/23, 16, 25, 50, 7
2023/6/24, 45, 18, 67, 9
2023/6/25, 30, 19, 42, 4
2023/6/26, 24, 22, 40, 7
2023/6/27, 34, 24, 39, 8
2023/6/28, 32, 22, 40, 7
2023/6/29, 20, 20, 33, 2
2023/6/30, 20, 20, 38, 4
2023/1/2, 8, 20, 20, 19
2023/1/3, 10, 12, 17, 12
2023/1/4, 9, 12, 15, 8
2023/1/5, 12, , , 
2023/1/12, 12, 21, 21, 24
2023/1/13, 15, 21, 14, 11
2023/1/14, 40, 15, 32, 12
2023/1/15, 25, 15, 33, 4
2023/1/16, 10, 15, 36, 5
2023/1/17, 10, 12, 34, 7
2023/1/18, 10, 15, 30, 13
2023/1/19, 13, 9, 28, 8
2023/1/20, 10, 7, 31, 5
2023/1/21, 8, 6, 27, 6
2023/1/22, 7, 9, 27, 11
2023/1/23, 6, 9, 28, 8
2023/1/24, 6, 9, 20, 10
2023/1/25, 6, 16, 27, 14
2023/1/26, 11, 10, 27, 9
2023/1/27, 10, 8, 28, 10
2023/1/28, 14, 8, 25, 5
2023/1/29, 13, , 22, 4
2023/2/6, 20, 12, 30, 8
2023/2/7, 16, 11, 23, 6
2023/2/9, 12, 6, 32, 3
2023/2/10, 10, 9, 32, 2
2023/2/11, 10, , 22, 6
2023/2/15, 24, 25, 30, 11
2023/2/16, 31, 29, 26, 7
2023/2/17, 38, , 29, 3
2023/2/22, 40, , 32, 2
2023/3/1, 12, 22, 14, 25
2023/3/2, 14, 33, 38, 10
2023/3/3, 79, , , 
2023/3/15, 17, 30, 43, 11
2023/3/16, 33, 18, 40, 2
2023/3/17, 11, , , 
2023/3/19, 10, 14, 39, 9
2023/3/20, 11, 10, 34, 10
2023/3/21, 11, 14, 38, 10
2023/3/22, 11, 15, 39, 11
2023/3/23, 12, 16, 34, 2
2023/3/24, 12, , 39, 9
2023/3/26, 12, 18, 29, 7
2023/3/27, 12, 33, 28, 15
2023/3/29, 27, 24, 32, 3
2023/3/30, 21, 29, 25, 4
2023/3/31, 26, , , 
2022/10/1, 6, 16, 36, 11
2022/10/2, 9, 32, 36, 21
2022/10/3, 33, 33, 26, 26
2022/10/4, 42, 49, 36, 20
2022/10/5, 47, 40, 29, 19
2022/10/6, 40, 61, 38, 20
2022/10/7, 72, 43, 34, 12
2022/10/8, 49, 41, 28, 9
2022/10/9, 41, 20, 20, 9
2022/10/10, 23, 12, 23, 7
2022/10/11, 17, 13, 32, 9
2022/10/12, 16, 19, 27, 10
2022/10/13, 23, 11, 23, 8
2022/10/14, 16, , 18, 7
2022/10/16, 13, 20, 28, 9
2022/10/17, 17, 33, 28, 2
2022/10/18, 39, 15, 30, 5
2022/10/19, 14, 18, 30, 3
2022/10/20, 10, 22, 28, 4
2022/10/21, 14, 10, 34, 1
2022/10/22, 15, 24, 35, 2
2022/10/23, 10, 17, 32, 5
2022/10/24, 11, 24, , 2
2022/10/25, 13, 19, 31, 4
2022/10/26, 17, 21, 31, 2
2022/10/27, 23, 15, 31, 5
2022/10/28, 14, 26, 32, 8
2022/10/29, 24, 21, 30, 15
2022/10/30, 38, 18, 29, 6
2022/10/31, 23, 15, 31, 6
2022/11/1, 7, 19, 20, 17
2022/11/2, 9, 26, 28, 7
2022/11/3, 16, 15, 25, 13
2022/11/4, 8, 16, 22, 17
2022/11/5, 24, 24, 29, 16
2022/11/6, 39, 18, 23, 6
2022/11/7, 27, 19, 28, 6
2022/11/8, 12, 23, 23, 16
2022/11/9, 12, 27, 19, 14
2022/11/10, 27, 11, 20, 10
2022/11/11, 14, , 23, 10
2022/11/14, 9, 15, 31, 5
2022/11/15, 8, 22, 29, 3
2022/11/16, 10, 19, 26, 6
2022/11/17, 9, 12, 30, 7
2022/11/18, 8, 12, 31, 10
2022/11/19, 9, , 33, 5
2022/11/21, 13, 22, 30, 4
2022/11/22, 12, 29, 30, 4
2022/11/23, 18, , , 
2022/11/29, 20, 23, 25, 15
2022/11/30, 37, 8, 23, 9
2022/12/1, 10, 12, 15, 9
2022/12/2, 12, 19, 14, 8
2022/12/3, 38, 22, 26, 10
2022/12/4, 48, 10, 21, 13
2022/12/5, 12, 24, 14, 18
2022/12/6, 31, 21, 35, 5
2022/12/7, 40, 18, 33, 2
2022/12/8, 16, 18, 35, 8
2022/12/9, 17, 16, 29, 8
2022/12/10, 14, 29, 27, 2
2022/12/11, 28, 40, 26, 2
2022/12/12, 17, 21, 31, 2
2022/12/13, 8, 22, 34, 3
2022/12/14, 8, 19, 32, 6
2022/12/15, 9, 13, 29, 9
2022/12/16, 11, 20, 24, 14
2022/12/17, 13, 15, 30, 6
2022/12/18, 14, 15, 31, 3
2022/12/19, 16, 20, 30, 4
2022/12/20, 13, 24, 28, 4
2022/12/21, 13, 20, 26, 7
2022/12/22, 14, 18, 26, 8
2022/12/23, 14, 16, 31, 2
2022/12/24, 15, 13, 33, 3
2022/12/25, 14, 18, 21, 4
2022/12/26, 15, 26, 9, 10
2022/12/27, 34, 26, 26, 11
2022/12/28, 47, 22, 33, 6
2022/12/29, 18, 21, 35, 
2022/12/30, 18, 23, 31, 
2022/12/31, 34, 23, 30, 
2023/1/1, 33, 13, 23, 20
2022/7/1, 17, 12, 34, 9
2022/7/2, 17, 22, 38, 9
2022/7/3, 33, 22, 36, 8
2022/7/4, 29, 19, 36, 9
2022/7/5, 34, 21, 42, 9
2022/7/6, 34, 26, 62, 15
2022/7/7, 39, 27, 72, 11
2022/7/8, 51, 24, 60, 17
2022/7/9, 44, 17, 56, 7
2022/7/10, 40, 20, 41, 11
2022/7/11, 36, 28, 44, 10
2022/7/12, 48, 37, 59, 11
2022/7/13, 50, 30, 39, 9
2022/7/14, 42, 31, 43, 16
2022/7/15, 49, 23, 43, 12
2022/7/16, 41, 21, 39, 9
2022/7/17, 39, 15, 29, 5
2022/7/18, 28, 15, 32, 6
2022/7/19, 18, 21, 35, 7
2022/7/20, 25, 22, 35, 8
2022/7/21, 33, 23, 43, 5
2022/7/22, 38, 19, 38, 12
2022/7/23, 27, 17, 34, 8
2022/7/24, 20, 14, 28, 7
2022/7/25, 19, 13, 24, 10
2022/7/26, 20, 16, 35, 12
2022/7/27, 20, 10, 23, 6
2022/7/28, 18, 13, 30, 3
2022/7/29, 16, 21, 45, 8
2022/7/30, 18, 25, 40, 12
2022/7/31, 25, 28, 37, 12
2022/8/1, 49, 25, 38, 8
2022/8/2, 46, 17, 27, 3
2022/8/3, 26, 15, 25, 3
2022/8/4, 17, 25, 31, 5
2022/8/5, 31, 28, 34, 3
2022/8/6, 33, 29, 40, 4
2022/8/7, 42, 23, 37, 4
2022/8/8, 37, 29, 41, 8
2022/8/9, 54, 24, 36, 5
2022/8/10, 35, 20, 41, 6
2022/8/11, 26, 27, 40, 9
2022/8/12, 30, 17, 37, 5
2022/8/13, 21, 16, 33, 2
2022/8/14, 20, 17, 49, 3
2022/8/15, 29, 13, 30, 3
2022/8/16, 20, 17, 33, 1
2022/8/17, 10, 22, 40, 4
2022/8/18, 12, 15, 28, 6
2022/8/19, 13, , , 
2022/8/22, 24, 21, 31, 9
2022/8/23, 40, 11, 20, 4
2022/8/24, 18, 8, 23, 2
2022/8/25, 8, 17, 28, 4
2022/8/26, 11, 22, 38, 5
2022/8/27, 28, 23, 34, 8
2022/8/28, 37, 19, 32, 6
2022/8/29, 29, 15, 32, 9
2022/8/30, 18, 16, 33, 7
2022/8/31, 17, 10, 21, 4
2022/9/1, 14, 7, 28, 5
2022/9/2, 10, 11, 37, 3
2022/9/3, 9, 10, 27, 2
2022/9/4, 11, 15, 25, 2
2022/9/5, 10, 19, 31, 5
2022/9/6, 12, 17, 31, 5
2022/9/7, 14, 19, 19, 2
2022/9/8, 33, 15, 21, 7
2022/9/9, 19, 13, 21, 10
2022/9/10, 14, 10, 16, 5
2022/9/11, 15, 13, 24, 2
2022/9/12, 16, 23, 26, 1
2022/9/13, 24, 17, 26, 3
2022/9/14, 15, 13, 28, 4
2022/9/15, 13, 16, 29, 7
2022/9/16, 15, , 33, 14
2022/9/18, 31, , , 
2022/9/20, 35, 19, 38, 8
2022/9/21, 27, 24, 37, 13
2022/9/22, 42, 21, 35, 9
2022/9/23, 20, 13, 31, 2
2022/9/24, 17, 14, 32, 2
2022/9/25, 15, 7, 35, 6
2022/9/26, 15, 13, 30, 4
2022/9/27, 13, 11, 31, 3
2022/9/28, 15, 17, 27, 4
2022/9/29, 23, 12, 27, 4
2022/9/30, 5, 12, 35, 9
2022/4/1, 9, , 33, 6
2022/4/3, 10, 9, 35, 4
2022/4/4, 10, 9, 32, 4
2022/4/5, 10, 12, 36, 8
2022/4/6, 13, 5, 31, 4
2022/4/7, 12, 7, 32, 3
2022/4/8, 12, 14, 29, 4
2022/4/9, 14, , 36, 7
2022/4/11, 14, 12, 34, 4
2022/4/12, 13, 15, 33, 6
2022/4/13, 15, 10, 28, 9
2022/4/14, 13, , 35, 8
2022/4/17, 20, 17, 32, 3
2022/4/18, 16, 18, 40, 2
2022/4/19, 18, 13, 40, 2
2022/4/20, 18, 14, 39, 4
2022/4/21, 18, , 37, 3
2022/4/23, 15, , 43, 11
2022/4/25, 22, 11, 35, 4
2022/4/26, 25, 14, 34, 7
2022/4/27, 8, 16, 37, 7
2022/4/28, 11, 12, 38, 6
2022/4/29, 13, , 46, 14
2022/5/1, 22, 10, 44, 4
2022/5/2, 34, 18, 41, 4
2022/5/3, 41, 18, 40, 5
2022/5/4, 37, 21, 41, 13
2022/5/5, 39, 18, 33, 15
2022/5/6, 34, , 49, 14
2022/5/9, 45, 25, 51, 12
2022/5/10, 46, 20, 36, 11
2022/5/11, 35, 12, 47, 10
2022/5/12, 24, 28, 52, 15
2022/5/13, 51, 29, 46, 6
2022/5/14, 50, 15, 30, 1
2022/5/15, 20, 17, 26, 2
2022/5/16, 21, 11, 21, 3
2022/5/17, 17, 11, 28, 7
2022/5/18, 17, 14, 35, 10
2022/5/19, 15, 19, 37, 12
2022/5/20, 21, 30, 40, 3
2022/5/21, 36, 16, 33, 3
2022/5/22, 14, 12, 29, 3
2022/5/23, 10, 12, 36, 3
2022/5/24, 9, 15, 37, 5
2022/5/25, 9, 16, 37, 8
2022/5/26, 15, 22, 53, 9
2022/5/27, 37, , 46, 6
2022/5/29, 20, 16, 31, 3
2022/5/30, 21, 11, 25, 2
2022/5/31, 17, 15, 33, 4
2022/6/1, 20, 19, 35, 3
2022/6/2, 15, 16, 33, 4
2022/6/3, 16, 10, 33, 4
2022/6/4, 16, 9, 39, 6
2022/6/5, 15, 9, 22, 7
2022/6/6, 14, 9, 25, 7
2022/6/7, 15, 8, 14, 6
2022/6/8, 14, 7, 27, 6
2022/6/9, 13, 19, 35, 7
2022/6/10, 19, 19, 34, 6
2022/6/11, 36, 22, 37, 10
2022/6/12, 38, 24, 39, 9
2022/6/13, 43, 24, 35, 5
2022/6/14, 34, 30, 25, 8
2022/6/15, 44, 18, 24, 7
2022/6/16, 20, 17, 28, 9
2022/6/17, 18, 11, 29, 4
2022/6/18, 16, 9, 32, 3
2022/6/19, 13, 12, 30, 5
2022/6/20, 11, 12, 29, 6
2022/6/21, 13, 13, 30, 5
2022/6/22, 14, 15, 30, 6
2022/6/23, 15, 9, 24, 8
2022/6/24, 14, 8, 37, 4
2022/6/25, 14, 12, 30, 4
2022/6/26, 14, 13, 30, 4
2022/6/27, 14, 17, 31, 5
2022/6/28, 15, 11, 29, 4
2022/6/29, 15, 18, 29, 4
2022/6/30, 17, 14, 29, 5
2022/1/3, 37, 12, 32, 7
2022/1/4, 28, 12, 30, 7
2022/1/5, 23, 21, 28, 8
2022/1/6, 32, 10, 27, 8
2022/1/7, 22, 14, 25, 8
2022/1/8, 27, 9, 29, 8
2022/1/9, 27, 6, 26, 8
2022/1/10, 13, 9, 15, 11
2022/1/11, 27, 8, 15, 8
2022/1/12, 37, 8, 22, 7
2022/1/13, 21, 9, 20, 6
2022/1/14, 36, , , 
2022/1/16, 67, 119, 17, 13
2022/1/17, 61, 46, 19, 14
2022/1/18, 62, 26, 16, 21
2022/1/19, 75, 32, 14, 25
2022/1/20, 101, 21, 22, 12
2022/1/21, 69, , 26, 5
2022/1/24, 28, 9, 23, 9
2022/1/25, 34, 10, 22, 8
2022/1/26, 24, 17, 25, 9
2022/1/27, 40, 22, 24, 8
2022/1/28, 39, , 27, 6
2022/1/30, 22, 40, 18, 23
2022/1/31, 78, 25, 23, 19
2022/2/1, 60, 18, 25, 16
2022/2/2, 37, 43, 17, 29
2022/2/3, 77, 34, 27, 21
2022/2/4, 60, , 28, 8
2022/2/6, 31, 14, 23, 11
2022/2/7, 25, 27, 19, 27
2022/2/8, 54, 34, 23, 22
2022/2/9, 63, 40, 17, 24
2022/2/10, 68, 51, 27, 20
2022/2/11, 73, 40, 29, 14
2022/2/12, 58, 19, 33, 12
2022/2/13, 31, 14, 31, 12
2022/2/14, 13, 25, 29, 20
2022/2/15, 18, 16, 28, 15
2022/2/16, 23, , 27, 8
2022/2/18, 13, 16, 32, 3
2022/2/19, 13, 11, 30, 6
2022/2/20, 21, 18, 26, 14
2022/2/21, 35, 18, 27, 14
2022/2/22, 46, 21, 21, 21
2022/2/23, 48, 29, 12, 18
2022/2/24, 57, 28, 27, 9
2022/2/25, 59, 20, 30, 6
2022/2/26, 47, 17, 33, 6
2022/2/27, 34, 17, 28, 18
2022/2/28, 27, 38, 30, 17
2022/3/1, 59, 19, 33, 12
2022/3/2, 16, 12, 35, 5
2022/3/3, 17, 13, 35, 3
2022/3/4, 14, , 30, 11
2022/3/6, 17, 11, 38, 8
2022/3/7, 22, 19, 34, 9
2022/3/8, 16, 16, 35, 7
2022/3/9, 19, 16, 34, 3
2022/3/10, 17, 19, 34, 12
2022/3/11, 16, 25, 34, 7
2022/3/12, 32, 16, 39, 6
2022/3/13, 12, 11, 29, 7
2022/3/14, 21, 205, 18, 11
2022/3/15, 101, 151, 28, 7
2022/3/16, 163, 52, 28, 6
2022/3/17, 71, 12, 27, 6
2022/3/18, 25, , 32, 6
2022/3/20, 45, 7, 31, 5
2022/3/21, 15, 18, 32, 9
2022/3/22, 31, 7, 30, 6
2022/3/23, 8, 29, 30, 6
2022/3/24, 23, 43, 23, 10
2022/3/25, 66, 37, 30, 5
2022/3/26, 54, 54, 28, 4
2022/3/27, 57, 61, 27, 8
2022/3/28, 67, 26, 35, 8
2022/3/29, 47, 32, 40, 5
2022/3/30, 42, 13, 34, 6
2022/3/31, 13, 12, 37, 5
2021/10/1, 19, , 22, 3
2021/10/6, 20, 19, 33, 12
2021/10/7, 29, 18, 36, 14
2021/10/8, 49, , 31, 11
2021/10/11, 30, 19, 35, 13
2021/10/12, 30, 25, 41, 19
2021/10/13, 40, 29, 37, 25
2021/10/14, 45, 32, 38, 24
2021/10/15, 53, , 36, 15
2021/10/17, 39, 14, 15, 14
2021/10/18, 23, 26, 38, 9
2021/10/19, 45, 29, 24, 13
2021/10/20, 42, 19, 32, 10
2021/10/21, 19, 12, 29, 6
2021/10/22, 15, , 29, 15
2021/10/24, 28, 15, 28, 13
2021/10/25, 34, 11, 25, 13
2021/10/26, 12, 23, 36, 18
2021/10/27, 40, 44, 39, 18
2021/10/28, 67, 15, 28, 4
2021/10/29, 18, , 23, 2
2021/10/31, 27, 10, 26, 8
2021/11/1, 19, 14, 28, 10
2021/11/2, 15, 9, 28, 11
2021/11/3, 14, 13, 29, 9
2021/11/4, 14, 11, 27, 9
2021/11/5, 13, , 27, 9
2021/11/7, 16, 12, 19, 17
2021/11/8, 22, 28, 19, 23
2021/11/9, 53, 25, 24, 19
2021/11/10, 48, 36, 25, 21
2021/11/11, 51, 22, 25, 14
2021/11/12, 30, 36, 26, 15
2021/11/13, 62, , 26, 17
2021/11/15, 52, 13, 23, 10
2021/11/16, 24, 12, 22, 8
2021/11/17, 28, 10, 23, 6
2021/11/18, 20, 12, 22, 5
2021/11/19, 19, , , 
2021/11/22, 15, 11, 22, 11
2021/11/23, 9, 20, 28, 9
2021/11/24, 42, 8, 28, 9
2021/11/25, 20, 23, 28, 10
2021/11/26, 53, 9, 30, 5
2021/11/27, 15, 9, 29, 9
2021/11/28, 34, 6, 30, 9
2021/11/29, 15, 18, 23, 16
2021/11/30, 42, 11, 27, 12
2021/12/1, 46, 9, 28, 4
2021/12/2, 9, 12, 22, 11
2021/12/3, 27, , 27, 7
2021/12/6, 31, 5, 26, 5
2021/12/7, 27, 17, 30, 5
2021/12/8, 16, 16, 27, 10
2021/12/9, 33, 10, 27, 9
2021/12/10, 16, , 27, 7
2021/12/12, 48, 11, 12, 12
2021/12/13, 40, 17, 18, 10
2021/12/14, 46, 17, 14, 11
2021/12/15, 53, 18, 20, 12
2021/12/16, 55, 11, 19, 8
2021/12/17, 33, 17, 22, 4
2021/12/18, 46, 12, 29, 3
2021/12/19, 42, 20, 24, 4
2021/12/20, 44, 36, 31, 5
2021/12/21, 60, 16, 25, 6
2021/12/22, 21, 8, 24, 9
2021/12/23, 17, , 31, 5
2021/12/25, 26, , 29, 1
2021/12/27, 21, 18, 25, 4
2021/12/28, 18, 7, 9, 10
2021/12/29, 19, 12, 15, 6
2021/12/30, 40, 13, 15, 11
2021/12/31, 48, , 16, 8
2022/1/2, 63, 7, 15, 6
2021/7/1, 31, 11, 16, 9
2021/7/2, 29, , 23, 3
2021/7/4, 18, 8, 22, 4
2021/7/5, 18, 7, 26, 5
2021/7/6, 16, 10, 24, 4
2021/7/7, 19, 12, 28, 5
2021/7/8, 27, 18, 39, 7
2021/7/9, 41, 18, 59, 6
2021/7/10, 50, 15, 27, 5
2021/7/11, 41, 9, 26, 3
2021/7/12, 16, 12, 23, 3
2021/7/13, 25, 13, 37, 7
2021/7/14, 33, 16, 47, 11
2021/7/15, 37, 18, 46, 12
2021/7/16, 51, 14, 41, 9
2021/7/17, 34, 10, 30, 5
2021/7/18, 39, 13, 32, 3
2021/7/19, 42, 12, 37, 4
2021/7/20, 43, 14, 38, 6
2021/7/21, 54, 11, 30, 8
2021/7/22, 20, 24, 24, 6
2021/7/23, 37, 2, 27, 3
2021/7/24, 21, 1, 16, 4
2021/7/25, 35, 7, 31, 4
2021/7/26, 31, 17, 30, 4
2021/7/27, 46, 15, 34, 5
2021/7/28, 49, 18, 31, 4
2021/7/29, 45, 8, 24, 3
2021/7/30, 36, 13, 26, 2
2021/7/31, 17, 12, 23, 3
2021/8/1, 57, 8, 29, 4
2021/8/2, 28, 13, 35, 5
2021/8/3, 26, 8, 23, 4
2021/8/4, 19, 7, 26, 6
2021/8/5, 14, 13, 30, 4
2021/8/6, 14, 10, 26, 4
2021/8/7, 14, 11, 30, 2
2021/8/8, 8, 12, 33, 5
2021/8/9, 12, 11, 35, 8
2021/8/10, 15, 14, 31, 5
2021/8/11, 25, 14, 31, 7
2021/8/12, 20, 14, 39, 9
2021/8/13, 24, 16, 41, 9
2021/8/14, 24, 14, 36, 4
2021/8/15, 30, 18, 36, 5
2021/8/16, 26, 19, 37, 6
2021/8/17, 29, 17, 38, 6
2021/8/18, 28, 18, 36, 5
2021/8/19, 19, 14, 30, 5
2021/8/20, 13, 10, 26, 5
2021/8/21, 13, 7, 29, 4
2021/8/22, 13, 14, 34, 10
2021/8/23, 18, 16, 32, 4
2021/8/24, 38, 24, 35, 3
2021/8/25, 41, 21, 34, 6
2021/8/26, 33, 19, 37, 9
2021/8/27, 34, 19, 28, 7
2021/8/28, 34, 11, 25, 3
2021/8/29, 16, 10, 27, 4
2021/8/30, 18, 12, 23, 8
2021/8/31, 18, 15, 26, 7
2021/9/1, 19, 13, 31, 8
2021/9/2, 16, 15, 34, 7
2021/9/3, 21, 20, 40, 11
2021/9/4, 32, 17, 40, 8
2021/9/5, 33, 17, 25, 6
2021/9/6, 34, 12, 25, 3
2021/9/7, 21, 14, 27, 3
2021/9/8, 16, 14, 33, 6
2021/9/9, 16, 18, 25, 6
2021/9/10, 18, 10, 28, 6
2021/9/11, 16, 10, 25, 5
2021/9/12, 17, 14, 25, 3
2021/9/13, 17, 23, 37, 5
2021/9/14, 17, 14, 29, 10
2021/9/15, 18, 22, 34, 6
2021/9/16, 22, 15, 28, 4
2021/9/17, 17, 13, 31, 3
2021/9/18, 13, 13, 35, 3
2021/9/19, 13, 12, 32, 5
2021/9/20, 14, 11, 31, 5
2021/9/21, 14, 13, 36, 6
2021/9/22, 15, 10, 40, 5
2021/9/23, 16, 11, 44, 5
2021/9/24, 17, , 37, 5
2021/9/26, 10, 24, 25, 12
2021/9/27, 14, 7, 35, 5
2021/9/28, 11, 13, 32, 6
2021/9/29, 10, 17, 35, 11
2021/9/30, 16, 14, 27, 8
2021/4/1, 69, 31, 34, 4
2021/4/2, 53, 27, 33, 7
2021/4/3, 57, 35, 39, 5
2021/4/4, 65, 25, 40, 13
2021/4/5, 59, 31, 15, 25
2021/4/6, 56, , 47, 16
2021/4/9, 51, 13, 30, 3
2021/4/10, 28, 9, 33, 4
2021/4/11, 10, 17, 30, 9
2021/4/12, 20, , 28, 8
2021/4/14, 47, 12, 27, 8
2021/4/15, 32, 19, 37, 12
2021/4/16, 37, 16, 41, 10
2021/4/17, 26, 17, 49, 6
2021/4/18, 40, 17, 36, 7
2021/4/19, 38, 12, 34, 6
2021/4/20, 26, 7, 30, 5
2021/4/21, 14, 18, 36, 7
2021/4/22, 19, 14, 31, 5
2021/4/23, 34, 15, 33, 3
2021/4/24, 27, 14, 38, 2
2021/4/25, 23, 11, 25, 7
2021/4/26, 33, , 38, 7
2021/4/28, 23, 13, 39, 7
2021/4/29, 23, 13, 42, 7
2021/4/30, 17, , 38, 5
2021/5/2, 14, 13, 41, 6
2021/5/3, 15, , 41, 5
2021/5/5, 19, 8, 27, 4
2021/5/6, 20, , 28, 6
2021/5/9, 16, 17, 36, 6
2021/5/10, 13, 12, 36, 4
2021/5/11, 14, 13, 32, 5
2021/5/12, 37, 19, 30, 6
2021/5/13, 53, 15, 30, 7
2021/5/14, 39, 12, 23, 4
2021/5/15, 36, 8, 29, 3
2021/5/16, 32, 9, 33, 6
2021/5/17, 16, 11, 32, 6
2021/5/18, 30, 14, 36, 6
2021/5/19, 19, 14, 40, 7
2021/5/20, 24, 10, 28, 4
2021/5/21, 10, , 35, 3
2021/5/23, 5, 13, 36, 5
2021/5/24, 5, 20, 37, 5
2021/5/25, 5, 15, 34, 11
2021/5/26, 64, 18, 38, 9
2021/5/27, 40, 16, 40, 8
2021/5/28, 45, 17, 34, 4
2021/5/29, 50, 18, 37, 7
2021/5/30, 54, 21, 45, 8
2021/5/31, 56, , 35, 7
2021/6/3, 14, 9, 36, 3
2021/6/4, 16, , , 
2021/6/7, 41, , 30, 5
2021/6/9, 39, , 26, 6
2021/6/13, 43, 18, 49, 10
2021/6/14, 46, , 23, 13
2021/6/17, 32, 8, 27, 5
2021/6/18, 19, , 29, 4
2021/6/20, 27, 10, 27, 4
2021/6/21, 19, 10, 33, 4
2021/6/22, 18, 15, 35, 6
2021/6/23, 29, 16, 47, 12
2021/6/24, 45, 15, 55, 17
2021/6/25, 44, 14, 33, 7
2021/6/26, 40, 5, 27, 2
2021/6/27, 24, 11, 32, 3
2021/6/28, 20, 12, 32, 3
2021/6/29, 28, 10, 30, 5
2021/6/30, 25, 11, 35, 8
2021/1/4, 27, 17, 17, 14
2021/1/5, 50, 15, 20, 5
2021/1/6, 38, 9, 26, 6
2021/1/7, 26, 7, 25, 6
2021/1/8, 9, 10, 29, 5
2021/1/9, 17, 6, 25, 4
2021/1/10, 23, 10, 24, 15
2021/1/11, 20, 20, 21, 20
2021/1/12, 45, 45, 19, 23
2021/1/13, 104, 29, 28, 13
2021/1/14, 75, 16, 27, 13
2021/1/15, 27, , 25, 11
2021/1/17, 118, 48, 16, 24
2021/1/18, 121, 38, 35, 14
2021/1/19, 106, 29, 32, 3
2021/1/20, 34, 20, 31, 2
2021/1/21, 35, , 33, 1
2021/1/24, 14, 18, 25, 3
2021/1/25, 19, 5, 20, 6
2021/1/26, 9, 9, 15, 11
2021/1/27, 9, 7, 12, 5
2021/1/28, 10, 17, 17, 8
2021/1/29, 19, , , 
2021/2/1, 61, 11, 25, 4
2021/2/2, 15, 9, 31, 4
2021/2/3, 10, 11, 27, 8
2021/2/4, 12, 13, 28, 7
2021/2/5, 30, 11, 31, 2
2021/2/6, 21, 12, 34, 2
2021/2/7, 13, 17, 34, 3
2021/2/8, 13, 22, 41, 2
2021/2/9, 46, 12, 35, 4
2021/2/10, 22, 13, 35, 2
2021/2/11, 11, 19, 39, 7
2021/2/12, 12, , , 
2021/2/16, 51, 24, 34, 7
2021/2/17, 43, 63, 31, 3
2021/2/18, 86, 75, 31, 2
2021/2/19, 101, 45, 34, 2
2021/2/20, 100, 6, 35, 3
2021/2/21, 22, 20, 36, 11
2021/2/22, 33, 9, 30, 7
2021/2/23, 9, 33, 34, 3
2021/2/24, 49, 19, 32, 5
2021/2/25, 22, 21, 19, 11
2021/2/26, 47, 38, 26, 14
2021/2/27, 70, 32, 33, 6
2021/2/28, 72, 36, 32, 11
2021/3/1, 68, 37, 31, 12
2021/3/2, 64, 36, 28, 10
2021/3/3, 67, 55, 27, 8
2021/3/4, 100, 11, 26, 4
2021/3/5, 35, , 31, 7
2021/3/7, 63, 18, 36, 4
2021/3/8, 28, 16, 34, 5
2021/3/9, 45, 15, 33, 8
2021/3/10, 26, 7, 20, 7
2021/3/11, 19, 9, 33, 5
2021/3/12, 12, 9, 36, 3
2021/3/13, 10, 10, 35, 3
2021/3/14, 11, 15, 33, 7
2021/3/15, 17, 14, 33, 10
2021/3/16, 28, 14, 30, 6
2021/3/17, 24, 12, 33, 5
2021/3/18, 11, 11, 33, 4
2021/3/19, 24, 17, 36, 3
2021/3/20, 28, 11, 36, 3
2021/3/21, 11, 22, 32, 12
2021/3/22, 27, 18, 33, 11
2021/3/23, 8, 16, 31, 8
2021/3/24, 3, , , 
2021/3/26, 39, 14, 32, 4
2021/3/27, 76, 25, 38, 3
2021/3/30, 112, 42, 37, 5
2021/3/31, 72, 40, 36, 4
2020/10/1, 25, 12, 28, 5
2020/10/2, 35, , 31, 9
2020/10/4, 21, 15, 26, 6
2020/10/5, 33, 9, 21, 7
2020/10/6, 9, 13, 29, 13
2020/10/7, 29, 22, 25, 12
2020/10/8, 49, 16, 25, 9
2020/10/9, 25, 13, 37, 6
2020/10/10, 35, , 31, 5
2020/10/12, 18, 18, 33, 9
2020/10/13, 44, 12, 31, 4
2020/10/14, 16, 10, 32, 5
2020/10/15, 17, 18, 29, 15
2020/10/16, 33, , 34, 16
2020/10/19, 51, 9, 35, 5
2020/10/20, 13, 12, 32, 6
2020/10/21, 11, 16, 30, 13
2020/10/22, 11, 12, 27, 18
2020/10/23, 6, 11, 34, 11
2020/10/24, 7, 13, 31, 4
2020/10/25, 9, 19, 26, 18
2020/10/26, 10, 20, 30, 12
2020/10/27, 29, 8, 27, 9
2020/10/28, 9, 16, 24, 17
2020/10/29, 11, 21, 20, 20
2020/10/30, 52, 26, 22, 17
2020/10/31, 55, 15, 20, 13
2020/11/1, 28, 15, 32, 13
2020/11/2, 23, 15, 33, 5
2020/11/3, 14, 13, 25, 7
2020/11/4, 14, 10, 26, 5
2020/11/5, 15, 8, 24, 8
2020/11/6, 11, , 31, 4
2020/11/9, 9, 19, 13, 18
2020/11/10, 27, 22, 14, 18
2020/11/11, 47, 22, 26, 10
2020/11/12, 57, 28, 17, 13
2020/11/13, 57, , 24, 3
2020/11/15, 19, 20, 16, 17
2020/11/16, 33, 19, 19, 15
2020/11/17, 53, 24, 11, 10
2020/11/18, 54, 24, 12, 13
2020/11/19, 51, 29, 20, 9
2020/11/20, 68, , , 
2020/11/23, 54, 37, 31, 14
2020/11/24, 83, 11, 25, 10
2020/11/25, 14, 7, 27, 5
2020/11/26, 8, 11, 22, 12
2020/11/27, 9, , 30, 10
2020/11/29, 8, 8, 19, 6
2020/11/30, 7, 11, 18, 10
2020/12/1, 14, 32, 20, 23
2020/12/2, 70, 14, 32, 10
2020/12/3, 34, 9, 31, 6
2020/12/4, 18, 6, 26, 6
2020/12/5, 15, 11, 30, 5
2020/12/6, 15, 13, 36, 5
2020/12/7, 15, , 35, 2
2020/12/9, 30, , 28, 4
2020/12/11, 11, 9, 24, 4
2020/12/12, 10, 6, 23, 4
2020/12/13, 10, 10, 29, 7
2020/12/14, 10, 15, 34, 9
2020/12/15, 15, 13, 33, 9
2020/12/16, 15, 24, 13, 24
2020/12/17, 22, 26, 30, 13
2020/12/18, 55, , 31, 1
2020/12/21, 55, 25, 11, 14
2020/12/22, 48, 35, 24, 13
2020/12/23, 80, , 27, 6
2020/12/25, 9, , 25, 4
2020/12/31, 67, , 29, 6
2021/1/2, 15, 15, 22, 13
2021/1/3, 16, 12, 19, 19
2020/7/1, 17, 7, 26, 3
2020/7/2, 17, , 30, 4
2020/7/4, 49, 11, 35, 4
2020/7/5, 24, 21, 32, 15
2020/7/6, 51, 27, 33, 12
2020/7/7, 54, 24, 30, 4
2020/7/8, 56, , , 
2020/7/10, 36, 27, 45, 9
2020/7/11, 59, 34, 43, 8
2020/7/12, 76, 32, 58, 15
2020/7/13, 58, 27, 40, 8
2020/7/14, 53, 28, 46, 6
2020/7/15, 56, 26, 57, 10
2020/7/16, 49, 26, 50, 13
2020/7/17, 59, 25, 32, 8
2020/7/18, 54, 22, 35, 5
2020/7/19, 48, 26, 38, 12
2020/7/20, 53, 35, 46, 12
2020/7/21, 65, 39, 44, 18
2020/7/22, 78, 22, 40, 10
2020/7/23, 49, 19, 37, 4
2020/7/24, 48, 14, 22, 3
2020/7/25, 14, , 23, 2
2020/7/27, 22, , 23, 3
2020/7/29, 37, 23, 36, 11
2020/7/30, 52, 20, 27, 12
2020/7/31, 44, , 20, 3
2020/8/2, 16, 13, 20, 3
2020/8/3, 19, 13, 30, 5
2020/8/4, 26, 25, 40, 10
2020/8/5, 32, 15, 32, 9
2020/8/6, 33, 14, 31, 7
2020/8/7, 30, 18, 29, 7
2020/8/8, 30, 12, 30, 2
2020/8/9, 25, 18, 34, 4
2020/8/10, 34, 20, 30, 5
2020/8/11, 57, 13, 31, 5
2020/8/12, 31, 8, 23, 3
2020/8/13, 28, 9, 24, 4
2020/8/14, 13, 8, 25, 5
2020/8/15, 12, 10, 23, 4
2020/8/16, 26, 12, 16, 3
2020/8/17, 26, 16, 15, 4
2020/8/18, 25, 16, 14, 2
2020/8/19, 40, 27, 41, 2
2020/8/20, 47, 15, 24, 7
2020/8/21, 33, , , 3
2020/8/23, 18, 18, , 10
2020/8/24, 30, 20, , 10
2020/8/25, 25, 15, , 7
2020/8/26, 21, 4, 18, 3
2020/8/27, 9, , , 
2020/9/9, 68, 36, 51, 19
2020/9/10, 71, 35, 48, 26
2020/9/11, 68, , , 
2020/9/14, 24, 13, 17, 3
2020/9/15, 21, 12, 24, 6
2020/9/16, 19, 10, 28, 5
2020/9/17, 16, 10, 32, 3
2020/9/18, 21, , 31, 3
2020/9/21, 27, 13, 25, 6
2020/9/22, 31, 10, 20, 2
2020/9/23, 13, 8, 27, 9
2020/9/24, 25, 14, 34, 5
2020/9/25, 34, 16, 31, 3
2020/9/26, 19, 8, 31, 2
2020/9/27, 19, 19, 26, 13
2020/9/28, 32, 22, 31, 18
2020/9/29, 46, 15, 28, 8
2020/9/30, 37, 12, 25, 8
2020/4/1, 7, 9, 31, 7
2020/4/2, 9, 9, 32, 8
2020/4/3, 37, 14, 36, 8
2020/4/4, 49, 11, 38, 5
2020/4/5, 44, 13, 31, 1
2020/4/6, 37, 15, 25, 3
2020/4/7, 40, 15, 35, 5
2020/4/8, 51, 10, 32, 3
2020/4/9, 33, 3, 27, 2
2020/4/10, 21, , 29, 3
2020/4/11, 22, 3, 33, 3
2020/4/12, 29, 5, 33, 3
2020/4/13, 21, 9, 32, 3
2020/4/14, 31, 5, 38, 2
2020/4/15, 20, 10, 36, 2
2020/4/16, 24, 11, 35, 2
2020/4/17, 24, 15, 33, 7
2020/4/18, 28, 4, 36, 2
2020/4/19, 23, 10, 39, 2
2020/4/20, 31, 10, 34, 3
2020/4/21, 32, 15, 41, 3
2020/4/22, 43, 24, 35, 6
2020/4/23, 56, 22, 41, 5
2020/4/24, 55, 18, 40, 3
2020/4/25, 37, 15, 38, 2
2020/4/26, 33, 16, 38, 6
2020/4/27, 35, 10, 34, 6
2020/4/28, 31, 10, 32, 2
2020/4/29, 13, 12, 34, 2
2020/4/30, 14, 9, 24, 2
2020/5/1, 21, 9, 24, 3
2020/5/2, 11, 13, 35, 2
2020/5/3, 29, 18, 35, 2
2020/5/4, 34, 20, 32, 2
2020/5/5, 28, 17, 30, 5
2020/5/6, 20, 19, 29, 6
2020/5/7, 34, 19, 31, 5
2020/5/8, 36, , 32, 2
2020/5/10, 11, 15, 32, 2
2020/5/11, 28, 14, 39, 4
2020/5/12, 27, 8, 33, 4
2020/5/13, 17, 8, 29, 4
2020/5/14, 28, 6, 26, 6
2020/5/15, 22, 10, 30, 6
2020/5/16, 19, 18, 35, 8
2020/5/17, 45, 15, 39, 9
2020/5/18, 40, 17, 27, 11
2020/5/19, 37, 16, 30, 15
2020/5/20, 42, 16, 32, 9
2020/5/21, 36, 13, 20, 5
2020/5/22, 14, 14, 33, 3
2020/5/23, 42, 23, 35, 4
2020/5/24, 63, 22, 33, 7
2020/5/25, 47, 31, 42, 10
2020/5/26, 58, 28, 40, 9
2020/5/27, 48, 29, 47, 9
2020/5/28, 49, 29, 54, 10
2020/5/29, 58, 26, 39, 9
2020/5/30, 56, 22, 43, 6
2020/5/31, 59, 23, 31, 6
2020/6/1, 50, 18, 29, 3
2020/6/2, 26, 16, 26, 5
2020/6/3, 34, 14, 33, 6
2020/6/4, 35, 17, 36, 5
2020/6/5, 32, 13, 32, 4
2020/6/6, 21, 8, 32, 2
2020/6/7, 16, 15, 33, 3
2020/6/8, 32, 17, 36, 3
2020/6/9, 38, 15, 34, 2
2020/6/10, 31, 9, 26, 2
2020/6/11, 16, 13, 27, 5
2020/6/12, 44, 13, 34, 6
2020/6/13, 12, 11, 30, 6
2020/6/14, 27, 11, 26, 7
2020/6/15, 19, 8, 19, 5
2020/6/16, 22, 6, 26, 4
2020/6/17, 8, 7, 23, 3
2020/6/18, 13, 8, 28, 4
2020/6/19, 22, 6, 17, 2
2020/6/20, 13, 9, 15, 2
2020/6/21, 6, 12, 33, 6
2020/6/22, 32, 22, 29, 10
2020/6/23, 56, 18, 29, 4
2020/6/24, 50, 16, 28, 3
2020/6/25, 30, , 25, 
2020/6/26, 19, , , 
2020/6/30, 38, 10, 14, 3
2020/1/2, 97, 32, 7, 15
2020/1/3, 82, , 13, 19
2020/1/7, 105, 54, 10, 24
2020/1/8, 130, 17, 11, 29
2020/1/9, 33, 25, 24, 14
2020/1/10, 46, , 26, 13
2020/1/13, 88, 22, 17, 25
2020/1/14, 60, 31, 32, 11
2020/1/15, 53, 30, 32, 3
2020/1/16, 56, 14, 31, 9
2020/1/17, 27, , 11, 20
2020/1/21, 15, 7, 21, 6
2020/1/22, 14, 11, 18, 6
2020/1/23, 16, 18, 15, 13
2020/1/24, 52, 7, 19, 13
2020/1/25, 14, 26, 19, 10
2020/1/26, 59, 18, 21, 17
2020/1/27, 37, , 28, 4
2020/1/29, 11, 18, 28, 7
2020/1/30, 14, 9, 29, 6
2020/1/31, 13, , 27, 5
2020/2/2, 23, 9, 13, 14
2020/2/3, 12, 20, 13, 16
2020/2/4, 48, 27, 9, 20
2020/2/5, 56, 29, 10, 19
2020/2/6, 60, 35, 16, 18
2020/2/7, 56, , 21, 13
2020/2/10, 45, 17, 8, 24
2020/2/11, 29, 28, 17, 17
2020/2/12, 43, 23, 18, 19
2020/2/13, 45, 19, 18, 19
2020/2/14, 41, 29, 11, 19
2020/2/15, 67, , 16, 18
2020/2/17, 10, 16, 27, 6
2020/2/18, 11, 16, 29, 5
2020/2/19, 43, 22, 21, 14
2020/2/20, 56, 20, 16, 19
2020/2/21, 53, 22, 22, 17
2020/2/22, 55, 25, 27, 14
2020/2/23, 65, 30, 27, 14
2020/2/24, 73, , 25, 16
2020/2/26, 11, 22, 31, 6
2020/2/27, 27, 44, 23, 13
2020/2/28, 68, , 23, 10
2020/3/1, 48, 22, 32, 2
2020/3/2, 25, 20, 30, 4
2020/3/3, 30, 20, 21, 6
2020/3/4, 28, 14, 24, 5
2020/3/5, 17, 22, 32, 5
2020/3/6, 27, 16, 33, 4
2020/3/7, 15, , 30, 10
2020/3/9, 21, 24, 28, 8
2020/3/10, 39, 28, 27, 14
2020/3/11, 58, 25, 25, 15
2020/3/12, 53, 21, 34, 8
2020/3/13, 30, 23, 31, 5
2020/3/14, 49, 10, 28, 8
2020/3/15, 12, 14, 35, 4
2020/3/16, 13, 10, 33, 2
2020/3/17, 11, 26, 30, 4
2020/3/18, 27, 43, 27, 6
2020/3/19, 65, 20, 27, 7
2020/3/20, 33, 9, 28, 7
2020/3/21, 17, 12, 32, 8
2020/3/22, 16, 22, 30, 6
2020/3/23, 40, 8, 28, 6
2020/3/24, 16, 15, 26, 9
2020/3/25, 36, 20, 32, 7
2020/3/26, 44, 20, 37, 4
2020/3/27, 33, 8, 39, 5
2020/3/28, 11, 13, 33, 4
2020/3/29, 24, 18, 43, 4
2020/3/30, 47, 6, 26, 6
2020/3/31, 8, 7, 31, 4
2019/10/1, 31, 15, 28, 7
2019/10/2, 31, 15, 25, 11
2019/10/3, 21, 16, 23, 9
2019/10/4, 21, 16, 30, 5
2019/10/5, 20, 11, 28, 4
2019/10/6, 13, 12, 27, 14
2019/10/7, 18, 13, 24, 7
2019/10/8, 20, 15, 28, 4
2019/10/9, 19, 18, 28, 13
2019/10/10, 18, 29, 24, 24
2019/10/11, 50, 31, 29, 9
2019/10/12, 58, 27, 26, 3
2019/10/13, 37, 13, 26, 7
2019/10/14, 17, 18, 28, 13
2019/10/15, 24, 17, 27, 11
2019/10/16, 30, 15, 27, 3
2019/10/17, 17, 14, 28, 8
2019/10/18, 15, 13, 26, 7
2019/10/19, 9, 15, 28, 8
2019/10/20, 7, 16, 23, 16
2019/10/21, 10, 13, 29, 10
2019/10/22, 21, 12, 30, 6
2019/10/23, 12, 13, 33, 15
2019/10/24, 17, 18, 25, 17
2019/10/25, 35, 24, 27, 17
2019/10/26, 43, 35, 29, 10
2019/10/27, 43, 20, 22, 6
2019/10/28, 51, 23, 22, 6
2019/10/29, 33, 22, 14, 6
2019/10/31, 38, , 13, 3
2019/11/1, 21, , 26, 4
2019/11/5, 20, 19, 28, 12
2019/11/6, 24, 16, 26, 8
2019/11/7, 19, 15, 24, 11
2019/11/8, 14, 16, 25, 16
2019/11/9, 15, , 27, 5
2019/11/11, 28, 29, 27, 8
2019/11/12, 51, 23, 25, 6
2019/11/13, 35, 15, , 
2019/11/14, 22, 16, 26, 10
2019/11/15, 26, 15, 26, 11
2019/11/16, 26, , 26, 7
2019/11/17, 29, 12, 25, 12
2019/11/18, 19, 18, 19, 22
2019/11/19, 24, 17, 27, 11
2019/11/20, 29, , , 
2019/11/22, 23, , 29, 11
2019/11/25, 23, 12, 26, 4
2019/11/26, 18, 21, 24, 11
2019/11/27, 18, 19, 26, 6
2019/11/28, 26, 16, 24, 8
2019/11/29, 19, , 24, 9
2019/12/2, 15, 9, 20, 11
2019/12/3, 12, 16, 15, 17
2019/12/4, 19, 13, 17, 11
2019/12/5, 45, 11, 17, 14
2019/12/6, 28, 29, 13, 19
2019/12/7, 61, , 18, 15
2019/12/9, 10, 37, 7, 22
2019/12/10, 84, 30, 26, 17
2019/12/11, 60, 19, 28, 9
2019/12/12, 38, 16, 29, 11
2019/12/13, 26, , 29, 9
2019/12/16, 11, 10, 27, 11
2019/12/17, 11, 13, 28, 3
2019/12/18, 12, 24, 30, 2
2019/12/19, 23, 34, 29, 2
2019/12/20, 49, , 30, 2
2019/12/24, 17, , 14, 10
2019/12/26, 31, 18, 11, 13
2019/12/27, 43, 15, 12, 11
2019/12/28, 26, , 13, 16
2019/7/1, 16, 18, 28, 5
2019/7/2, 25, 22, 30, 4
2019/7/3, 35, 19, 30, 3
2019/7/4, 35, 14, 30, 4
2019/7/5, 20, 16, 35, 3
2019/7/6, 28, 15, 27, 5
2019/7/7, 33, 13, 33, 6
2019/7/8, 31, 19, 37, 8
2019/7/9, 42, 22, 40, 11
2019/7/10, 50, 23, 57, 9
2019/7/11, 55, 27, 28, 9
2019/7/12, 56, 32, 35, 8
2019/7/13, 61, , 36, 3
2019/7/15, 50, , 34, 4
2019/7/17, 52, 15, 30, 5
2019/7/18, 40, 11, 23, 6
2019/7/19, 27, 11, 18, 3
2019/7/20, 18, 13, 31, 3
2019/7/21, 19, 20, 33, 11
2019/7/22, 40, 20, 25, 7
2019/7/23, 49, 15, 20, 9
2019/7/24, 35, 14, 19, 4
2019/7/25, 28, 16, 23, 4
2019/7/26, 25, 15, 19, 4
2019/7/27, 21, 15, 26, 5
2019/7/28, 21, 13, 27, 4
2019/7/29, 20, 15, 27, 3
2019/7/30, 19, 16, 29, 5
2019/7/31, 21, 18, 28, 6
2019/8/1, 30, 17, 28, 5
2019/8/2, 29, 14, 20, 4
2019/8/3, 25, 11, 24, 3
2019/8/4, 20, 11, 24, 5
2019/8/5, 17, 11, 17, 4
2019/8/6, 16, 11, 15, 5
2019/8/7, 17, 12, 16, 2
2019/8/8, 19, 12, 27, 5
2019/8/9, 17, 17, 28, 6
2019/8/10, 20, 14, 27, 3
2019/8/11, 18, 9, 29, 4
2019/8/12, 12, 13, 31, 5
2019/8/13, 29, 13, 31, 5
2019/8/14, 31, 12, 26, 4
2019/8/15, 28, 11, 21, 4
2019/8/16, 25, 9, 21, 4
2019/8/17, 23, 8, 19, 4
2019/8/18, 18, 12, 30, 3
2019/8/19, 15, 16, 31, 6
2019/8/20, 18, 17, 37, 11
2019/8/21, 32, 22, 60, 16
2019/8/22, 48, 31, 48, 21
2019/8/23, 59, 24, 34, 10
2019/8/24, 51, 24, 31, 4
2019/8/25, 46, 18, 37, 8
2019/8/26, 37, 22, 33, 5
2019/8/27, 48, 18, 34, 6
2019/8/28, 39, 14, 28, 8
2019/8/29, 27, 15, 25, 15
2019/8/30, 32, 17, 32, 8
2019/8/31, 38, 15, 31, 4
2019/9/1, 25, 19, 29, 12
2019/9/2, 37, 27, 31, 22
2019/9/3, 54, 30, 40, 22
2019/9/4, 57, 26, 44, 12
2019/9/5, 50, 24, 40, 11
2019/9/6, 47, 19, 44, 12
2019/9/7, 39, 26, 37, 16
2019/9/8, 57, 27, 26, 14
2019/9/9, 54, 23, 26, 4
2019/9/10, 38, 19, 33, 7
2019/9/11, 24, 15, 36, 11
2019/9/12, 27, 18, 35, 10
2019/9/13, 35, 18, 41, 7
2019/9/14, 34, 19, 34, 8
2019/9/15, 37, , 37, 9
2019/9/17, 57, 21, 33, 10
2019/9/18, 48, 22, 35, 9
2019/9/19, 53, 19, 27, 8
2019/9/20, 46, 7, 22, 5
2019/9/21, 15, 10, 24, 11
2019/9/23, 20, 15, 19, 9
2019/9/24, 23, 17, 24, 7
2019/9/25, 31, 15, 25, 6
2019/9/26, 23, 13, 27, 6
2019/9/27, 21, 12, 28, 10
2019/9/28, 21, 13, 26, 9
2019/9/29, 28, 15, 16, 8
2019/9/30, 34, 14, 23, 8
2019/4/1, 58, 19, 40, 14
2019/4/2, 52, 17, 39, 5
2019/4/3, 42, 15, 40, 5
2019/4/4, 22, 12, 37, 5
2019/4/5, 20, 12, 39, 4
2019/4/6, 13, 14, 40, 3
2019/4/7, 16, 17, 42, 8
2019/4/8, 18, 17, 38, 5
2019/4/9, 23, 18, 35, 8
2019/4/10, 28, 14, 37, 7
2019/4/11, 17, 13, 39, 13
2019/4/12, 17, 16, 32, 8
2019/4/13, 23, 12, 21, 3
2019/4/14, 23, 10, 43, 6
2019/4/15, 19, 14, 36, 15
2019/4/16, 15, 12, 41, 4
2019/4/17, 18, 11, 32, 6
2019/4/18, 18, 15, 31, 17
2019/4/19, 22, 13, 31, 6
2019/4/20, 26, 14, 43, 5
2019/4/21, 38, 18, 49, 5
2019/4/22, 52, 16, 36, 5
2019/4/23, 39, 11, 33, 2
2019/4/24, 18, 16, 33, 3
2019/4/25, 20, 19, 30, 7
2019/4/26, 30, 15, 34, 5
2019/4/27, 42, 10, 23, 8
2019/4/28, 37, 12, 27, 17
2019/4/29, 42, 15, 26, 8
2019/4/30, 41, 16, 20, 9
2019/5/1, 53, , , 
2019/5/2, 43, , , 
2019/5/18, 42, 11, 24, 4
2019/5/19, 21, 9, 20, 5
2019/5/20, 14, 11, 22, 6
2019/5/21, 9, 10, 21, 9
2019/5/22, 8, 11, 21, 5
2019/5/23, 10, 12, 27, 4
2019/5/24, 9, 17, 28, 5
2019/5/25, 13, 16, 26, 7
2019/5/26, 19, 16, 23, 4
2019/5/27, 27, 17, 29, 6
2019/5/28, 23, 20, 24, 10
2019/5/29, 28, 20, 23, 13
2019/5/30, 31, 21, 36, 12
2019/5/31, 34, 25, 43, 11
2019/6/1, 44, 22, 33, 10
2019/6/2, 37, 16, 22, 7
2019/6/3, 31, 13, 27, 4
2019/6/4, 22, 14, 29, 5
2019/6/5, 15, 15, 30, 6
2019/6/6, 14, 14, 26, 5
2019/6/7, 16, 12, 32, 4
2019/6/8, 18, 12, 32, 4
2019/6/9, 14, 10, 32, 3
2019/6/10, 14, 9, 34, 4
2019/6/11, 13, 13, 34, 5
2019/6/12, 14, 14, 34, 4
2019/6/13, 15, 13, 35, 5
2019/6/14, 16, 15, 32, 9
2019/6/15, 26, 13, 33, 4
2019/6/16, 22, 13, 35, 6
2019/6/17, 14, 12, 24, 2
2019/6/18, 12, 18, 27, 4
2019/6/19, 20, 14, 29, 5
2019/6/20, 21, 11, 27, 5
2019/6/21, 18, 13, 26, 6
2019/6/22, 25, 11, 19, 4
2019/6/23, 16, 12, 22, 11
2019/6/24, 24, 13, 25, 12
2019/6/25, 22, 13, 24, 8
2019/6/26, 26, 12, 26, 7
2019/6/27, 20, 11, 25, 9
2019/6/28, 16, 12, 29, 4
2019/6/29, 12, 15, 29, 2
2019/6/30, 12, 15, 28, 3
2019/1/1, 55, 21, 16, 14
2019/1/2, 60, 24, 10, 13
2019/1/3, 68, 25, 16, 13
2019/1/4, 71, 27, 19, 21
2019/1/5, 74, 33, 8, 21
2019/1/6, 87, 44, 12, 24
2019/1/7, 114, 45, 10, 31
2019/1/8, 111, 50, 9, 34
2019/1/9, 118, 49, 14, 22
2019/1/10, 117, 23, 21, 11
2019/1/11, 59, 16, 19, 15
2019/1/12, 37, 25, 18, 16
2019/1/13, 63, 35, 9, 29
2019/1/14, 88, 43, 10, 21
2019/1/15, 103, 56, 2, 25
2019/1/16, 131, 39, 25, 12
2019/1/17, 98, 19, 24, 14
2019/1/18, 49, 16, 25, 7
2019/1/19, 46, 15, 31, 3
2019/1/20, 39, 12, 28, 6
2019/1/21, 28, 11, 29, 9
2019/1/22, 26, 11, 31, 6
2019/1/23, 26, 9, 29, 5
2019/1/24, 24, 10, 16, 18
2019/1/25, 39, 29, 16, 20
2019/1/26, 72, 23, 32, 4
2019/1/27, 66, 14, 30, 8
2019/1/28, 37, 11, 27, 7
2019/1/29, 27, 10, 26, 8
2019/1/30, 23, 13, 29, 2
2019/1/31, 26, 15, 36, 4
2019/2/1, 28, 18, 32, 6
2019/2/2, 34, 16, 30, 13
2019/2/3, 34, 15, 14, 29
2019/2/4, 44, 29, 17, 28
2019/2/5, 71, 43, 20, 30
2019/2/6, 95, 34, 26, 17
2019/2/7, 78, 21, 33, 20
2019/2/8, 49, 23, 32, 19
2019/2/9, 52, 18, 30, 4
2019/2/10, 42, 13, 31, 14
2019/2/11, 22, 19, 19, 20
2019/2/12, 35, 20, 24, 18
2019/2/13, 52, 26, 31, 14
2019/2/14, 62, 23, 24, 14
2019/2/15, 54, 21, 30, 11
2019/2/16, 54, 29, 24, 18
2019/2/17, 68, 28, 33, 9
2019/2/18, 65, 16, 26, 12
2019/2/19, 33, 21, 30, 17
2019/2/20, 46, 36, 31, 20
2019/2/21, 69, 41, 30, 14
2019/2/22, 77, 44, 25, 18
2019/2/23, 82, 52, 24, 28
2019/2/24, 95, 45, 25, 24
2019/2/25, 92, 38, 30, 17
2019/2/26, 76, 29, 29, 16
2019/2/27, 61, 22, 32, 12
2019/2/28, 41, 16, 31, 7
2019/3/1, 29, 11, 28, 8
2019/3/2, 29, 13, 29, 12
2019/3/3, 27, 16, 35, 6
2019/3/4, 31, 18, 29, 4
2019/3/5, 33, 13, 35, 6
2019/3/6, 25, 17, 33, 10
2019/3/7, 29, 16, 33, 7
2019/3/8, 27, 13, 32, 10
2019/3/9, 19, 12, 22, 6
2019/3/10, 18, 10, 27, 13
2019/3/11, 15, 18, 28, 20
2019/3/12, 32, 14, 37, 5
2019/3/13, 26, 13, 32, 10
2019/3/14, 18, 18, 32, 21
2019/3/15, 34, 32, 39, 23
2019/3/16, 70, 28, 35, 6
2019/3/17, 63, 19, 35, 7
2019/3/18, 36, 18, 33, 13
2019/3/19, 42, 18, 34, 10
2019/3/20, 40, 13, 37, 12
2019/3/21, 32, 17, 37, 13
2019/3/22, 38, 18, 37, 7
2019/3/23, 37, 19, 36, 6
2019/3/24, 47, 19, 34, 14
2019/3/25, 49, 21, 36, 10
2019/3/26, 43, 24, 36, 12
2019/3/27, 47, 24, 40, 16
2019/3/28, 47, 26, 42, 12
2019/3/29, 53, 28, 38, 19
2019/3/30, 58, 26, 46, 13
2019/3/31, 58, 23, 43, 9
2018/10/1, 67, 24, 33, 23
2018/10/2, 56, 26, 40, 25
2018/10/3, 52, 37, 33, 43
2018/10/4, 67, 35, 42, 28
2018/10/5, 69, 25, 36, 16
2018/10/6, 54, 21, 33, 6
2018/10/7, 44, 16, 32, 20
2018/10/8, 33, 20, 35, 19
2018/10/9, 39, 25, 42, 12
2018/10/10, 46, 20, 32, 6
2018/10/11, 43, 18, 28, 9
2018/10/12, 38, 16, 30, 9
2018/10/13, 33, 19, 33, 5
2018/10/14, 37, 21, 29, 7
2018/10/15, 36, 17, 22, 11
2018/10/16, 41, 11, 27, 11
2018/10/17, 32, 9, 26, 10
2018/10/18, 26, 15, 24, 14
2018/10/19, 45, 14, 27, 7
2018/10/20, 50, 11, 29, 8
2018/10/21, 30, 16, 25, 19
2018/10/22, 50, 28, 25, 16
2018/10/23, 66, 30, 24, 17
2018/10/24, 66, 35, 21, 28
2018/10/25, 70, 43, 20, 26
2018/10/26, 87, 31, 30, 5
2018/10/27, 64, 15, 30, 4
2018/10/28, 28, 14, 30, 7
2018/10/29, 25, 13, 32, 10
2018/10/30, 23, 13, 25, 12
2018/10/31, 26, 9, 27, 14
2018/11/1, 27, 18, 23, 10
2018/11/2, 41, 9, 25, 6
2018/11/3, 20, 9, 27, 10
2018/11/4, 24, 10, 32, 11
2018/11/5, 15, 18, 31, 12
2018/11/6, 30, 15, 31, 14
2018/11/7, 27, 42, 32, 15
2018/11/8, 58, 24, 30, 13
2018/11/9, 38, 23, 32, 4
2018/11/10, 45, 21, 26, 12
2018/11/11, 44, 18, 23, 19
2018/11/12, 47, 15, 23, 17
2018/11/13, 39, 19, 10, 21
2018/11/14, 53, 27, 21, 16
2018/11/15, 61, 32, 20, 15
2018/11/16, 69, 34, 24, 8
2018/11/17, 73, 25, 29, 13
2018/11/18, 55, 23, 19, 21
2018/11/19, 50, 31, 28, 10
2018/11/20, 56, 20, 31, 7
2018/11/21, 32, 16, 28, 19
2018/11/22, 35, 22, 25, 24
2018/11/23, 48, 16, 29, 7
2018/11/24, 30, 18, 29, 4
2018/11/25, 35, 22, 29, 16
2018/11/26, 43, 38, 11, 37
2018/11/27, 71, 46, 12, 28
2018/11/28, 91, 39, 22, 23
2018/11/29, 84, 30, 15, 29
2018/11/30, 64, 42, 17, 28
2018/12/1, 84, 42, 12, 25
2018/12/2, 92, 38, 14, 21
2018/12/3, 92, 21, 13, 21
2018/12/4, 59, 45, 6, 30
2018/12/5, 104, 39, 8, 27
2018/12/6, 94, 27, 18, 21
2018/12/7, 71, 19, 26, 17
2018/12/8, 50, 25, 20, 13
2018/12/9, 61, 22, 7, 24
2018/12/10, 61, 16, 9, 23
2018/12/11, 38, 33, 24, 17
2018/12/12, 75, 23, 31, 11
2018/12/13, 47, 28, 24, 21
2018/12/14, 47, 31, 31, 10
2018/12/15, 56, 24, 29, 14
2018/12/16, 53, 31, 16, 24
2018/12/17, 67, 21, 23, 14
2018/12/18, 54, 37, 20, 25
2018/12/19, 58, 41, 24, 23
2018/12/20, 63, 36, 12, 27
2018/12/21, 68, 29, 13, 8
2018/12/22, 70, 15, 13, 3
2018/12/23, 41, 12, 10, 5
2018/12/24, 35, 15, 11, 9
2018/12/25, 45, 20, 10, 15
2018/12/26, 60, 39, 6, 20
2018/12/27, 89, 34, 20, 18
2018/12/28, 82, 21, 18, 8
2018/12/29, 60, 16, 19, 4
2018/12/30, 44, , , 
2018/7/1, 45, 20, 42, 5
2018/7/2, 48, 18, 34, 8
2018/7/3, 45, 12, 29, 5
2018/7/4, 31, 10, 32, 6
2018/7/5, 26, 8, 30, 5
2018/7/6, 22, 8, 25, 3
2018/7/7, 23, 10, 37, 5
2018/7/8, 29, 22, 34, 9
2018/7/9, 63, 23, 38, 5
2018/7/10, 66, 20, 38, 6
2018/7/11, 54, 23, 35, 5
2018/7/12, 60, 23, 34, 6
2018/7/13, 58, 23, 32, 3
2018/7/14, 53, 19, 33, 2
2018/7/15, 50, 16, 30, 6
2018/7/16, 47, 13, 28, 4
2018/7/17, 40, 16, 25, 5
2018/7/18, 40, 15, 25, 5
2018/7/19, 37, 15, 30, 4
2018/7/20, 42, 17, 28, 3
2018/7/21, 48, 11, 25, 3
2018/7/22, 37, 12, 24, 6
2018/7/23, 34, 12, 32, 5
2018/7/24, 32, 14, 27, 7
2018/7/25, 42, 11, 25, 4
2018/7/26, 36, 9, 24, 6
2018/7/27, 24, 12, 24, 5
2018/7/28, 31, 14, 29, 4
2018/7/29, 32, 14, 17, 6
2018/7/30, 36, 12, 24, 5
2018/7/31, 34, 13, 37, 13
2018/8/1, 30, 28, 55, 22
2018/8/2, 63, 43, 53, 33
2018/8/3, 92, 46, 66, 29
2018/8/4, 90, 63, 51, 25
2018/8/5, 140, 53, 31, 13
2018/8/6, 123, 31, 34, 3
2018/8/7, 74, 13, 23, 4
2018/8/8, 38, 12, 25, 3
2018/8/9, 33, 15, 31, 6
2018/8/10, 40, 16, 33, 8
2018/8/11, 44, 11, 19, 5
2018/8/12, 39, 9, 27, 5
2018/8/13, 30, 10, 27, 7
2018/8/14, 30, 16, 32, 7
2018/8/15, 49, 22, 30, 10
2018/8/16, 56, 19, 28, 8
2018/8/17, 53, 25, 51, 18
2018/8/18, 61, 21, 46, 15
2018/8/19, 59, 22, 41, 16
2018/8/20, 60, 30, 43, 13
2018/8/21, 72, 23, 36, 13
2018/8/22, 62, 30, 35, 22
2018/8/23, 74, 29, 39, 13
2018/8/24, 75, 25, 34, 5
2018/8/25, 65, 28, 37, 10
2018/8/26, 63, 21, 27, 19
2018/8/27, 58, 27, 22, 8
2018/8/28, 63, 13, 29, 4
2018/8/29, 36, 18, 31, 14
2018/8/30, 48, 22, 47, 19
2018/8/31, 63, 24, 41, 10
2018/9/1, 68, 35, 36, 8
2018/9/2, 74, 28, 33, 3
2018/9/3, 63, 26, 38, 5
2018/9/4, 55, 32, 43, 6
2018/9/5, 62, 25, 42, 7
2018/9/6, 61, 30, 44, 14
2018/9/7, 76, 32, 39, 6
2018/9/8, 82, 31, 38, 15
2018/9/9, 72, 21, 43, 11
2018/9/10, 59, 18, 49, 13
2018/9/11, 54, 24, 50, 18
2018/9/12, 58, 27, 31, 27
2018/9/13, 58, 25, 35, 23
2018/9/14, 59, 26, 42, 20
2018/9/15, 74, 27, 44, 18
2018/9/16, 76, 39, 41, 22
2018/9/17, 66, 24, 20, 12
2018/9/18, 45, 15, 30, 12
2018/9/19, 38, 18, 24, 9
2018/9/20, 38, 14, 25, 7
2018/9/21, 28, 17, 34, 9
2018/9/22, 33, 19, 44, 9
2018/9/23, 48, 18, 40, 15
2018/9/24, 42, 27, 50, 23
2018/9/25, 58, 33, 37, 20
2018/9/26, 69, 32, 42, 18
2018/9/27, 62, 26, 35, 12
2018/9/28, 53, 27, 32, 14
2018/9/29, 54, 26, 34, 11
2018/9/30, 59, 27, 32, 21
2018/4/1, 47, 20, 36, 4
2018/4/2, 48, 20, 38, 2
2018/4/3, 42, 32, 37, 2
2018/4/4, 57, 32, 34, 12
2018/4/5, 66, 22, 36, 11
2018/4/6, 53, 14, 36, 8
2018/4/7, 35, 14, 39, 5
2018/4/8, 34, 13, 38, 10
2018/4/9, 29, 12, 41, 5
2018/4/10, 27, 9, 40, 7
2018/4/11, 25, 13, 42, 4
2018/4/12, 27, 15, 36, 9
2018/4/13, 34, 13, 33, 8
2018/4/14, 36, 16, 35, 4
2018/4/15, 32, 24, 32, 12
2018/4/16, 46, 25, 28, 15
2018/4/17, 52, 47, 27, 18
2018/4/18, 85, 35, 25, 21
2018/4/19, 78, 33, 26, 12
2018/4/20, 74, 32, 30, 13
2018/4/21, 72, 24, 25, 12
2018/4/22, 61, 29, 28, 15
2018/4/23, 72, 32, 33, 12
2018/4/24, 77, 28, 35, 5
2018/4/25, 69, 20, 33, 7
2018/4/26, 54, 19, 33, 6
2018/4/27, 46, 13, 38, 5
2018/4/28, 29, 9, 39, 4
2018/4/29, 29, 13, 38, 8
2018/4/30, 27, 10, 38, 6
2018/5/1, 28, 12, 36, 12
2018/5/2, 31, 12, 35, 7
2018/5/3, 29, 15, 38, 10
2018/5/4, 39, 20, 39, 21
2018/5/5, 53, 24, 41, 16
2018/5/6, 61, 23, 38, 22
2018/5/7, 63, 29, 43, 9
2018/5/8, 74, 20, 35, 4
2018/5/9, 54, 18, 35, 7
2018/5/10, 40, 23, 41, 8
2018/5/11, 52, 19, 37, 4
2018/5/12, 44, 14, 35, 4
2018/5/13, 35, 16, 35, 6
2018/5/14, 38, 13, 40, 8
2018/5/15, 39, 15, 45, 10
2018/5/16, 43, 19, 45, 15
2018/5/17, 50, 28, 44, 10
2018/5/18, 67, 36, 45, 8
2018/5/19, 76, 23, 43, 17
2018/5/20, 59, 21, 44, 5
2018/5/21, 59, 16, 43, 4
2018/5/22, 45, 18, 33, 7
2018/5/23, 42, 19, 33, 11
2018/5/24, 51, 17, 27, 12
2018/5/25, 49, 17, 33, 13
2018/5/26, 48, 16, 39, 6
2018/5/27, 52, 12, 41, 6
2018/5/28, 39, 12, 33, 5
2018/5/29, 32, 9, 35, 7
2018/5/30, 25, 9, 23, 4
2018/5/31, 27, 9, 29, 6
2018/6/1, 18, 10, 34, 3
2018/6/2, 22, 9, 33, 4
2018/6/3, 26, 8, 32, 6
2018/6/4, 17, 8, 30, 7
2018/6/5, 19, 9, 32, 9
2018/6/6, 23, 9, 32, 4
2018/6/7, 23, 6, 31, 4
2018/6/8, 23, 10, 29, 5
2018/6/9, 26, 9, 34, 5
2018/6/10, 24, 10, 34, 8
2018/6/11, 29, 10, 32, 7
2018/6/12, 31, 13, 31, 5
2018/6/13, 34, 17, 31, 7
2018/6/14, 45, 13, 25, 4
2018/6/15, 38, 12, 34, 4
2018/6/16, 31, 14, 37, 7
2018/6/17, 45, 19, 50, 18
2018/6/18, 55, 31, 35, 14
2018/6/19, 69, 33, 39, 21
2018/6/20, 75, 30, 36, 14
2018/6/21, 69, 22, 36, 11
2018/6/22, 58, 30, 35, 17
2018/6/23, 71, 29, 33, 11
2018/6/24, 71, 17, 34, 6
2018/6/25, 45, 9, 26, 7
2018/6/26, 27, 10, 25, 7
2018/6/27, 23, 9, 23, 6
2018/6/28, 25, 13, 25, 12
2018/6/29, 31, 18, 31, 8
2018/6/30, 53, 16, 44, 3
2018/1/1, 94, 46, 23, 18
2018/1/2, 73, 21, 20, 15
2018/1/3, 37, 24, 26, 8
2018/1/4, 45, 12, 31, 10
2018/1/5, 21, 8, 28, 8
2018/1/6, 16, 7, 32, 5
2018/1/7, 22, 11, 21, 12
2018/1/8, 37, 24, 26, 10
2018/1/9, 69, 24, 23, 12
2018/1/10, 55, 23, 24, 13
2018/1/11, 47, 36, 10, 18
2018/1/12, 79, 13, 28, 10
2018/1/13, 36, 10, 25, 10
2018/1/14, 31, 15, 18, 17
2018/1/15, 52, 38, 15, 19
2018/1/16, 88, , , 
2018/1/19, 46, 32, 22, 21
2018/1/20, 86, 6, 24, 6
2018/1/21, 19, 6, 23, 9
2018/1/22, 12, 10, 16, 15
2018/1/23, 30, 25, 4, 21
2018/1/24, 73, 25, 27, 13
2018/1/25, 66, 12, 25, 10
2018/1/26, 32, 14, 26, 6
2018/1/27, 31, 9, 27, 3
2018/1/28, 36, 8, 24, 6
2018/1/29, 29, 12, 23, 8
2018/1/30, 39, 19, 21, 13
2018/1/31, 64, 11, 30, 6
2018/2/1, 50, 12, 29, 5
2018/2/2, 43, 15, 25, 8
2018/2/3, 64, 4, 31, 4
2018/2/4, 13, 8, 24, 9
2018/2/5, 32, 12, 26, 8
2018/2/6, 41, 9, 25, 11
2018/2/7, 37, 13, 25, 12
2018/2/8, 48, 20, 23, 14
2018/2/9, 62, 13, 30, 4
2018/2/10, 36, 15, 27, 9
2018/2/11, 41, 7, 27, 10
2018/2/12, 25, 16, 32, 18
2018/2/13, 46, 14, 32, 8
2018/2/14, 34, 15, 31, 10
2018/2/15, 37, 22, 29, 20
2018/2/16, 66, 26, 27, 20
2018/2/17, 93, 17, 28, 13
2018/2/18, 108, 11, 23, 14
2018/2/19, 54, 19, 22, 18
2018/2/20, 92, 17, 25, 20
2018/2/21, 52, 12, 28, 14
2018/2/22, 35, 18, 30, 23
2018/2/23, 71, 24, 39, 19
2018/2/24, 72, 32, 35, 16
2018/2/25, 108, 15, 25, 10
2018/2/26, 53, 19, 35, 5
2018/2/27, 51, 21, 35, 6
2018/2/28, 51, 18, 37, 5
2018/3/1, 49, 17, 34, 4
2018/3/2, 50, 25, 41, 5
2018/3/3, 53, 15, 34, 10
2018/3/4, 41, 18, 37, 4
2018/3/5, 44, 19, 34, 7
2018/3/6, 50, 21, 25, 18
2018/3/7, 56, 18, 31, 8
2018/3/8, 46, 23, 25, 7
2018/3/9, 48, 23, 25, 3
2018/3/10, 54, 24, 24, 7
2018/3/11, 55, 28, 33, 6
2018/3/12, 61, 20, 30, 4
2018/3/13, 56, 15, 35, 3
2018/3/14, 49, 22, 36, 3
2018/3/15, 50, 18, 32, 6
2018/3/16, 49, 14, 28, 7
2018/3/17, 43, 12, 30, 9
2018/3/18, 48, 16, 35, 6
2018/3/19, 32, 13, 35, 6
2018/3/20, 33, 10, 34, 6
2018/3/21, 34, 13, 37, 9
2018/3/22, 40, , , 5
2018/3/26, 22, 10, 27, 14
2018/3/27, 23, 13, 26, 11
2018/3/28, 40, 10, 38, 8
2018/3/29, 23, 13, 40, 4
2018/3/30, 24, 21, 38, 7
2018/3/31, 40, 21, 37, 8
2017/10/1, 27, 14, 29, 10
2017/10/2, 43, 16, 25, 15
2017/10/3, 50, 14, 25, 16
2017/10/4, 45, 28, 9, 12
2017/10/5, 68, , , 12
2017/10/15, 106, 58, 35, 9
2017/10/16, 101, 24, 32, 9
2017/10/17, 59, 10, 29, 7
2017/10/18, 15, 13, 24, 8
2017/10/19, 31, 16, 19, 7
2017/10/20, 36, 13, 28, 5
2017/10/21, 26, 17, 30, 6
2017/10/22, 41, 18, 21, 23
2017/10/23, 52, 16, 29, 16
2017/10/24, 53, 30, 33, 17
2017/10/25, 69, 24, 18, 22
2017/10/26, 63, 36, 26, 23
2017/10/27, 75, 51, 22, 23
2017/10/28, 108, 20, 30, 16
2017/10/29, 56, 23, 23, 18
2017/10/30, 60, 17, 28, 14
2017/10/31, 46, 36, 32, 13
2017/11/1, 90, 17, 25, 9
2017/11/2, 46, 10, 28, 8
2017/11/3, 23, 10, 30, 5
2017/11/4, 21, 12, 31, 4
2017/11/5, 21, 7, 22, 15
2017/11/6, 22, 16, 25, 14
2017/11/7, 49, 11, 26, 8
2017/11/8, 22, 7, 25, 11
2017/11/9, 23, 15, 16, 20
2017/11/10, 43, 29, 16, 21
2017/11/11, 73, 18, 26, 13
2017/11/12, 48, 5, 26, 12
2017/11/13, 17, 9, 26, 21
2017/11/14, 34, 32, 19, 25
2017/11/15, 78, 49, 20, 30
2017/11/16, 110, 47, 20, 34
2017/11/17, 115, 58, 22, 38
2017/11/18, 151, 56, 16, 28
2017/11/19, 145, 32, 14, 28
2017/11/20, 85, 40, 21, 26
2017/11/21, 93, 37, 17, 20
2017/11/22, 72, 29, 27, 8
2017/11/23, 58, 22, 26, 14
2017/11/24, 35, 34, 7, 14
2017/11/25, 74, 32, 16, 7
2017/11/26, 95, 9, 18, 10
2017/11/27, 21, 16, 10, 10
2017/11/28, 52, 14, 23, 10
2017/11/29, 52, 9, 23, 13
2017/11/30, 45, 13, 27, 9
2017/12/1, 48, 11, 25, 12
2017/12/2, 38, 29, 23, 9
2017/12/3, 85, 12, 19, 9
2017/12/4, 45, 13, 20, 17
2017/12/5, 52, 27, 12, 24
2017/12/6, 75, 57, 11, 30
2017/12/7, 143, 64, 7, 25
2017/12/8, 156, 14, 20, 11
2017/12/9, 38, 19, 31, 2
2017/12/10, 30, 12, 29, 8
2017/12/11, 30, 20, 23, 19
2017/12/12, 46, 30, 24, 18
2017/12/13, 69, 12, 21, 9
2017/12/14, 25, 10, 23, 9
2017/12/15, 16, 15, 23, 11
2017/12/16, 31, , 20, 13
2017/12/17, 51, , 17, 17
2017/12/18, 54, , 8, 25
2017/12/19, 86, , 17, 20
2017/12/20, 63, 32, 11, 27
2017/12/21, 95, 26, 8, 25
2017/12/22, 124, 33, 11, 17
2017/12/23, 86, 26, 12, 10
2017/12/24, 71, 20, 26, 9
2017/12/25, 62, 17, 29, 13
2017/12/26, 40, 23, 30, 7
2017/12/27, 42, 10, 26, 6
2017/12/28, 23, 27, 24, 12
2017/12/29, 50, 16, 16, 13
2017/12/30, 40, , , 
2017/7/1, 33, 12, 39, 6
2017/7/2, 33, 16, 46, 12
2017/7/3, 52, 23, 35, 6
2017/7/4, 65, 11, 18, 6
2017/7/5, 36, 6, 25, 6
2017/7/6, 22, 11, 38, 6
2017/7/7, 35, 11, 37, 4
2017/7/8, 44, 10, 30, 3
2017/7/9, 34, 7, 23, 3
2017/7/10, 19, 14, 29, 6
2017/7/11, 46, 9, 29, 10
2017/7/12, 33, 15, 35, 10
2017/7/13, 52, 18, 31, 11
2017/7/14, 61, 29, 38, 10
2017/7/15, 65, 31, 44, 16
2017/7/16, 76, 31, 34, 11
2017/7/17, 68, 19, 27, 6
2017/7/18, 47, 9, 23, 4
2017/7/19, 25, 11, 27, 4
2017/7/20, 21, 15, 23, 3
2017/7/21, 31, 16, 25, 2
2017/7/22, 39, 13, 27, 3
2017/7/23, 37, 7, 24, 4
2017/7/24, 19, 15, 36, 7
2017/7/25, 39, 19, 30, 10
2017/7/26, 53, 13, 18, 6
2017/7/27, 46, 8, 21, 6
2017/7/28, 27, 8, 18, 5
2017/7/29, 27, 5, 26, 3
2017/7/30, 15, 13, 24, 6
2017/7/31, 35, 7, 27, 4
2017/8/1, 23, 8, 31, 5
2017/8/2, 23, 7, 23, 5
2017/8/3, 33, 9, 19, 4
2017/8/4, 38, 6, 28, 3
2017/8/5, 17, 17, 34, 6
2017/8/6, 37, 21, 31, 5
2017/8/7, 49, 13, 31, 3
2017/8/8, 35, 9, 33, 3
2017/8/9, 24, 20, 39, 9
2017/8/10, 57, 24, 45, 10
2017/8/11, 65, 31, 70, 12
2017/8/12, 82, 20, 50, 11
2017/8/13, 64, 14, 23, 11
2017/8/14, 47, 10, 26, 3
2017/8/15, 31, 9, 26, 6
2017/8/16, 23, 10, 19, 4
2017/8/17, 26, 9, 22, 5
2017/8/18, 24, 8, 38, 6
2017/8/19, 25, 24, 56, 7
2017/8/20, 60, 38, 43, 6
2017/8/21, 77, 18, 34, 11
2017/8/22, 45, 21, 22, 9
2017/8/23, 50, 11, 25, 7
2017/8/24, 24, 10, 29, 10
2017/8/25, 26, 10, 24, 8
2017/8/26, 30, 10, 28, 4
2017/8/27, 34, 12, 28, 6
2017/8/28, 26, 17, 33, 11
2017/8/29, 51, 14, 35, 8
2017/8/30, 34, 11, 34, 6
2017/8/31, 21, 18, 38, 8
2017/9/1, 35, 20, 50, 9
2017/9/2, 33, 17, 34, 11
2017/9/3, 49, 9, 24, 5
2017/9/4, 31, 6, 28, 6
2017/9/5, 14, , , 
2017/9/10, 38, 9, 13, 6
2017/9/11, 29, 14, 22, 6
2017/9/12, 36, 9, 20, 7
2017/9/13, 29, 13, 16, 5
2017/9/14, 23, 14, , 3
2017/9/15, 40, 11, , 
2017/9/16, 31, 7, 30, 4
2017/9/17, 20, 13, 28, 9
2017/9/18, 24, 17, 27, 10
2017/9/19, 41, 14, 31, 15
2017/9/20, 39, 12, 25, 6
2017/9/21, 39, 11, 28, 8
2017/9/22, 31, 19, 31, 17
2017/9/23, 51, 21, 28, 17
2017/9/24, 56, 11, 29, 8
2017/9/25, 31, 8, 28, 12
2017/9/26, 27, 14, 23, 15
2017/9/27, 40, 19, 16, 18
2017/9/28, 53, 22, 21, 17
2017/9/29, 58, 10, 32, 6
2017/9/30, 31, 10, 32, 8
2017/4/1, 31, 11, 38, 8
2017/4/2, 24, 16, 33, 13
2017/4/3, 42, 19, 35, 13
2017/4/4, 49, 22, 32, 16
2017/4/5, 56, 12, 31, 12
2017/4/6, 37, 23, 38, 14
2017/4/7, 57, 22, 47, 14
2017/4/8, 59, 20, 41, 10
2017/4/9, 60, 30, 34, 14
2017/4/10, 59, 30, 39, 19
2017/4/11, 65, 32, 40, 20
2017/4/12, 81, 28, 33, 11
2017/4/13, 77, 12, 29, 7
2017/4/14, 38, 10, 32, 5
2017/4/15, 29, 11, 33, 9
2017/4/16, 32, 14, 28, 12
2017/4/17, 48, 30, 28, 10
2017/4/18, 67, 29, 45, 8
2017/4/19, 73, 32, 35, 7
2017/4/20, 72, 30, 39, 7
2017/4/21, 69, 28, 44, 9
2017/4/22, 66, 21, 48, 10
2017/4/23, 59, 37, 44, 18
2017/4/24, 94, 24, 39, 5
2017/4/25, 63, 15, 35, 7
2017/4/26, 37, 14, 36, 6
2017/4/27, 41, 14, 34, 5
2017/4/28, 48, 11, 43, 6
2017/4/29, 32, 12, 37, 2
2017/4/30, 36, 15, 37, 11
2017/5/1, 37, 13, 37, 12
2017/5/2, 28, 19, 48, 13
2017/5/3, 55, 29, 38, 10
2017/5/4, 72, 9, 37, 3
2017/5/5, 22, 14, 36, 3
2017/5/6, 30, 14, 37, 10
2017/5/7, 38, 19, 41, 17
2017/5/8, 53, 24, 31, 8
2017/5/9, 55, 13, 37, 3
2017/5/10, 28, 13, 36, 2
2017/5/11, 31, 14, 32, 3
2017/5/12, 40, 16, 33, 5
2017/5/13, 35, 17, 27, 3
2017/5/14, 39, 14, 26, 10
2017/5/15, 39, 14, 28, 14
2017/5/16, 43, 10, 32, 7
2017/5/17, 36, 10, 35, 3
2017/5/18, 27, , , 
2017/5/21, 86, 33, 37, 8
2017/5/22, 75, 24, 43, 10
2017/5/23, 59, 36, 44, 9
2017/5/24, 86, 26, 39, 12
2017/5/25, 64, 27, 29, 9
2017/5/26, 68, 19, 30, 5
2017/5/27, 57, 10, 22, 2
2017/5/28, 26, 16, 22, 5
2017/5/29, 22, 8, 24, 4
2017/5/30, 52, 12, 29, 6
2017/5/31, 44, 15, 28, 8
2017/6/1, 51, 11, 26, 5
2017/6/2, 38, 12, 31, 2
2017/6/3, 39, 13, 30, 1
2017/6/4, 32, 11, 29, 4
2017/6/5, 35, 8, 29, 5
2017/6/6, 17, 17, 38, 13
2017/6/7, 45, 16, 23, 11
2017/6/8, 46, 8, 27, 5
2017/6/9, 24, 13, 28, 9
2017/6/10, 40, 8, 22, 3
2017/6/11, 29, 21, 31, 11
2017/6/12, 56, 21, 42, 9
2017/6/13, 62, 35, 32, 12
2017/6/14, 81, 19, 36, 5
2017/6/15, 59, 23, 39, 13
2017/6/16, 59, 28, 67, 13
2017/6/17, 70, 31, 58, 13
2017/6/18, 77, 26, 50, 10
2017/6/19, 73, 30, 41, 7
2017/6/20, 81, 28, 27, 4
2017/6/21, 75, 18, 27, 7
2017/6/22, 60, 16, 22, 7
2017/6/23, 50, 8, 24, 6
2017/6/24, 33, 9, 27, 5
2017/6/25, 27, 10, 24, 5
2017/6/26, 23, 6, 17, 4
2017/6/27, 17, 10, 27, 3
2017/6/28, 38, 13, 25, 4
2017/6/29, 28, 13, 27, 3
2017/6/30, 37, 11, 34, 3
2017/1/2, 60, 39, 28, 6
2017/1/3, 73, 36, 9, 17
2017/1/4, 66, 14, 10, 13
2017/1/5, 44, 16, 10, 14
2017/1/6, 48, 14, 15, 15
2017/1/7, 54, 31, 18, 18
2017/1/8, 82, 38, 15, 26
2017/1/9, 102, 16, 28, 8
2017/1/10, 47, 21, 26, 18
2017/1/11, 49, 32, 9, 22
2017/1/12, 83, 10, 28, 9
2017/1/13, 32, 9, 29, 9
2017/1/14, 33, 16, 24, 8
2017/1/15, 55, 23, 18, 21
2017/1/16, 67, 36, 16, 25
2017/1/17, 94, 11, 27, 8
2017/1/18, 35, 13, 21, 14
2017/1/19, 44, 35, 17, 27
2017/1/20, 90, 38, 1, 34
2017/1/21, 86, 23, 31, 18
2017/1/22, 60, 19, 31, 12
2017/1/23, 58, 27, 23, 33
2017/1/24, 68, 37, 24, 24
2017/1/25, 94, 13, 34, 13
2017/1/26, 31, 13, 35, 10
2017/1/27, 28, 23, 30, 16
2017/1/28, 50, 18, 31, 4
2017/1/29, 41, 8, 30, 7
2017/1/30, 18, 17, 29, 13
2017/1/31, 49, 15, 30, 14
2017/2/1, 33, 22, 33, 5
2017/2/2, 48, 35, 36, 3
2017/2/3, 76, 32, 30, 2
2017/2/4, 67, 23, 34, 11
2017/2/5, 50, 62, 30, 16
2017/2/6, 93, 26, 30, 8
2017/2/7, 47, 18, 30, 17
2017/2/8, 38, 31, 30, 15
2017/2/9, 72, 10, 32, 10
2017/2/10, 21, 4, 24, 5
2017/2/11, 16, 5, 32, 11
2017/2/12, 9, 15, 32, 7
2017/2/13, 47, 15, 34, 10
2017/2/14, 35, 19, 15, 14
2017/2/15, 56, 16, 21, 20
2017/2/16, 45, 20, 24, 15
2017/2/17, 61, 28, 28, 18
2017/2/18, 68, 8, 30, 6
2017/2/19, 23, 13, 27, 9
2017/2/20, 53, 15, 27, 13
2017/2/21, 51, 27, 21, 18
2017/2/22, 64, 45, 22, 19
2017/2/23, 92, 13, 27, 7
2017/2/24, 37, 32, 30, 17
2017/2/25, 67, 10, 35, 5
2017/2/26, 29, 5, 35, 8
2017/2/27, 20, 14, 33, 8
2017/2/28, 27, 26, 28, 19
2017/3/1, 53, 21, 31, 17
2017/3/2, 54, 4, 34, 6
2017/3/3, 11, 11, 33, 5
2017/3/4, 25, 20, 30, 4
2017/3/5, 43, 20, 25, 11
2017/3/6, 45, 13, 27, 14
2017/3/7, 33, 13, 19, 19
2017/3/8, 41, 24, 19, 23
2017/3/9, 63, 31, 33, 21
2017/3/10, 75, 24, 37, 7
2017/3/11, 57, 14, 36, 3
2017/3/12, 34, 15, 36, 5
2017/3/13, 35, 9, 29, 9
2017/3/14, 30, 16, 33, 10
2017/3/15, 52, 19, 36, 10
2017/3/16, 52, 21, 31, 15
2017/3/17, 55, 19, 42, 10
2017/3/18, 55, 31, 31, 14
2017/3/19, 81, 14, 34, 4
2017/3/20, 28, 11, 36, 7
2017/3/21, 29, 9, 35, 6
2017/3/22, 19, 7, 36, 9
2017/3/23, 14, 7, 34, 11
2017/3/24, 21, 6, 41, 5
2017/3/25, 18, 8, 40, 4
2017/3/26, 25, 17, 37, 5
2017/3/27, 41, 22, 33, 12
2017/3/28, 53, 26, 31, 17
2017/3/29, 60, 40, 41, 16
2017/3/30, 84, 16, 38, 8
2017/3/31, 41, 15, 37, 7
2016/10/1, 25, 8, 30, 7
2016/10/2, 16, 9, 27, 15
2016/10/3, 31, 12, 22, 17
2016/10/4, 39, 15, 35, 17
2016/10/5, 37, 27, 31, 23
2016/10/6, 60, 23, 27, 15
2016/10/7, 51, 13, 28, 7
2016/10/8, 43, 16, 31, 7
2016/10/9, 32, 23, 30, 16
2016/10/10, 54, 17, 32, 11
2016/10/11, 36, 10, 28, 9
2016/10/12, 16, 16, 27, 15
2016/10/13, 38, 21, 33, 15
2016/10/14, 42, 18, 31, 8
2016/10/15, 43, 15, 26, 12
2016/10/16, 36, 21, 26, 11
2016/10/17, 52, 19, 19, 17
2016/10/18, 50, 34, 26, 17
2016/10/19, 78, 32, 28, 13
2016/10/20, 83, 30, 19, 16
2016/10/21, 76, 16, 23, 6
2016/10/22, 37, 10, 30, 4
2016/10/23, 21, 9, 26, 6
2016/10/24, 26, 12, 23, 6
2016/10/25, 36, 22, 16, 9
2016/10/26, 50, 53, 16, 
2016/10/27, 98, 53, 19, 19
2016/10/28, 105, 41, 24, 13
2016/10/29, 82, 26, 31, 14
2016/10/30, 65, 30, 22, 21
2016/10/31, 77, 32, 32, 12
2016/11/1, 70, 22, 20, 9
2016/11/2, 54, 24, 18, 14
2016/11/3, 62, 24, 24, 11
2016/11/4, 56, 8, 27, 8
2016/11/5, 14, 11, 27, 13
2016/11/6, 21, 7, 26, 9
2016/11/7, 19, 13, 22, 16
2016/11/8, 41, 13, 28, 11
2016/11/9, 36, 19, 20, 22
2016/11/10, 46, 31, 9, 29
2016/11/11, 69, 22, 18, 19
2016/11/12, 56, 9, , 
2016/11/13, 24, 7, , 
2016/11/16, 51, 39, 19, 24
2016/11/17, 89, 15, 15, 19
2016/11/18, 36, 19, 29, 
2016/11/20, 38, 16, 29, 16
2016/11/21, 37, 19, 14, 22
2016/11/22, 54, 11, 23, 11
2016/11/23, 32, 10, 27, 11
2016/11/24, 25, 12, 28, 7
2016/11/25, 29, 14, 23, 10
2016/11/26, 32, 8, 21, 9
2016/11/27, 35, 22, 14, 24
2016/11/28, 56, 23, 10, 13
2016/11/29, 64, 13, 23, 7
2016/11/30, 41, 13, 21, 7
2016/12/1, 38, 9, 16, 9
2016/12/2, 30, 9, 23, 5
2016/12/3, 24, 10, 27, 3
2016/12/4, 26, 15, 19, 14
2016/12/5, 41, 24, 11, 20
2016/12/6, 62, 32, 7, 17
2016/12/7, 77, 15, 21, 8
2016/12/8, 49, 13, 19, 6
2016/12/9, 39, , , 
2016/12/14, 54, 24, 25, 22
2016/12/15, 49, 4, 29, 7
2016/12/16, 22, , , 
2016/12/19, 49, 25, 15, 22
2016/12/20, 74, 26, 14, 22
2016/12/21, 87, 40, 12, 29
2016/12/22, 102, 25, 10, 20
2016/12/23, 78, 24, 12, 13
2016/12/24, 81, 7, 15, 12
2016/12/25, 48, 10, 13, 18
2016/12/26, 53, 28, 11, 16
2016/12/27, 87, 28, 10, 14
2016/12/28, 73, 17, 15, 11
2016/12/29, 53, 24, 15, 21
2016/12/30, 65, 32, 13, 15
2016/12/31, 84, 23, 12, 7
2017/1/1, 72, 22, 27, 4
2016/7/1, 19, 10, 27, 4
2016/7/2, 34, 22, 47, 12
2016/7/3, 54, 34, 25, 14
2016/7/4, 75, 29, 29, 10
2016/7/5, 72, 14, 28, 6
2016/7/6, 48, 26, 47, 15
2016/7/7, 66, 16, 34, 13
2016/7/8, 57, 9, 40, 8
2016/7/9, 38, 8, 18, 3
2016/7/10, 23, 10, 24, 4
2016/7/11, 34, 9, 29, 4
2016/7/12, 29, 13, 37, 7
2016/7/13, 58, 18, 47, 15
2016/7/14, 55, 20, 49, 15
2016/7/15, 60, 33, 68, 
2016/7/16, 89, 14, 47, 14
2016/7/17, 49, 20, 39, 9
2016/7/18, 54, 28, 38, 12
2016/7/19, 77, 15, 33, 7
2016/7/20, 48, 9, 22, 4
2016/7/21, 29, 8, 24, 3
2016/7/22, 23, 16, 40, 
2016/7/23, 48, 18, 47, 10
2016/7/24, 47, 23, 60, 19
2016/7/25, 69, 22, 25, 15
2016/7/26, 66, 24, 33, 9
2016/7/27, 61, 27, 42, 17
2016/7/28, 66, 39, 38, 31
2016/7/29, 85, 18, 35, 
2016/7/30, 58, 9, 23, 3
2016/7/31, 30, 12, 30, 7
2016/8/1, 34, 21, 33, 11
2016/8/2, 56, 13, 21, 5
2016/8/3, 41, 7, 14, 3
2016/8/4, 33, 8, 31, 6
2016/8/5, 28, 18, 49, 9
2016/8/6, 54, 24, 53, 15
2016/8/7, 66, 38, 40, 24
2016/8/8, 86, 46, 48, 22
2016/8/9, 109, 34, 46, 9
2016/8/10, 84, 56, 49, 13
2016/8/11, 143, 49, 47, 12
2016/8/12, 116, 46, 78, 15
2016/8/13, 118, 29, 42, 7
2016/8/14, 72, 22, 41, 5
2016/8/15, 64, 18, 38, 8
2016/8/16, 57, 14, 22, 
2016/8/17, 34, 10, 25, 
2016/8/18, 19, 22, 13, 
2016/8/19, 53, 8, 27, 
2016/8/20, 29, 19, 40, 
2016/8/21, 53, 27, 39, 18
2016/8/22, 69, 24, 37, 17
2016/8/23, 69, 13, 28, 10
2016/8/24, 41, 19, 31, 9
2016/8/25, 56, 20, 38, 10
2016/8/26, 53, 22, 41, 8
2016/8/27, 65, 8, 23, 5
2016/8/28, 33, 14, 29, 8
2016/8/29, 40, 23, 27, 8
2016/8/30, 53, 21, 32, 6
2016/8/31, 56, 24, 42, 16
2016/9/1, 66, 29, 43, 18
2016/9/2, 74, 29, 47, 17
2016/9/3, 71, 33, 52, 20
2016/9/4, 76, 40, 45, 22
2016/9/5, 87, 52, 63, 16
2016/9/6, 111, 35, 29, 10
2016/9/7, 84, 8, 27, 4
2016/9/8, 22, 9, 25, 5
2016/9/9, 25, 10, 23, 5
2016/9/10, 23, 6, 22, 8
2016/9/11, 18, 13, 17, 11
2016/9/12, 41, 7, 25, 6
2016/9/13, 20, 11, 23, 9
2016/9/14, 19, 11, 23, 10
2016/9/15, 30, , , 
2016/9/18, 36, 15, 30, 15
2016/9/19, 45, 23, 25, 12
2016/9/20, 52, 15, 27, 6
2016/9/21, 30, 10, 25, 9
2016/9/22, 28, 10, 22, 13
2016/9/23, 29, 14, 18, 13
2016/9/24, 33, 6, 25, 5
2016/9/25, 18, 15, 27, 6
2016/9/26, 39, 12, 29, 11
2016/9/27, 34, 17, 24, 16
2016/9/28, 50, 23, 34, 16
2016/9/29, 58, 28, 41, 16
2016/9/30, 62, 12, 29, 5
2016/4/1, 20, 13, 22, 
2016/4/2, 24, 14, 38, 3
2016/4/3, 32, 9, 33, 5
2016/4/4, 23, 13, 36, 5
2016/4/5, 33, 15, 37, 8
2016/4/6, 38, 16, 35, 8
2016/4/7, 49, , 37, 4
2016/4/8, 42, , 35, 
2016/4/9, 29, , 37, 2
2016/4/10, 14, 19, 34, 7
2016/4/11, 27, 11, 36, 5
2016/4/12, 25, 21, 38, 6
2016/4/13, 44, 17, 36, 3
2016/4/14, 47, 18, 30, 3
2016/4/15, 41, 15, 38, 3
2016/4/16, 38, 8, 38, 7
2016/4/17, 17, 8, 33, 6
2016/4/18, 30, 13, 39, 4
2016/4/19, 37, 24, 39, 6
2016/4/20, 50, 17, 36, 6
2016/4/21, 36, 14, 33, 8
2016/4/22, 31, 9, 35, 5
2016/4/23, 28, 7, 35, 6
2016/4/24, 21, 9, 35, 10
2016/4/25, 31, 15, 40, 12
2016/4/26, 51, 15, 38, 6
2016/4/27, 32, 12, 36, 8
2016/4/28, 34, 23, 36, 17
2016/4/29, 58, 16, 36, 5
2016/4/30, 48, 12, 36, 6
2016/5/1, 49, 9, 38, 9
2016/5/2, 37, 15, 43, 9
2016/5/3, 45, 20, 45, 8
2016/5/4, 62, 26, 32, 13
2016/5/5, 59, 15, 39, 7
2016/5/6, 50, 10, 36, 4
2016/5/7, 26, 15, 40, 2
2016/5/8, 30, 15, 40, 5
2016/5/9, 34, 8, 41, 5
2016/5/10, 14, 8, 37, 5
2016/5/11, 17, 9, 39, 5
2016/5/12, 16, 10, 33, 9
2016/5/13, 27, 12, 42, 8
2016/5/14, 30, 11, 47, 4
2016/5/15, 34, 20, 41, 12
2016/5/16, 64, 21, 45, 7
2016/5/17, 62, 14, 40, 5
2016/5/18, 45, 12, 32, 5
2016/5/19, 38, 11, 36, 11
2016/5/20, 33, 17, 27, 9
2016/5/21, 58, 7, 33, 4
2016/5/22, 25, 12, 34, 8
2016/5/23, 33, 18, 34, 4
2016/5/24, 43, 18, 35, 5
2016/5/25, 40, 20, 43, 5
2016/5/26, 47, 17, 37, 5
2016/5/27, 41, 13, 36, 2
2016/5/28, 40, 15, 36, 3
2016/5/29, 31, 14, 37, 8
2016/5/30, 41, 11, 36, 8
2016/5/31, 33, 16, 41, 12
2016/6/1, 50, 17, 36, 20
2016/6/2, 49, 18, 41, 7
2016/6/3, 47, 12, 30, 6
2016/6/4, 38, 14, 26, 6
2016/6/5, 37, 15, 29, 6
2016/6/6, 28, 10, 28, 11
2016/6/7, 38, 16, 26, 16
2016/6/8, 46, 11, 24, 7
2016/6/9, 36, 7, 33, 5
2016/6/10, 34, 9, 28, 
2016/6/11, 24, 3, 30, 
2016/6/12, 12, 6, 17, 3
2016/6/13, 17, 12, 22, 5
2016/6/14, 20, 12, 24, 4
2016/6/16, 42, 15, 26, 8
2016/6/17, 36, , , 
2016/6/19, 33, 14, 30, 11
2016/6/20, 45, 15, 37, 12
2016/6/21, 47, 23, 37, 13
2016/6/22, 62, 14, 18, 6
2016/6/23, 48, 7, 26, 4
2016/6/24, 27, 15, 29, 3
2016/6/25, 44, 23, 35, 6
2016/6/26, 54, 21, 44, 9
2016/6/27, 54, 23, 36, 8
2016/6/28, 62, 16, 28, 5
2016/6/29, 52, 15, 25, 5
2016/6/30, 49, 7, 27, 4
2016/1/4, 32, 10, 29, 11
2016/1/5, 21, 15, 32, 7
2016/1/6, 43, 11, 31, 2
2016/1/7, 18, 8, 30, 3
2016/1/8, 14, 10, 32, 
2016/1/9, 23, 18, 34, 1
2016/1/10, 33, 16, 33, 15
2016/1/11, 32, 29, 25, 25
2016/1/12, 65, 28, 13, 13
2016/1/13, 72, 21, 29, 9
2016/1/14, 45, 13, 29, 10
2016/1/15, 35, 9, 23, 6
2016/1/16, 30, 8, 18, 9
2016/1/17, 25, 25, 23, 22
2016/1/18, 67, 19, 30, 12
2016/1/19, 54, 16, 32, 13
2016/1/20, 42, 14, 26, 10
2016/1/21, 28, 11, 10, 10
2016/1/22, 33, 6, 12, 11
2016/1/23, 22, 19, 29, 7
2016/1/24, 55, 22, 29, 14
2016/1/25, 54, 21, 23, 23
2016/1/26, 46, 29, 22, 20
2016/1/27, 68, 11, 27, 10
2016/1/28, 41, 13, 27, 10
2016/1/29, 41, 15, 29, 10
2016/1/30, 37, 7, 30, 6
2016/1/31, 23, 12, 26, 13
2016/2/1, 34, , , 
2016/2/5, 81, 41, 33, 13
2016/2/6, 99, 21, 33, 5
2016/2/7, 43, 20, 33, 5
2016/2/8, 46, 12, 31, 2
2016/2/9, 26, 18, 31, 4
2016/2/10, 39, 7, 27, 6
2016/2/11, 16, 10, 26, 3
2016/2/12, 25, 16, 24, 2
2016/2/13, 35, 17, 35, 2
2016/2/14, 42, 18, 34, 5
2016/2/15, 45, 9, 28, 11
2016/2/16, 27, 25, 30, 18
2016/2/17, 57, 8, 31, 8
2016/2/18, 20, 8, 29, 8
2016/2/19, 24, 11, 29, 
2016/2/20, 39, 11, 29, 7
2016/2/21, 42, 56, 25, 15
2016/2/22, 110, 18, 27, 19
2016/2/23, 41, 21, 32, 9
2016/2/24, 55, 12, 34, 13
2016/2/25, 23, 5, 32, 4
2016/2/26, 15, 7, 34, 5
2016/2/27, 20, 14, 34, 4
2016/2/28, 34, 16, 32, 10
2016/2/29, 45, 30, 29, 18
2016/3/1, 70, 7, 27, 6
2016/3/2, 20, 13, 36, 6
2016/3/3, 38, 11, 33, 7
2016/3/4, 23, 16, 31, 8
2016/3/5, 47, 9, 32, 6
2016/3/6, 24, 10, 33, 5
2016/3/7, 19, 11, 31, 7
2016/3/8, 43, 14, 31, 10
2016/3/9, 38, 19, 35, 5
2016/3/10, 50, 18, 32, 11
2016/3/11, 50, 24, 32, 20
2016/3/12, 65, 26, 34, 20
2016/3/13, 70, 27, 38, 20
2016/3/14, 74, 19, 31, 15
2016/3/15, 48, 20, 32, 16
2016/3/16, 41, 22, 42, 15
2016/3/17, 61, 35, 28, 9
2016/3/18, 59, 11, 35, 6
2016/3/19, 22, 8, 31, 12
2016/3/20, 26, 7, 27, 13
2016/3/21, 23, 12, 32, 10
2016/3/22, 34, 11, 35, 8
2016/3/23, 31, 22, 37, 8
2016/3/24, 58, 12, 36, 6
2016/3/25, 34, 14, 29, 4
2016/3/26, 32, 17, 31, 6
2016/3/27, 37, 18, 34, 3
2016/3/28, 34, 22, 36, 6
2016/3/29, 48, 16, 36, 8
2016/3/30, 32, 10, 34, 5
2016/3/31, 24, 13, 32, 10
2015/10/1, 68, 22, 31, 20
2015/10/2, 59, 21, 29, 9
2015/10/3, 60, 26, 30, 2
2015/10/4, 71, 40, 28, 2
2015/10/5, 89, 32, 28, 8
2015/10/6, 54, 11, 29, 10
2015/10/7, 24, 10, 32, 9
2015/10/8, 23, 23, 33, 16
2015/10/9, 59, 13, 28, 4
2015/10/10, 27, 7, 25, 2
2015/10/11, 27, 15, 29, 5
2015/10/12, 42, 15, 18, 13
2015/10/13, 35, 15, 27, 15
2015/10/14, 47, 26, 30, 19
2015/10/15, 69, 34, 29, 20
2015/10/16, 77, 20, 32, 6
2015/10/17, 60, 18, 29, 5
2015/10/18, 40, 8, 22, 8
2015/10/19, 23, 7, 22, 8
2015/10/20, 25, 7, 27, 14
2015/10/21, 24, 17, 29, 20
2015/10/22, 53, 35, 15, 28
2015/10/23, 83, 36, 25, 14
2015/10/24, 91, 16, 22, 6
2015/10/25, 50, 8, 30, 10
2015/10/26, 26, 10, 31, 11
2015/10/27, 22, 14, 33, 6
2015/10/28, 43, 14, 32, 7
2015/10/29, 28, 12, 29, 7
2015/10/30, 24, 7, 37, 10
2015/10/31, 16, 15, 25, 12
2015/11/1, 36, 8, 26, 10
2015/11/2, 13, 21, 31, 11
2015/11/3, 54, 13, 31, 9
2015/11/4, 30, 17, 22, 7
2015/11/5, 46, 11, 16, 20
2015/11/6, 32, 28, 14, 21
2015/11/7, 65, 19, 25, 15
2015/11/8, 48, 26, 16, 23
2015/11/9, 61, 24, 20, 18
2015/11/10, 64, 36, 18, 27
2015/11/11, 79, 47, 16, 26
2015/11/12, 99, 50, 13, 28
2015/11/13, 105, 35, 20, 20
2015/11/14, 48, 25, 22, 14
2015/11/15, 22, 38, 22, 20
2015/11/16, 40, 18, 15, 22
2015/11/17, 48, 24, 13, 17
2015/11/18, 70, 48, 13, 25
2015/11/19, 110, 49, 4, 23
2015/11/20, 123, 34, 26, 6
2015/11/21, 69, 10, 26, 8
2015/11/22, 19, 6, 23, 14
2015/11/23, 15, 20, 22, 15
2015/11/24, 65, 12, 28, 9
2015/11/25, 36, 20, 30, 9
2015/11/26, 48, 14, 21, 9
2015/11/27, 37, 12, 20, 10
2015/11/28, 37, 16, 19, 10
2015/11/29, 52, 13, 18, 18
2015/11/30, 46, 25, 11, 16
2015/12/1, 63, 44, 8, 30
2015/12/2, 116, 45, 9, 27
2015/12/3, 111, 43, 10, 21
2015/12/4, 107, 44, 14, 20
2015/12/5, 107, 40, 16, 14
2015/12/6, 108, 31, 13, 14
2015/12/7, 87, 25, 10, 12
2015/12/8, 69, 21, 13, 11
2015/12/9, 61, 23, 12, 14
2015/12/10, 58, 27, 12, 11
2015/12/11, 69, , , 
2015/12/17, 86, 42, 23, 10
2015/12/18, 77, 21, 30, 8
2015/12/19, 57, 29, 30, 18
2015/12/20, 49, 27, 10, 16
2015/12/21, 74, 8, 14, 5
2015/12/22, 30, 10, 16, 17
2015/12/23, 35, 21, 9, 10
2015/12/24, 73, 24, 17, 8
2015/12/25, 71, 26, 17, 8
2015/12/26, 72, 19, 29, 5
2015/12/27, 55, 32, 31, 9
2015/12/28, 73, 34, 18, 20
2015/12/29, 75, 24, 26, 7
2015/12/30, 49, , , 
2016/1/2, 58, 17, 32, 3
2016/1/3, 39, 15, 25, 4
2015/7/1, 30, 9, 26, 9
2015/7/2, 21, 8, 26, 8
2015/7/3, 31, 10, 19, 7
2015/7/4, 25, 7, 32, 4
2015/7/5, 14, 17, 33, 14
2015/7/6, 38, 14, 18, 7
2015/7/7, 42, 12, 30, 8
2015/7/8, 28, 30, 31, 8
2015/7/9, 64, 21, 30, 6
2015/7/10, 51, 9, 26, 4
2015/7/11, 28, 14, 31, 4
2015/7/12, 47, 21, 31, 11
2015/7/13, 56, 23, 27, 16
2015/7/14, 57, , 18, 10
2015/7/20, 18, 15, 15, 5
2015/7/21, 45, 8, 29, 8
2015/7/22, 23, 14, 32, 8
2015/7/23, 31, 16, 24, 6
2015/7/24, 42, 9, 38, 5
2015/7/25, 24, 13, 30, 3
2015/7/26, 37, 6, 26, 5
2015/7/27, 24, 13, 20, 5
2015/7/28, 32, 9, 16, 4
2015/7/29, 32, 13, 18, 4
2015/7/30, 42, 6, 31, 5
2015/7/31, 21, 17, 43, 6
2015/8/1, 47, 16, 40, 12
2015/8/2, 50, 14, 29, 9
2015/8/3, 43, 7, 30, 6
2015/8/4, 23, 11, 33, 8
2015/8/5, 28, 11, 28, 7
2015/8/6, 37, 12, 32, 4
2015/8/7, 33, 20, 46, 6
2015/8/8, 52, 30, 60, 14
2015/8/9, 76, 40, 46, 26
2015/8/10, 93, 20, 36, 5
2015/8/11, 54, 15, 28, 6
2015/8/12, 32, 12, 30, 4
2015/8/13, 23, 6, 28, 5
2015/8/14, 11, 4, 22, 4
2015/8/15, 18, 11, 17, 6
2015/8/16, 34, 3, 22, 4
2015/8/17, 7, 11, 30, 5
2015/8/18, 34, 19, 38, 13
2015/8/19, 44, 29, 44, 24
2015/8/20, 65, 21, 29, 15
2015/8/21, 58, 8, 17, 3
2015/8/22, 15, 10, 27, 4
2015/8/23, 26, 13, 30, 8
2015/8/24, 32, 11, 30, 11
2015/8/25, 29, 12, 23, 8
2015/8/26, 39, 11, 20, 6
2015/8/27, 26, 11, 21, 8
2015/8/28, 29, 14, 33, 9
2015/8/29, 37, 31, 33, 9
2015/8/30, 70, 12, 24, 4
2015/8/31, 44, 9, 29, 7
2015/9/1, 23, 16, 34, 5
2015/9/2, 35, 14, 33, 5
2015/9/3, 37, 16, 34, 5
2015/9/4, 31, 16, 38, 9
2015/9/5, 41, 30, 44, 19
2015/9/6, 64, 21, 48, 19
2015/9/7, 57, 20, 39, 19
2015/9/8, 55, 125, 30, 14
2015/9/9, 53, 11, 30, 6
2015/9/10, 22, 12, 29, 11
2015/9/11, 33, 14, 32, 6
2015/9/12, 42, 22, 31, 7
2015/9/13, 37, 18, 30, 11
2015/9/14, 40, 19, 29, 7
2015/9/15, 39, 25, 28, 4
2015/9/16, 49, 23, 32, 12
2015/9/17, 49, 8, 35, 9
2015/9/18, 23, 16, 42, 11
2015/9/19, 45, 16, 52, 14
2015/9/20, 47, 23, 35, 24
2015/9/21, 54, 13, 33, 5
2015/9/22, 33, 13, 30, 8
2015/9/23, 38, 25, 28, 17
2015/9/24, 61, 27, 38, 19
2015/9/25, 68, 34, 36, 16
2015/9/26, 80, 24, 39, 13
2015/9/27, 67, 29, 30, 22
2015/9/28, 80, 34, 36, 18
2015/9/29, 70, 26, 42, 16
2015/9/30, 64, 30, 36, 20
2015/4/1, 43, 17, 38, 24
2015/4/2, 52, 25, 39, 12
2015/4/3, 62, 29, 31, 17
2015/4/4, 69, , , 
2015/4/6, 278, 21, 30, 11
2015/4/7, 61, 22, 29, 9
2015/4/8, 55, 10, 32, 12
2015/4/9, 35, 20, 31, 11
2015/4/10, 55, 11, 36, 8
2015/4/11, 43, 12, 37, 8
2015/4/12, 42, 25, 34, 14
2015/4/13, 60, 42, 39, 9
2015/4/14, 82, 22, 30, 15
2015/4/15, 57, 23, 41, 9
2015/4/16, 62, 17, 35, 12
2015/4/17, 39, 17, 36, 8
2015/4/18, 42, 11, 38, 7
2015/4/19, 27, 16, 33, 11
2015/4/20, 40, 15, 38, 16
2015/4/21, 30, 15, 34, 8
2015/4/22, 43, 16, 35, 9
2015/4/23, 32, 17, 30, 7
2015/4/24, 39, 16, 34, 3
2015/4/25, 37, 9, 36, 3
2015/4/26, 24, 12, 33, 10
2015/4/27, 35, 9, 34, 10
2015/4/28, 26, 13, 32, 9
2015/4/29, 32, 17, 28, 12
2015/4/30, 42, 10, 28, 4
2015/5/1, 15, 12, 30, 3
2015/5/2, 22, 12, 26, 5
2015/5/3, 31, 14, 34, 4
2015/5/4, 26, 21, 38, 9
2015/5/5, 50, 13, 37, 11
2015/5/6, 36, 20, 38, 8
2015/5/7, 46, 21, 34, 6
2015/5/8, 39, 9, 30, 14
2015/5/9, 38, 12, 36, 9
2015/5/10, 36, 19, 45, 12
2015/5/11, 53, 41, 42, 12
2015/5/12, 74, 38, 32, 18
2015/5/13, 83, 14, 36, 6
2015/5/14, 34, 19, 36, 7
2015/5/15, 45, 20, 36, 9
2015/5/16, 47, 16, 40, 7
2015/5/17, 41, 23, 29, 14
2015/5/18, 60, 22, 37, 5
2015/5/19, 48, 17, 38, 7
2015/5/20, 42, 19, 38, 9
2015/5/21, 38, 15, 39, 10
2015/5/23, 42, 19, 38, 5
2015/5/24, 55, 19, 41, 11
2015/5/25, 55, 22, 41, 14
2015/5/26, 57, 17, 43, 15
2015/5/27, 54, 28, 52, 17
2015/5/28, 68, 28, 35, 14
2015/5/29, 70, 19, 26, 8
2015/5/30, 53, 9, 19, 3
2015/5/31, 25, 5, 28, 7
2015/6/1, 18, 12, 36, 10
2015/6/2, 39, 12, 29, 15
2015/6/3, 32, 19, 31, 19
2015/6/4, 57, 21, 33, 14
2015/6/5, 56, 20, 43, 14
2015/6/6, 60, , , 
2015/6/8, 78, 33, 51, 16
2015/6/9, 78, 23, 43, 4
2015/6/10, 63, 19, 44, 7
2015/6/11, 55, 14, 41, 7
2015/6/12, 34, 13, 35, 4
2015/6/13, 35, 12, 35, 5
2015/6/14, 28, 10, 38, 10
2015/6/15, 23, 19, 38, 10
2015/6/16, 46, 16, 44, 13
2015/6/17, 50, 17, 55, 13
2015/6/18, 52, 23, 56, 14
2015/6/19, 59, 24, 65, 9
2015/6/20, 62, 32, 39, 4
2015/6/21, 70, 20, 36, 5
2015/6/22, 57, 12, 32, 7
2015/6/23, 28, 10, 28, 7
2015/6/24, 21, 13, 33, 15
2015/6/25, 38, 15, 34, 17
2015/6/26, 48, 13, 20, 9
2015/6/27, 35, 7, 35, 7
2015/6/28, 19, 19, 43, 22
2015/6/29, 58, 36, 32, 9
2015/6/30, 83, 11, 22, 7
2015/1/1, 155, 43, 10, 25
2015/1/2, 75, 33, 16, 24
2015/1/3, 92, 50, 15, 21
2015/1/4, 108, 54, 8, 24
2015/1/5, 137, 20, 11, 37
2015/1/6, 50, 30, 3, 12
2015/1/7, 76, 21, 5, 21
2015/1/8, 61, 24, 11, 21
2015/1/9, 65, 20, 11, 25
2015/1/10, 51, 43, 14, 24
2015/1/11, 106, 35, 8, 29
2015/1/12, 90, 52, 14, 18
2015/1/13, 124, 15, 7, 20
2015/1/14, 51, 10, 30, 7
2015/1/15, 29, 12, 25, 17
2015/1/16, 16, 13, 20, 15
2015/1/17, 30, 4, 23, 7
2015/1/18, 19, 15, 27, 11
2015/1/19, 27, 10, 27, 11
2015/1/20, 18, 11, 28, 13
2015/1/21, 19, 11, 22, 14
2015/1/22, 22, 9, 22, 16
2015/1/23, 15, 10, 18, 20
2015/1/24, 31, 25, 18, 15
2015/1/25, 76, 27, 1, 17
2015/1/26, 65, 26, 21, 19
2015/1/27, 44, 13, 26, 9
2015/1/28, 23, 4, 20, 11
2015/1/29, 9, 2, 24, 6
2015/1/31, 14, 12, 23, 12
2015/2/1, 17, 11, 29, 7
2015/2/3, 7, 11, 30, 7
2015/2/4, 14, 14, 31, 10
2015/2/5, 13, 13, 27, 19
2015/2/6, 23, 18, 25, 9
2015/2/7, 47, 8, 24, 6
2015/2/8, 24, 14, 24, 14
2015/2/9, 42, 17, 14, 16
2015/2/10, 37, 20, 18, 20
2015/2/11, 48, 42, 18, 27
2015/2/12, 94, 32, 32, 14
2015/2/13, 78, 17, 32, 6
2015/2/14, 25, 18, 30, 5
2015/2/15, 43, 10, 30, 7
2015/2/16, 27, 10, 30, 5
2015/2/17, 27, 7, 26, 14
2015/2/18, 16, 9, 24, 18
2015/2/19, 24, 28, 20, 18
2015/2/20, 67, 7, 33, 4
2015/2/21, 21, 14, 30, 7
2015/2/22, 25, 7, 24, 8
2015/2/23, 18, 18, 30, 9
2015/2/24, 39, 20, 30, 14
2015/2/25, 36, 10, 29, 9
2015/2/26, 19, 11, 35, 7
2015/2/27, 26, 15, 24, 12
2015/2/28, 29, 13, 28, 10
2015/3/1, 28, 9, 22, 19
2015/3/2, 25, 15, 22, 17
2015/3/3, 39, 10, 20, 16
2015/3/4, 35, 10, 24, 15
2015/3/5, 23, 16, 27, 38
2015/3/6, 42, 24, 27, 20
2015/3/7, 58, 37, 38, 15
2015/3/8, 77, 26, 19, 31
2015/3/9, 56, 41, 18, 32
2015/3/10, 85, 31, 12, 27
2015/3/11, 62, 63, 22, 11
2015/3/12, 123, 25, 27, 13
2015/3/13, 56, 20, 33, 8
2015/3/14, 47, 16, 25, 10
2015/3/15, 42, 22, 22, 17
2015/3/16, 55, 14, 26, 16
2015/3/17, 31, 7, 27, 9
2015/3/18, 23, , , 
2015/3/25, 50, 17, , 
2015/3/26, 25, , , 
2015/3/31, 17, 18, 27, 20
2014/10/1, 39, 19, 33, 21
2014/10/2, 33, 22, 32, 24
2014/10/3, 55, 30, 20, 8
2014/10/4, 54, 27, 29, 9
2014/10/5, 11, 10, 30, 9
2014/10/6, 17, 9, 14, 7
2014/10/7, 13, 10, 18, 6
2014/10/8, 9, 11, 10, 22
2014/10/9, 19, 19, 16, 17
2014/10/10, 35, 23, , 11
2014/10/11, 53, 15, , 3
2014/10/12, 13, 19, , 18
2014/10/13, 17, 23, 2, 12
2014/10/14, 23, 18, , 4
2014/10/15, 19, 20, 24, 4
2014/10/18, 13, 11, , 10
2014/10/19, 17, 36, 15, 25
2014/10/20, 47, , 7, 15
2014/10/22, 72, 39, 27, 21
2014/10/23, 54, 30, , 25
2014/10/24, 52, 35, , 13
2014/10/25, 62, 32, , 13
2014/10/26, 67, 40, 10, 24
2014/10/27, 70, 44, 10, 18
2014/10/28, 72, 38, 14, 25
2014/10/29, 61, 42, 24, 8
2014/10/30, 66, 40, , 13
2014/10/31, 62, 31, , 12
2014/11/1, 55, 11, 10, 27
2014/11/2, 13, 12, 27, 4
2014/11/3, 10, 10, 29, 10
2014/11/4, 13, 12, , 16
2014/11/5, 15, 19, 17, 10
2014/11/6, 34, 12, , 12
2014/11/7, 9, 10, , 9
2014/11/8, 18, 10, , 22
2014/11/9, 14, 16, 24, 10
2014/11/10, 31, 13, 31, 10
2014/11/11, 15, 18, , 11
2014/11/12, 23, 16, 25, 4
2014/11/13, 13, 13, , 13
2014/11/14, 9, 16, , 12
2014/11/15, 21, 20, , 32
2014/11/16, 40, 26, 3, 28
2014/11/17, 46, 20, 29, 7
2014/11/18, 44, 10, 13, 16
2014/11/19, 18, 11, 21, 11
2014/11/20, 17, 18, 11, 15
2014/11/21, 29, 34, 7, 13
2014/11/22, 57, 16, 26, 12
2014/11/23, 30, 46, 13, 16
2014/11/24, 59, 21, 23, 25
2014/11/25, 28, 18, 20, 15
2014/11/26, 39, 6, 30, 10
2014/11/27, 10, , 4, 28
2014/7/3, 30, 18, 33, 
2014/7/7, 13, 11, 30, 6
2014/7/8, 19, 8, 27, 11
2014/7/10, 31, 17, 39, 17
2014/7/11, 41, 22, 46, 
2014/7/12, 33, 20, 33, 
2014/7/13, 41, 20, 26, 6
2014/7/14, 23, 15, 28, 9
2014/7/15, 22, 13, 30, 
2014/7/16, 40, 20, 28, 13
2014/7/17, 42, 19, 28, 3
2014/7/18, 18, 10, 20, 
2014/7/19, 14, 11, 25, 
2014/7/20, 19, 12, 25, 
2014/7/22, 29, 14, 35, 5
2014/7/23, 39, 16, 31, 
2014/7/24, 26, 9, 35, 10
2014/7/25, 54, 19, 43, 
2014/7/26, 60, 20, 47, 
2014/7/27, 63, 19, 48, 9
2014/7/28, 68, 19, 47, 
2014/7/29, 32, 10, 40, 15
2014/7/31, 50, 14, 43, 
2014/8/4, 18, 11, 32, 8
2014/8/5, 24, 8, 25, 
2014/8/6, 17, 6, 19, 
2014/8/7, 13, 6, 16, 
2014/8/9, 11, 6, 22, 
2014/8/10, 19, 7, 25, 
2014/8/11, 13, 10, 30, 11
2014/8/12, 17, 10, 19, 3
2014/8/13, 7, 6, 32, 5
2014/8/14, 20, 13, 30, 
2014/8/15, 16, 10, 34, 
2014/8/16, 39, 33, 44, 
2014/8/17, 57, 24, 34, 9
2014/8/18, 47, 19, 34, 9
2014/8/19, 39, 19, 38, 10
2014/8/20, 38, 17, 33, 
2014/8/21, 32, 12, 33, 8
2014/8/22, 25, 11, 32, 
2014/8/23, 22, 10, 37, 
2014/8/24, 25, 9, 37, 14
2014/8/25, 14, 6, 28, 
2014/8/26, 19, 10, 12, 9
2014/8/27, 22, 13, 19, 7
2014/8/28, 25, 10, 26, 7
2014/8/29, 21, 8, 30, 
2014/8/30, 32, 18, 38, 
2014/8/31, 43, 23, 39, 8
2014/9/1, 66, 41, 42, 3
2014/9/2, 56, 27, 32, 16
2014/9/3, 44, 17, 25, 17
2014/9/4, 22, 10, 25, 
2014/9/5, 19, 14, 22, 
2014/9/6, 22, 11, 24, 
2014/9/7, 17, 6, 30, 
2014/9/8, 21, 10, 24, 
2014/9/9, 27, 15, 24, 
2014/9/10, 13, 11, 20, 6
2014/9/11, 25, 11, 23, 
2014/9/12, 19, 11, 23, 
2014/9/13, 19, 13, 28, 
2014/9/14, 18, 10, 28, 
2014/9/15, 18, 13, 20, 
2014/9/16, 13, 8, 31, 
2014/9/17, 20, 16, 26, 3
2014/9/18, 19, 16, 30, 2
2014/9/19, 28, 15, 33, 
2014/9/20, 36, 16, 30, 
2014/9/21, 32, 14, 27, 
2014/9/22, 36, 16, 28, 
2014/9/23, 35, 20, 32, 
2014/9/24, 62, 19, 31, 
2014/9/25, 69, 31, 34, 6
2014/9/26, 60, 22, 37, 
2014/9/27, 53, 19, 30, 
2014/9/28, 38, 12, 36, 
2014/9/29, 53, 22, 28, 
2014/9/30, 29, 12, 33, 26
2014/4/1, 24, 8, 37, 2
2014/4/2, 13, 13, 37, 2
2014/4/3, 17, 18, 34, 12
2014/4/4, 19, 10, 38, 
2014/4/5, 17, 14, 23, 
2014/4/6, 27, 17, 24, 
2014/4/7, 35, 12, 24, 9
2014/4/8, 21, 23, 33, 17
2014/4/9, 51, 30, 36, 
2014/4/10, 60, 24, 34, 
2014/4/11, 41, 30, 37, 
2014/4/12, 62, 21, 31, 
2014/4/13, 51, 40, 14, 21
2014/4/14, 62, 44, 39, 15
2014/4/15, 66, 37, 34, 11
2014/4/16, 70, 36, 30, 
2014/4/17, 67, 21, 34, 
2014/4/18, 49, 8, 32, 
2014/4/19, 15, 8, 34, 
2014/4/20, 11, 9, 30, 
2014/4/21, 19, 14, 31, 
2014/4/22, 34, 9, 38, 8
2014/4/23, 17, 17, 38, 
2014/4/24, 30, 14, 43, 
2014/4/25, 19, 11, 29, 
2014/4/26, 22, 10, 39, 
2014/4/27, 11, 12, 24, 
2014/4/28, 17, 7, 31, 7
2014/4/29, 14, 10, 25, 13
2014/4/30, 17, 7, 34, 
2014/5/1, 15, 14, 36, 16
2014/5/2, 29, 16, 39, 
2014/5/3, 28, 18, 40, 
2014/5/4, 24, 26, 42, 
2014/5/5, 39, 25, 30, 
2014/5/6, 27, 11, 30, 10
2014/5/7, 17, 12, 33, 
2014/5/8, 14, 8, 25, 6
2014/5/9, 14, , , 
2014/5/12, 15, 20, 36, 13
2014/5/13, 17, 29, 40, 6
2014/5/14, 22, 34, 46, 6
2014/5/15, 42, 20, 43, 
2014/5/16, 15, 30, 63, 
2014/5/17, 42, 17, 52, 
2014/5/18, 25, 16, 40, 5
2014/5/19, 28, 8, 39, 3
2014/5/20, 9, 9, 38, 
2014/5/22, 13, 7, 38, 7
2014/5/23, 10, 8, 40, 
2014/5/24, 17, 10, 39, 
2014/5/26, 13, 8, 32, 6
2014/5/27, 14, 6, 29, 4
2014/5/29, 10, 8, 30, 
2014/5/30, 14, 11, 37, 
2014/5/31, 15, 12, 39, 
2014/6/1, 17, 19, 36, 9
2014/6/2, 39, 9, 28, 5
2014/6/3, 17, 9, 34, 6
2014/6/4, 13, 8, 22, 
2014/6/5, 16, 7, 29, 
2014/6/6, 13, 14, 34, 
2014/6/7, 17, 14, 31, 
2014/6/8, 20, 10, 32, 
2014/6/9, 13, , , 
2014/6/11, 23, 21, 58, 13
2014/6/12, 47, 29, 51, 
2014/6/13, 60, 24, 52, 
2014/6/14, 55, 29, 54, 
2014/6/15, 55, 27, 46, 11
2014/6/16, 60, 25, 40, 2
2014/6/17, 61, 20, 40, 6
2014/6/18, 52, 17, 32, 6
2014/6/19, 39, 12, 28, 
2014/6/20, 26, , 36, 
2014/6/22, 15, 9, 28, 12
2014/6/24, 39, 20, 33, 7
2014/6/25, 47, 11, 29, 
2014/6/26, 15, 10, 36, 8
2014/6/27, 17, 15, 32, 
2014/6/28, 19, 9, 29, 
2014/6/29, 19, 10, 24, 5
2014/6/30, 13, 10, 28, 
2014/2/2, 42, , 35, 4
2014/2/4, 17, 36, 35, 3
2014/2/5, 52, 20, 35, 7
2014/2/6, 34, 27, 35, 5
2014/2/7, 38, 21, 35, 5
2014/2/8, 32, 33, 34, 11
2014/2/9, 56, 22, 37, 1
2014/2/10, 41, 18, 32, 14
2014/2/11, 32, 15, 32, 14
2014/2/12, 32, 10, 21, 6
2014/2/13, 13, 11, 22, 5
2014/2/14, 9, 16, 25, 3
2014/2/15, 31, 17, 30, 13
2014/2/16, 27, 24, 34, 15
2014/2/17, 55, 22, 30, 20
2014/2/18, 42, 20, 31, 13
2014/2/19, 36, 10, 24, 19
2014/2/20, 16, 18, 27, 12
2014/2/21, 25, 27, 32, 22
2014/2/22, 40, 30, 35, 17
2014/2/23, 68, 17, 43, 5
2014/2/24, 19, 25, 34, 11
2014/2/25, 46, 39, 32, 16
2014/2/26, 59, 36, 30, 16
2014/2/27, 55, 10, 25, 12
2014/2/28, 13, 10, 30, 11
2014/3/1, 17, 6, 27, 4
2014/3/2, 13, 23, 26, 4
2014/3/3, 32, 26, 33, 9
2014/3/4, 46, 9, 31, 8
2014/3/5, 17, 19, 31, 9
2014/3/6, 38, 28, 21, 21
2014/3/7, 70, 21, 28, 
2014/3/8, 59, 16, 36, 
2014/3/9, 35, 14, 26, 
2014/3/10, 30, , 27, 
2014/3/12, 70, 35, 31, 19
2014/3/13, 72, 26, 34, 9
2014/3/14, 58, 30, 30, 8
2014/3/15, 66, 44, 37, 
2014/3/16, 92, 48, 43, 
2014/3/17, 95, 22, 34, 16
2014/3/18, 44, 28, 37, 10
2014/3/19, 66, 33, 30, 18
2014/3/20, 73, 21, 33, 13
2014/3/21, 41, 9, 31, 6
2014/3/22, 13, 12, 34, 
2014/3/23, 20, 21, 37, 
2014/3/24, 32, 26, 36, 
2014/3/25, 44, 19, 35, 
2014/3/26, 31, 13, 36, 8
2014/3/27, 15, 10, 37, 11
2014/3/28, 19, 22, 35, 12
2014/3/29, 56, 13, 36, 
2014/3/30, 19, 17, 38, 
2014/3/31, 32, 14, 35, 11
2025/12/31, , 17, 24, 1
2025/11/28, , 18, 16, 8
2025/11/29, , 15, , 
2025/12/1, , 12, 28, 4
2025/7/8, , 23, 28, 1
2025/4/1, , 8, 33, 2
2025/4/6, , 11, 36, 1
2025/4/8, , 30, 32, 5
2025/4/16, , 10, 33, 3
2025/4/25, , 9, 32, 2
2025/4/28, , 15, 24, 3
2025/5/1, , 15, 37, 3
2025/5/9, , 18, 40, 2
2025/1/2, , 28, 17, 12
2025/1/5, , 13, 37, 
2025/1/13, , 7, 21, 11
2025/1/21, , 32, 35, 1
2025/1/29, , 19, 37, 1
2025/2/27, , 7, , 
2025/3/7, , 15, 38, 2
2025/3/16, , 11, 38, 2
2025/3/25, , 12, 42, 4
2025/3/30, , 11, 21, 7
2024/10/8, , 27, 36, 2
2024/10/16, , 9, 31, 3
2024/10/18, , 28, 28, 7
2024/11/8, , 10, 21, 13
2024/12/8, , 9, 35, 2
2024/12/10, , 17, 16, 15
2024/12/16, , 16, 16, 9
2024/12/19, , 11, 29, 7
2024/12/25, , 8, 20, 7
2024/12/27, , 12, 14, 11
2024/7/4, , 25, 34, 10
2024/7/9, , 15, 23, 2
2024/7/12, , 10, 37, 4
2024/7/14, , 11, 30, 2
2024/7/18, , 17, 22, 7
2024/7/23, , 31, 51, 17
2024/8/3, , 19, 41, 5
2024/8/8, , 21, 42, 8
2024/8/12, , 9, 32, 2
2024/8/18, , 7, 23, 1
2024/8/23, , 9, 33, 1
2024/9/21, , 31, 36, 6
2024/9/29, , 23, 22, 12
2024/6/3, , 16, 42, 6
2024/6/6, , 23, 37, 6
2024/6/20, , 15, 38, 3
2024/6/23, , 14, 38, 6
2024/6/29, , 10, 23, 2
2024/2/28, , 12, 36, 4
2024/3/18, , 21, 26, 12
2023/10/31, , 13, 34, 1
2023/4/4, , 15, 44, 9
2023/4/10, , 8, , 
2023/4/15, , 13, , 
2023/5/1, , 21, , 
2023/6/8, , 18, , 
2023/1/11, , 17, 24, 15
2023/2/5, , 16, 13, 15
2023/2/8, , 8, 30, 2
2023/2/14, , 20, 17, 19
2023/2/21, , 33, 32, 13
2023/2/28, , 14, 34, 9
2023/3/14, , 14, 25, 4
2023/3/18, , 9, 35, 8
2023/3/25, , 12, 39, 6
2023/3/28, , 26, 51, 10
2022/10/15, , 10, 18, 5
2022/11/13, , 7, 28, 7
2022/11/20, , 12, 29, 4
2022/11/28, , 20, 17, 22
2022/8/21, , 12, 23, 3
2022/9/17, , 20, 35, 16
2022/9/19, , 29, 41, 14
2022/4/2, , 9, 37, 3
2022/4/10, , 11, 39, 1
2022/4/16, , 16, 36, 6
2022/4/22, , 11, 39, 5
2022/4/24, , 18, 37, 9
2022/5/8, , 21, 39, 14
2022/5/28, , 15, 40, 1
2022/1/15, , 27, 17, 13
2022/1/23, , 10, 21, 7
2022/1/29, , 11, 27, 11
2022/2/5, , 13, 28, 8
2022/2/17, , 4, 32, 7
2022/3/5, , 10, 35, 6
2022/3/19, , 20, 33, 4
2021/10/5, , 11, 22, 14
2021/10/10, , 20, 31, 16
2021/10/16, , 15, 17, 6
2021/10/23, , 19, 31, 14
2021/10/30, , 34, 17, 1
2021/11/6, , 13, 28, 12
2021/11/14, , 28, 15, 24
2021/11/21, , 15, 27, 9
2021/12/5, , 14, 23, 13
2021/12/11, , 19, 15, 7
2021/12/24, , 13, 32, 3
2021/12/26, , 19, 27, 3
2022/1/1, , 31, 12, 7
2021/7/3, , 6, 24, 3
2021/9/25, , 15, 29, 10
2021/4/8, , 27, 39, 3
2021/4/13, , 21, 28, 8
2021/4/27, , 13, 41, 5
2021/5/1, , 6, 39, 5
2021/5/4, , 12, 31, 3
2021/5/8, , 9, 35, 2
2021/5/22, , 12, 35, 3
2021/6/2, , 11, 32, 2
2021/6/6, , 14, 33, 7
2021/6/8, , 15, 34, 8
2021/6/12, , 13, 37, 4
2021/6/16, , 9, 30, 6
2021/6/19, , 7, 30, 2
2021/1/16, , 41, 22, 10
2021/1/23, , 20, 21, 5
2021/1/31, , 28, 26, 5
2021/2/15, , 41, 28, 8
2021/3/6, , 34, 36, 6
2021/3/25, , 13, 32, 5
2021/3/28, , 34, 23, 8
2021/3/29, , 44, 22, 10
2020/10/3, , 12, 29, 4
2020/10/11, , 14, 32, 7
2020/10/18, , 21, 37, 5
2020/11/8, , 13, 18, 20
2020/11/14, , 22, 27, 6
2020/11/22, , 25, 16, 27
2020/11/28, , 7, 29, 4
2020/12/8, , 19, 25, 15
2020/12/10, , 5, 28, 4
2020/12/20, , 30, 10, 21
2020/12/24, , 10, 23, 3
2020/12/30, , 31, 15, 19
2021/1/1, , 8, 24, 7
2020/7/3, , 17, 28, 5
2020/7/9, , 20, 27, 7
2020/7/26, , 9, 20, 3
2020/7/28, , 18, 34, 10
2020/8/1, , 13, 24, 2
2020/8/22, , 11, , 2
2020/9/8, , 31, 44, 8
2020/9/13, , 14, , 3
2020/9/20, , 13, 38, 13
2020/5/9, , 9, 30, 1
2020/6/29, , 19, 19, 6
2020/1/1, , 37, 11, 15
2020/1/6, , 46, 9, 23
2020/1/12, , 36, 20, 16
2020/1/20, , 8, 28, 3
2020/1/28, , 9, 24, 6
2020/2/1, , 27, 23, 8
2020/2/9, , 22, 26, 18
2020/2/16, , 12, 22, 12
2020/2/25, , 15, 33, 6
2020/2/29, , 28, 29, 4
2020/3/8, , 19, 31, 8
2019/10/30, , 21, 12, 7
2019/11/4, , 16, 30, 6
2019/11/10, , 14, 28, 7
2019/11/21, , 16, 29, 5
2019/11/24, , 16, 24, 5
2019/12/1, , 12, 24, 5
2019/12/8, , 10, 19, 18
2019/12/15, , 7, 26, 14
2019/12/23, , 10, 13, 7
2019/12/25, , 25, 21, 15
2019/7/14, , 21, 32, 4
2019/7/16, , 22, 30, 3
2019/9/16, , 26, 37, 10
2019/9/22, , 16, 23, 12
2019/5/17, , 14, 25, 4
2018/12/31, , 19, 16, 18
2017/12/31, , 50, 20, 23
2018/1/18, , 13, 27, 12
2018/3/25, , 12, 37, 11
2017/10/7, , 34, , 16
2017/10/8, , 42, , 
2017/10/9, , 52, , 
2017/10/14, , 45, 39, 16
2017/9/9, , 12, 27, 4
2017/5/20, , 34, 38, 4
2016/11/14, , 9, , 
2016/11/15, , 11, 19, 5
2016/11/19, , 17, 28, 2
2016/12/11, , 53, 9, 34
2016/12/12, , 40, 6, 21
2016/12/13, , 17, 28, 13
2016/12/18, , 15, 18, 20
2016/9/17, , 12, 38, 9
2016/6/15, , 13, 24, 5
2016/6/18, , 11, 35, 6
2016/2/2, , 14, 13, 20
2016/2/3, , 8, 24, 8
2016/2/4, , 6, 23, 17
2015/12/13, , 51, 24, 7
2015/12/14, , 33, 23, 3
2015/12/16, , 43, 25, 11
2016/1/1, , 26, 25, 14
2015/7/17, , 10, 21, 6
2015/7/18, , 11, 19, 5
2015/7/19, , 4, 17, 6
2015/4/5, , 22, 20, 20
2015/5/22, , 14, 42, 7
2015/6/7, , 36, 39, 12
2014/12/31, , 64, 14, 24
2015/1/30, , 14, 30, 6
2015/2/2, , 10, 31, 9
2015/3/24, , 15, , 4
2015/3/30, , 8, , 7
2014/10/17, , 10, , 5
2014/10/21, , 53, , 48
2014/11/28, , 10, , 7
2014/12/25, , 20, , 
2014/7/1, , 10, 24, 
2014/7/9, , 17, 42, 
2014/7/21, , 10, 33, 
2014/8/8, , 5, 14, 
2014/5/11, , 17, 36, 
2014/5/21, , 16, 34, 2
2014/5/25, , 10, 40, 
2014/5/28, , 7, 21, 11
2014/6/10, , 13, 37, 11
2014/6/21, , 15, 34, 
2014/6/23, , 13, 45, 6
2014/7/2, , 18, 33, 11
2014/2/1, , 18, , 
2014/2/3, , 17, , 
2014/3/11, , 31, 15, 
2025/4/3, , , 35, 2
2025/4/4, , , 38, 1
2025/4/5, , , 37, 2
2025/4/10, , , 33, 8
2025/4/11, , , 30, 5
2025/4/12, , , 30, 3
2025/4/13, , , 38, 3
2025/4/14, , , 34, 2
2025/4/15, , , 34, 3
2025/4/18, , , 33, 1
2025/4/19, , , 35, 2
2025/4/21, , , 33, 4
2025/4/22, , , 37, 5
2025/4/23, , , 35, 5
2025/4/24, , , 33, 5
2025/4/27, , , 31, 2
2025/5/7, , , 42, 7
2025/5/8, , , 37, 4
2025/5/11, , , 38, 4
2025/5/12, , , 34, 5
2025/5/13, , , 32, 4
2025/5/14, , , 35, 5
2025/1/1, , , 23, 8
2025/1/4, , , 33, 5
2025/1/7, , , 32, 11
2025/1/8, , , 35, 2
2025/1/9, , , 24, 10
2025/1/10, , , 25, 6
2025/1/11, , , 21, 6
2025/1/12, , , 24, 5
2025/1/17, , , 24, 9
2025/1/18, , , 21, 11
2025/1/19, , , 34, 6
2025/1/20, , , 29, 3
2025/1/25, , , 35, 7
2025/1/26, , , 36, 
2025/1/27, , , 37, 1
2025/1/28, , , 36, 4
2025/1/31, , , 29, 10
2025/2/1, , , 21, 8
2025/2/4, , , 19, 17
2025/2/5, , , 22, 15
2025/2/6, , , 19, 14
2025/2/7, , , 31, 6
2025/2/8, , , 31, 10
2025/2/9, , , 24, 9
2025/2/10, , , 32, 6
2025/2/11, , , 34, 3
2025/2/12, , , 30, 13
2025/2/13, , , 26, 12
2025/2/14, , , 29, 10
2025/2/15, , , 35, 4
2025/2/16, , , 35, 7
2025/2/17, , , 24, 12
2025/2/18, , , 33, 5
2025/2/19, , , 27, 11
2025/2/20, , , 30, 11
2025/2/21, , , 33, 7
2025/2/22, , , 32, 8
2025/2/23, , , 32, 13
2025/2/24, , , 35, 9
2025/2/26, , , 29, 5
2025/3/1, , , 6, 19
2025/3/4, , , 20, 6
2025/3/5, , , 17, 8
2025/3/6, , , 36, 5
2025/3/9, , , 37, 1
2025/3/10, , , 38, 1
2025/3/11, , , 39, 4
2025/3/12, , , 31, 9
2025/3/13, , , 32, 9
2025/3/14, , , 35, 5
2025/3/15, , , 38, 4
2025/3/18, , , 39, 3
2025/3/19, , , 40, 1
2025/3/20, , , 43, 3
2025/3/21, , , 40, 1
2025/3/22, , , 37, 2
2025/3/23, , , 38, 2
2025/3/24, , , 37, 4
2025/3/29, , , 37, 8
2024/10/1, , , 17, 5
2024/10/2, , , 22, 6
2024/10/3, , , 27, 5
2024/10/4, , , 34, 2
2024/10/5, , , 34, 2
2024/10/6, , , 33, 1
2024/10/10, , , 30, 3
2024/10/11, , , 30, 2
2024/10/12, , , 32, 2
2024/10/13, , , 30, 3
2024/10/14, , , 30, 4
2024/10/15, , , 30, 2
2024/10/29, , , 26, 7
2024/10/30, , , 31, 6
2024/10/31, , , 29, 14
2024/11/1, , , 25, 10
2024/11/2, , , 24, 10
2024/11/3, , , 23, 8
2024/11/4, , , 29, 8
2024/11/5, , , 36, 9
2024/11/6, , , 25, 10
2024/11/7, , , 22, 11
2024/11/10, , , 28, 9
2024/11/11, , , 23, 8
2024/11/12, , , 26, 6
2024/11/13, , , 27, 2
2024/11/14, , , 18, 5
2024/11/15, , , 27, 3
2024/11/16, , , 26, 4
2024/11/17, , , 16, 6
2024/11/18, , , 20, 15
2024/11/19, , , 22, 11
2024/11/20, , , 25, 13
2024/11/21, , , 30, 5
2024/11/22, , , 31, 6
2024/11/23, , , 25, 5
2024/11/24, , , 34, 2
2024/11/25, , , 29, 14
2024/11/26, , , 14, 17
2024/11/27, , , 18, 10
2024/11/28, , , 24, 4
2024/11/29, , , 17, 8
2024/11/30, , , 9, 11
2024/12/1, , , 9, 8
2024/12/2, , , 28, 7
2024/12/3, , , 27, 11
2024/12/5, , , 23, 14
2024/12/6, , , 20, 12
2024/12/7, , , 33, 3
2024/12/12, , , 16, 9
2024/12/13, , , 10, 11
2024/12/14, , , 17, 7
2024/12/15, , , 20, 3
2024/12/21, , , 24, 9
2024/12/22, , , 32, 5
2024/12/23, , , 27, 7
2024/12/24, , , 24, 5
2024/12/29, , , 19, 7
2024/7/21, , , 56, 8
2024/7/22, , , 56, 13
2024/7/25, , , 18, 2
2024/7/26, , , 29, 4
2024/7/27, , , 31, 7
2024/7/28, , , 43, 10
2024/7/29, , , 46, 5
2024/7/30, , , 42, 5
2024/7/31, , , 41, 2
2024/8/1, , , 35, 2
2024/8/2, , , 37, 2
2024/8/5, , , 22, 2
2024/8/6, , , 30, 3
2024/8/7, , , 30, 2
2024/8/10, , , 38, 4
2024/8/11, , , 26, 1
2024/8/25, , , 26, 3
2024/8/29, , , 35, 4
2024/8/30, , , 36, 2
2024/8/31, , , 34, 
2024/9/1, , , 36, 2
2024/9/2, , , 36, 2
2024/9/3, , , 35, 6
2024/9/4, , , 36, 3
2024/9/5, , , 36, 2
2024/9/6, , , 36, 6
2024/9/7, , , 37, 5
2024/9/8, , , 38, 3
2024/9/9, , , 38, 2
2024/9/10, , , 32, 2
2024/9/11, , , 28, 3
2024/9/12, , , 35, 5
2024/9/13, , , 38, 4
2024/9/14, , , 44, 6
2024/9/15, , , 56, 11
2024/9/16, , , 35, 11
2024/9/17, , , 38, 2
2024/9/18, , , 38, 4
2024/9/19, , , 34, 4
2024/9/20, , , 40, 2
2024/9/23, , , 33, 8
2024/9/24, , , 33, 2
2024/9/25, , , 31, 4
2024/9/26, , , 36, 5
2024/9/27, , , 35, 5
2024/9/28, , , 31, 10
2024/9/30, , , 22, 5
2024/6/19, , , 36, 3
2024/6/28, , , 26, 3
2023/4/3, , , 13, 26
2023/4/9, , , 3, 47
2023/4/13, , , 41, 4
2023/4/14, , , 40, 
2023/2/27, , , 34, 
2022/11/12, , , 30, 10
2022/4/15, , , 37, 7
2022/4/30, , , 43, 4
2022/5/7, , , 46, 20
2022/1/22, , , 24, 4
2021/10/2, , , 34, 2
2021/10/3, , , 27, 11
2021/10/4, , , 21, 10
2021/10/9, , , 38, 11
2021/12/4, , , 32, 7
2021/5/7, , , 24, 4
2021/6/1, , , 29, 25
2021/6/5, , , 32, 4
2021/6/11, , , 33, 6
2021/6/15, , , 40, 4
2021/2/14, , , 32, 14
2020/10/17, , , 38, 10
2020/11/7, , , 30, 1
2020/12/26, , , 10, 13
2020/9/7, , , 43, 13
2020/9/19, , , 31, 5
2020/1/4, , , 16, 18
2020/1/5, , , 17, 12
2020/1/11, , , 20, 13
2020/1/18, , , 28, 5
2020/1/19, , , 28, 3
2020/2/8, , , 29, 9
2019/11/2, , , 28, 5
2019/11/3, , , 29, 4
2019/11/23, , , 29, 10
2019/11/30, , , 29, 4
2019/12/14, , , 30, 3
2019/12/21, , , 29, 9
2019/12/22, , , 15, 11
2019/5/16, , , 21, 4
2018/3/23, , , 38, 
2018/3/24, , , 39, 3
2015/7/15, , , 21, 4
2014/7/30, , , 20, 3
2014/8/1, , , 25, 
2014/1/31, , , 16, 17
2024/10/7, , , , 3
2023/1/10, , , , 9
2015/12/15, , , , 33
2015/3/22, , , , 10
2014/10/16, , , , 3
2014/7/6, , , , 4