date, pm25, pm10, o3, no2, so2
2026/8/1, 36, 14, 30, 2, 1
2026/8/2, 30, 10, 19, 4, 1
2026/8/3, 31, 10, 22, 5, 1
2026/8/4, 20, 8, 20, 3, 1
2026/8/5, 17, 9, 29, 3, 1
2026/8/6, 18, , , , 
2026/7/1, 41, 24, 49, 13, 1
2026/7/2, 49, 24, 66, 8, 1
2026/7/3, 49, 23, 62, 8, 1
2026/7/4, 46, 22, 72, 9, 1
2026/7/5, 58, 23, 45, 14, 1
2026/7/6, 55, 22, 37, 5, 1
2026/7/7, 51, 20, 37, 8, 1
2026/7/8, 41, 17, 32, 3, 1
2026/7/9, 39, 17, 32, 4, 1
2026/7/10, 30, 17, 33, 4, 1
2026/7/11, 32, 15, 25, 3, 1
2026/7/12, 29, 15, 28, 6, 1
2026/7/13, 27, 11, 28, 6, 1
2026/7/14, 21, 11, 24, 7, 1
2026/7/15, 26, 9, 26, 5, 1
2026/7/16, 20, 11, 30, 4, 1
2026/7/17, 24, 12, 34, 2, 1
2026/7/18, 28, 16, 36, 2, 1
2026/7/19, 34, 20, 37, 5, 1
2026/7/20, 46, 22, 38, 6, 1
2026/7/21, 46, 18, 36, 5, 1
2026/7/22, 52, 25, 37, 4, 1
2026/7/23, 52, 22, 35, 4, 1
2026/7/24, 37, 21, 39, 2, 1
2026/7/25, 43, 19, 36, 2, 1
2026/7/26, 39, 21, 52, 8, 1
2026/7/27, 46, 22, 46, 9, 1
2026/7/28, 54, 20, 33, 5, 1
2026/7/29, 43, 14, 30, 3, 1
2026/7/30, 36, 12, 33, 4, 1
2026/7/31, 37, 15, 37, 4, 1
2026/4/1, 37, 17, 36, 8, 
2026/4/2, 36, 16, 39, 7, 
2026/4/3, 35, 17, 42, 14, 1
2026/4/4, 48, 19, 41, 21, 
2026/4/5, 52, 20, 36, 10, 
2026/4/6, 48, 20, 37, 5, 
2026/4/7, 42, 9, 37, 6, 
2026/4/8, 25, 11, 37, 12, 
2026/4/9, 30, 31, 38, 12, 
2026/4/10, 61, 29, 40, 2, 
2026/4/11, 53, 18, 36, 1, 
2026/4/12, 25, 12, 37, 6, 
2026/4/13, 21, 12, 25, 9, 
2026/4/14, 22, 12, 33, 9, 
2026/4/15, 22, 14, 33, 10, 
2026/4/16, 29, 19, 37, 10, 
2026/4/17, 39, 22, 45, 11, 
2026/4/18, 51, 25, 53, 11, 
2026/4/19, 57, 21, 38, 14, 
2026/4/20, 50, 40, 38, 4, 
2026/4/21, 65, 31, 38, 8, 
2026/4/22, 47, 15, 37, 9, 
2026/4/23, 31, 14, 31, 10, 
2026/4/24, 32, 14, 36, 4, 
2026/4/25, 31, 17, 34, 4, 
2026/4/26, 42, 20, 36, 8, 
2026/4/27, 51, 21, 39, 7, 
2026/4/28, 55, 18, 37, 5, 
2026/4/29, 44, 14, 34, 7, 
2026/4/30, 40, 12, 36, 10, 
2026/5/1, 32, 9, 30, 4, 
2026/5/2, 20, 9, 35, 7, 
2026/5/3, 21, 8, 36, 7, 
2026/5/4, 18, 9, 36, 5, 
2026/5/5, 20, 12, 36, 5, 
2026/5/6, 26, 11, 38, 5, 
2026/5/7, 20, 10, 38, 5, 
2026/5/8, 15, 10, 38, 2, 
2026/5/9, 17, 15, 39, 1, 
2026/5/10, 23, 14, 38, 2, 
2026/5/11, 21, 11, 34, 7, 
2026/5/12, 21, 15, 33, 12, 
2026/5/13, 31, 16, 36, 4, 
2026/5/14, 27, 16, 34, 3, 
2026/5/15, 23, 13, 35, 2, 
2026/5/16, 20, 10, 37, 2, 
2026/5/17, 17, 9, 36, 7, 
2026/5/18, 15, 9, 24, 7, 
2026/5/19, 24, 10, 33, 7, 
2026/5/20, 22, 22, 46, 21, 
2026/5/21, 42, 28, 49, 15, 
2026/5/22, 57, 21, 34, 7, 
2026/5/23, 47, 20, 43, 6, 
2026/5/24, 44, 24, 44, 11, 
2026/5/25, 51, 26, 43, 17, 1
2026/5/26, 53, 27, 45, 12, 1
2026/5/27, 51, 26, 37, 8, 1
2026/5/28, 48, 24, 34, 5, 1
2026/5/29, 45, 21, 31, 3, 1
2026/5/30, 40, 15, 31, 1, 1
2026/5/31, 32, 13, 25, 3, 1
2026/6/1, 24, 11, 29, 3, 1
2026/6/2, 17, 15, 28, 2, 1
2026/6/3, 23, 17, 32, 2, 1
2026/6/4, 25, 14, 37, 3, 1
2026/6/5, 27, 12, 29, 3, 1
2026/6/6, 25, 17, 29, 2, 1
2026/6/7, 30, 14, 28, 2, 1
2026/6/8, 26, 12, 30, 2, 1
2026/6/9, 25, 16, 36, 2, 1
2026/6/10, 20, 20, 55, 9, 1
2026/6/11, 34, 23, 45, 12, 1
2026/6/12, 42, 25, 43, 9, 1
2026/6/13, 50, 21, 36, 6, 1
2026/6/14, 44, 20, 34, 4, 1
2026/6/15, 39, 19, 31, 4, 1
2026/6/16, 38, 21, 31, 6, 1
2026/6/17, 33, 17, 30, 5, 1
2026/6/18, 30, 13, 24, 4, 1
2026/6/19, 24, 10, 22, 3, 1
2026/6/20, 23, 11, 35, 5, 1
2026/6/21, 28, 16, 25, 6, 1
2026/6/22, 33, 25, 40, 8, 1
2026/6/23, 44, 22, 27, 4, 1
2026/6/24, 38, 12, 22, 2, 1
2026/6/25, 20, 11, 20, 3, 1
2026/6/26, 21, 10, 25, 5, 1
2026/6/27, 20, 10, 25, 1, 1
2026/6/28, 22, 15, 28, 4, 1
2026/6/29, 31, 18, 31, 4, 1
2026/6/30, 41, 23, 42, 6, 1
2026/1/1, 62, 14, 32, 4, 2
2026/1/2, 34, 11, 30, 3, 2
2026/1/3, 17, 19, 20, 4, 2
2026/1/4, 28, 14, 29, 5, 2
2026/1/5, 25, 10, 28, 9, 2
2026/1/6, 22, 13, 27, 14, 2
2026/1/7, 32, 17, 24, 16, 2
2026/1/8, 43, 16, 26, 11, 3
2026/1/9, 33, 18, 12, 13, 2
2026/1/10, 31, 18, , , 
2026/1/11, 30, 15, 31, 3, 2
2026/1/12, 59, 12, 31, 12, 2
2026/1/13, 29, 15, 24, 17, 2
2026/1/14, 28, 17, 29, 13, 2
2026/1/15, 29, 13, 21, 20, 2
2026/1/16, 26, 10, 26, 14, 2
2026/1/17, 26, 12, 20, 10, 2
2026/1/18, 40, 11, 26, 12, 2
2026/1/19, 33, 18, 27, 19, 2
2026/1/20, 39, 25, 36, 5, 2
2026/1/21, 44, 28, 35, 8, 2
2026/1/22, 46, 19, 32, 8, 2
2026/1/23, 34, 15, 31, 9, 2
2026/1/24, 28, 21, 34, 10, 2
2026/1/25, 39, 22, 35, 4, 2
2026/1/26, 41, 18, 37, 6, 2
2026/1/27, 31, 19, 36, 5, 2
2026/1/28, 41, 16, 25, 8, 2
2026/1/29, 31, 26, 32, 7, 2
2026/1/30, 33, 29, 32, 8, 2
2026/1/31, 40, 20, 26, 3, 2
2026/2/1, 31, 13, 34, 6, 2
2026/2/2, 22, 13, 30, 9, 2
2026/2/3, 22, 10, 34, 9, 2
2026/2/4, 25, 18, 36, 3, 2
2026/2/5, 32, 20, 31, 9, 2
2026/2/6, 29, 18, 37, 4, 2
2026/2/7, 28, 15, 33, 8, 2
2026/2/8, 25, 9, 25, 7, 2
2026/2/9, 22, 6, 24, 6, 2
2026/2/10, 18, 7, 27, 4, 2
2026/2/11, 14, 23, 29, 7, 2
2026/2/12, 35, 18, 35, 4, 1
2026/2/13, 30, 21, 34, 6, 
2026/2/14, 29, 17, 30, 12, 
2026/2/15, 27, 12, 32, 8, 
2026/2/16, 17, 11, 31, 7, 
2026/2/17, 20, 17, 30, 6, 
2026/2/18, 27, 20, 33, 12, 
2026/2/19, 27, 20, 31, 12, 
2026/2/20, 30, 20, 26, 17, 
2026/2/21, 41, 21, 30, 18, 
2026/2/22, 51, 24, 37, 12, 
2026/2/23, 60, 25, 38, 5, 
2026/2/24, 57, 27, 28, 8, 
2026/2/25, 53, 23, 29, 10, 
2026/2/26, 48, 19, 30, 9, 
2026/2/27, 39, 17, 34, 4, 
2026/2/28, 24, 19, 30, 12, 
2026/3/1, 38, 27, 14, 13, 
2026/3/2, 58, 31, 24, 7, 
2026/3/3, 51, 38, 29, 8, 
2026/3/4, 56, 32, 38, 4, 
2026/3/5, 52, 17, 38, 2, 
2026/3/6, 31, 17, 34, 3, 
2026/3/7, 27, 14, 34, 3, 
2026/3/8, 23, 11, 33, 6, 
2026/3/9, 20, 9, 33, 4, 
2026/3/10, 19, 10, 32, 9, 
2026/3/11, 22, 12, 28, 7, 
2026/3/12, 29, 9, 25, 8, 
2026/3/13, 27, 10, 31, 5, 
2026/3/14, 20, 8, 33, 2, 
2026/3/15, 16, 10, 27, 9, 
2026/3/16, 31, 14, 36, 6, 
2026/3/17, 35, 17, 29, 3, 
2026/3/18, 38, 16, 30, 5, 
2026/3/19, 36, 11, 28, 4, 
2026/3/20, 26, 11, 30, 4, 
2026/3/21, 30, 14, 28, 6, 
2026/3/22, 41, 18, 31, 13, 
2026/3/23, 52, 19, 38, 10, 
2026/3/24, 53, 23, 41, 15, 
2026/3/25, 58, 22, 37, 9, 
2026/3/26, 52, 13, 35, 6, 
2026/3/27, 35, 12, 34, 6, 
2026/3/28, 30, 10, 36, 3, 
2026/3/29, 32, 11, 37, 6, 
2026/3/30, 34, 17, 35, 12, 
2026/3/31, 43, 14, 36, 5, 
2025/10/1, 41, 19, 40, 17, 
2025/10/2, 49, 17, 28, 12, 
2025/10/3, 43, 11, 19, 2, 
2025/10/4, 28, 9, 29, 6, 
2025/10/5, 19, 16, 36, 18, 
2025/10/6, 38, 21, 34, 13, 
2025/10/7, 40, 17, 34, 7, 
2025/10/8, 28, 19, 29, 7, 
2025/10/9, 34, 20, 38, 16, 
2025/10/10, 45, 18, 31, 9, 
2025/10/11, 42, 15, 34, 12, 
2025/10/12, 31, 18, 38, 17, 1
2025/10/13, 41, 21, 39, 23, 
2025/10/14, 52, 29, 30, 24, 1
2025/10/15, 57, 32, 35, 26, 1
2025/10/16, 61, 39, 34, 22, 
2025/10/17, 65, 36, 41, 17, 
2025/10/18, 60, 27, 33, 5, 
2025/10/19, 47, 16, 26, 8, 
2025/10/20, 29, 12, 15, 8, 1
2025/10/21, 26, 23, 14, 8, 1
2025/10/22, 37, 20, 14, 8, 1
2025/10/23, 32, 16, 15, 9, 1
2025/10/24, 32, 10, 17, 7, 1
2025/10/25, 25, 9, 26, 8, 1
2025/10/26, 28, 9, , , 
2025/10/27, 25, 14, 13, 11, 1
2025/10/28, 32, 10, 21, 10, 1
2025/10/29, 26, 13, 30, 10, 1
2025/10/30, 27, 16, 30, 5, 1
2025/10/31, 23, 17, 30, 7, 1
2025/11/1, 19, 11, 27, 8, 1
2025/11/2, 17, 15, 19, 18, 1
2025/11/3, 29, 21, 33, 11, 1
2025/11/4, 48, 22, 32, 7, 1
2025/11/5, 44, 18, 26, 15, 1
2025/11/6, 24, 20, 30, 9, 1
2025/11/7, 21, 20, 21, 11, 1
2025/11/8, 26, 20, 17, 16, 1
2025/11/9, 34, 21, 19, 17, 1
2025/11/10, 39, 17, 34, 6, 1
2025/11/11, 30, 14, 33, 5, 1
2025/11/12, 23, 14, 31, 5, 1
2025/11/13, 20, 15, 33, 6, 1
2025/11/14, 21, 17, 34, 6, 1
2025/11/15, 23, 15, 28, 10, 1
2025/11/16, 21, 11, 21, 11, 1
2025/11/17, 23, 11, 19, 14, 1
2025/11/18, 30, 15, 26, 12, 1
2025/11/19, 25, 13, 29, 8, 3
2025/11/20, 29, 10, 28, 8, 1
2025/11/21, 23, 15, 26, 17, 1
2025/11/22, 36, 17, 24, 19, 1
2025/11/23, 50, 11, 27, 9, 1
2025/11/24, 32, 12, 25, 9, 1
2025/11/25, 25, 14, 19, 14, 1
2025/11/26, 26, 20, 19, 15, 1
2025/11/27, 42, 16, 21, 16, 1
2025/11/28, 38, 13, 6, 24, 1
2025/11/29, 30, 17, , , 
2025/11/30, 34, , , , 
2025/12/2, 28, 15, 27, 15, 1
2025/12/3, 21, 23, 27, 13, 1
2025/12/4, 36, 19, 24, 11, 1
2025/12/5, 31, 13, 25, 11, 1
2025/12/6, 24, 13, 25, 12, 1
2025/12/7, 29, 13, 29, 6, 1
2025/12/8, 27, 20, 28, 15, 1
2025/12/9, 36, 22, 24, 13, 1
2025/12/10, 41, 16, 17, 8, 1
2025/12/11, 37, 12, 22, 6, 1
2025/12/12, 32, 8, 19, 6, 1
2025/12/13, 30, 10, 21, 7, 1
2025/12/14, 28, 16, 19, 14, 1
2025/12/15, 40, 13, 30, 4, 1
2025/12/16, 28, 18, 25, 14, 2
2025/12/17, 31, 29, 27, 10, 2
2025/12/18, 61, 16, 30, 11, 2
2025/12/19, 38, 15, 30, 18, 1
2025/12/20, 29, 13, 30, 13, 2
2025/12/21, 29, 12, 21, 21, 2
2025/12/22, 24, 18, 27, 18, 2
2025/12/23, 29, 12, 19, 9, 2
2025/12/24, 26, 12, 15, 10, 2
2025/12/25, 34, 15, 15, 16, 2
2025/12/26, 44, 14, 24, 3, 2
2025/12/27, 34, 8, 23, 7, 2
2025/12/28, 22, , , , 
2025/7/1, 52, 21, 40, 6, 1
2025/7/2, 38, 21, 29, 4, 1
2025/7/3, 37, 28, 43, 8, 1
2025/7/4, 51, 24, 31, 12, 1
2025/7/5, 52, 24, 39, 9, 1
2025/7/6, 53, 16, 33, 2, 1
2025/7/7, 36, 18, 43, 6, 1
2025/7/8, 35, 22, 29, 4, 1
2025/7/9, 38, 17, 30, 4, 1
2025/7/10, 28, 12, 27, 6, 1
2025/7/11, 23, 9, 30, 4, 1
2025/7/12, 17, 8, 22, 2, 1
2025/7/13, 13, 8, 29, 3, 1
2025/7/14, 14, 14, 56, 7, 1
2025/7/15, 24, 22, 35, 7, 1
2025/7/16, 47, 19, 33, 4, 1
2025/7/17, 44, 13, 20, 3, 1
2025/7/18, 34, 9, 28, 3, 1
2025/7/19, 26, 12, 31, 3, 1
2025/7/20, 27, 12, 30, 3, 1
2025/7/21, 20, 10, 25, 2, 3
2025/7/22, 21, 11, 32, 2, 1
2025/7/23, 23, 15, 43, 4, 1
2025/7/24, 27, 16, 42, 6, 1
2025/7/25, 34, 16, 62, 12, 1
2025/7/26, 36, 18, 34, 5, 1
2025/7/27, 44, 16, 37, 4, 1
2025/7/28, 38, 19, 52, 10, 1
2025/7/29, 44, 27, 64, 13, 1
2025/7/30, 61, 30, 66, 13, 1
2025/7/31, 71, 30, 33, 6, 1
2025/8/1, 67, 23, 48, 8, 1
2025/8/2, 52, 20, 55, 14, 1
2025/8/3, 48, 27, 37, 10, 1
2025/8/4, 62, 32, 43, 20, 
2025/8/5, 64, 35, 44, 9, 5
2025/8/6, 71, 29, 38, 6, 
2025/8/7, 57, 22, 45, 9, 
2025/8/8, 48, 26, 52, 10, 
2025/8/9, 51, 24, 47, 14, 
2025/8/10, 55, 26, 51, 21, 
2025/8/11, 55, 38, 53, 24, 
2025/8/12, 64, 34, 63, 9, 
2025/8/13, 61, 24, 57, 7, 
2025/8/14, 48, 22, 40, 4, 
2025/8/15, 42, 22, 41, 6, 
2025/8/16, 48, 20, 35, 3, 
2025/8/17, 52, 15, 27, 3, 
2025/8/18, 41, 13, 31, 3, 
2025/8/19, 31, 13, 31, 3, 
2025/8/20, 22, 13, 35, 3, 
2025/8/21, 23, 18, 47, 6, 
2025/8/22, 33, 24, 41, 4, 
2025/8/23, 51, 21, 37, 2, 
2025/8/24, 43, 18, 39, 5, 
2025/8/26, 32, 14, 28, 3, 
2025/8/27, 24, 18, 34, 4, 
2025/8/28, 22, 16, 27, 5, 
2025/8/29, 24, 14, 23, 4, 
2025/8/30, 23, 19, 31, 3, 
2025/8/31, 22, 14, 28, 4, 
2025/9/1, 23, 18, 25, 10, 
2025/9/2, 26, 21, 27, 6, 
2025/9/3, 25, 14, 27, 5, 
2025/9/4, 23, 13, 37, 7, 
2025/9/5, 30, 20, 37, 10, 
2025/9/6, 38, 30, 25, 4, 
2025/9/7, 26, 13, 27, 3, 
2025/9/8, 17, 13, 27, 4, 
2025/9/9, 24, 12, 17, 5, 
2025/9/10, 18, 8, 22, 4, 
2025/9/11, 19, 8, 19, 4, 
2025/9/12, 23, 9, 27, 3, 
2025/9/13, 22, 8, 21, 2, 
2025/9/14, 20, 10, 26, 4, 
2025/9/15, 20, 19, 36, 11, 
2025/9/16, 34, 22, 38, 19, 
2025/9/17, 40, 29, 34, 36, 
2025/9/18, 59, 40, 33, 26, 
2025/9/19, 71, 26, 28, 5, 
2025/9/20, 59, 13, 31, 1, 
2025/9/21, 31, 13, 30, 5, 
2025/9/22, 20, 15, 37, 9, 
2025/9/23, 31, 15, 37, 14, 
2025/9/24, 39, 17, 39, 19, 
2025/9/25, 43, 22, 39, 24, 
2025/9/26, 50, 21, 28, 12, 
2025/9/27, 44, 20, 32, 2, 
2025/9/28, 34, 21, 39, 8, 
2025/9/29, 38, 18, 40, 12, 4
2025/9/30, 38, 15, 41, 15, 
2025/4/2, 27, , 39, 4, 
2025/4/22, 28, , 38, 10, 
2025/4/29, 33, , 33, 5, 
2025/5/5, 26, 17, , , 
2025/5/6, 24, , 37, 7, 
2025/5/17, 36, 12, 44, 14, 
2025/5/18, 36, 9, 33, 6, 
2025/5/19, 21, 10, 36, 5, 
2025/5/20, 21, 11, 37, 5, 1
2025/5/21, 23, 12, 31, 3, 
2025/5/22, 19, 16, 36, 3, 1
2025/5/23, 25, 17, 38, 5, 1
2025/5/24, 34, 15, 45, 8, 1
2025/5/25, 34, 11, 34, 2, 1
2025/5/26, 24, 17, 35, 3, 1
2025/5/27, 27, 20, 37, 5, 1
2025/5/28, 36, 24, 45, 9, 
2025/5/29, 45, 29, 52, 17, 1
2025/5/30, 57, 29, 52, 15, 1
2025/5/31, 55, 21, 54, 9, 1
2025/6/1, 47, 17, 33, 3, 1
2025/6/2, 31, 18, 34, 3, 1
2025/6/3, 25, 14, 33, 4, 1
2025/6/4, 23, 10, 30, 6, 1
2025/6/5, 19, 9, 29, 4, 1
2025/6/6, 18, 8, 21, 3, 1
2025/6/7, 18, 10, 34, 2, 1
2025/6/8, 23, 20, 41, 3, 1
2025/6/9, 48, 30, 52, 7, 1
2025/6/10, 58, 23, 38, 2, 1
2025/6/11, 55, 16, 41, 3, 1
2025/6/12, 39, 10, 22, 4, 1
2025/6/13, 23, 11, 33, 5, 1
2025/6/14, 28, 14, 36, 2, 1
2025/6/15, 34, 21, 34, 2, 1
2025/6/16, 40, 27, 54, 13, 1
2025/6/17, 55, 30, 50, 20, 1
2025/6/18, 59, 31, 43, 13, 1
2025/6/19, 56, 27, 34, 7, 1
2025/6/20, 53, 17, 34, 6, 1
2025/6/21, 41, 11, 30, 2, 1
2025/6/22, 22, 14, 28, 2, 1
2025/6/23, 29, 19, 42, 6, 1
2025/6/24, 43, 13, 31, 4, 1
2025/6/25, 30, 9, 30, 5, 1
2025/6/26, 19, 9, 20, 3, 1
2025/6/27, 20, 11, 40, 5, 1
2025/6/28, 31, 17, 49, 7, 1
2025/6/29, 47, 24, 65, 13, 1
2025/6/30, 59, 26, 64, 19, 1
2025/1/16, 44, , 27, 8, 1
2025/1/20, 18, , 25, 13, 1
2025/1/22, 23, , 33, 5, 1
2025/1/24, 24, , 34, 13, 1
2025/1/29, 26, , 35, 5, 1
2025/2/12, 13, , 30, 18, 1
2025/3/25, 15, 9, 38, 4, 2
2025/3/26, 11, , 34, 9, 
2025/3/29, 27, , 36, 9, 
2025/3/31, 32, , 41, 5, 
2024/10/11, 24, 14, 21, 6, 1
2024/10/17, 13, 9, 28, 16, 1
2024/10/18, 23, 19, 27, 18, 1
2024/10/19, 27, 21, 30, 17, 1
2024/10/20, 21, 11, 28, 18, 1
2024/10/21, 25, 9, 30, 14, 1
2024/10/22, 41, 18, 29, 17, 1
2024/10/23, 51, 22, 29, 25, 1
2024/10/24, 56, 25, 30, 16, 1
2024/10/25, 19, 10, 28, 9, 1
2024/10/26, 11, 10, 27, 11, 1
2024/10/27, 15, 7, 30, 5, 1
2024/11/27, 57, 17, 15, 16, 1
2024/12/11, 58, 18, 18, 17, 2
2024/12/26, 35, 8, 13, 15, 3
2024/7/1, 13, 11, 39, 5, 2
2024/7/2, 17, 13, 33, 4, 2
2024/7/3, 32, , 51, 8, 2
2024/7/5, 42, 20, 34, 1, 4
2024/7/6, 36, 15, 32, 1, 4
2024/7/7, 14, 11, 31, 4, 4
2024/7/8, 11, 9, 26, 3, 2
2024/7/9, 22, , 22, 5, 3
2024/7/11, 16, , 30, 3, 2
2024/7/13, 10, , 28, 5, 3
2024/7/15, 23, 16, 29, 3, 3
2024/7/16, 13, , 35, 4, 3
2024/7/18, 23, 13, 24, 5, 
2024/7/19, 35, 9, 17, 1, 
2024/7/20, 20, , 33, 1, 
2024/7/23, 47, 14, 49, 16, 
2024/7/24, 50, 24, 24, 2, 
2024/7/25, 50, 14, 18, 2, 
2024/7/26, 18, 7, 30, 2, 
2024/7/27, 17, 9, 34, 5, 
2024/7/28, 18, , 40, 11, 
2024/7/30, 53, 14, 40, 4, 
2024/7/31, 27, , 41, 2, 
2024/8/6, 29, 8, 30, 3, 
2024/8/7, 17, 11, 34, 3, 
2024/8/8, 27, 16, 41, 7, 
2024/8/9, 31, , 57, 6, 
2024/8/19, 10, , , , 
2024/8/24, 17, , 34, 1, 
2024/9/22, 79, , 40, 7, 
2024/9/27, 14, , 31, 6, 1
2024/4/1, 18, 12, 38, 8, 1
2024/4/2, 27, 14, 36, 14, 1
2024/4/3, 25, 17, 39, 6, 1
2024/4/4, 32, 16, 43, 6, 1
2024/4/5, 33, 20, 35, 9, 1
2024/4/6, 32, 20, 38, 10, 1
2024/4/7, 28, 15, 41, 3, 1
2024/4/8, 13, 15, 39, 6, 1
2024/4/9, 18, 15, 37, 9, 1
2024/4/10, 34, 13, 31, 14, 1
2024/4/11, 39, 21, 41, 13, 1
2024/4/12, 46, 14, 39, 9, 1
2024/4/13, 37, 17, 47, 9, 1
2024/4/14, 41, 17, 37, 6, 1
2024/4/15, 39, 24, 36, 7, 1
2024/4/16, 39, 24, 41, 8, 1
2024/4/17, 41, 24, 46, 6, 1
2024/4/18, 47, 27, 40, 6, 1
2024/4/19, 39, 25, 38, 8, 1
2024/4/20, 50, 18, 43, 8, 1
2024/4/21, 42, 13, 42, 9, 1
2024/4/22, 29, 12, 44, 5, 1
2024/4/23, 21, 18, 39, 7, 1
2024/4/24, 31, 14, 37, 2, 1
2024/4/25, 21, 9, 45, 5, 1
2024/4/26, 16, 9, 41, 5, 1
2024/4/27, 16, 8, 41, 5, 1
2024/4/28, 11, 8, 40, 4, 1
2024/4/29, 14, 9, 37, 7, 1
2024/4/30, 19, 11, 42, 5, 1
2024/5/1, 16, 11, 48, 11, 1
2024/5/2, 14, 14, 40, 14, 1
2024/5/3, 24, 12, 34, 7, 1
2024/5/4, 23, 11, 28, 3, 1
2024/5/5, 20, 8, 40, 3, 1
2024/5/6, 14, 10, 43, 7, 1
2024/5/7, 18, 13, 45, 9, 1
2024/5/8, 28, 16, 47, 12, 1
2024/5/9, 33, 20, 41, 15, 1
2024/5/10, 30, 17, 46, 3, 1
2024/5/11, 43, 13, 40, 1, 1
2024/5/12, 18, 8, 30, 3, 1
2024/5/13, 18, 9, 34, 4, 1
2024/5/14, 11, 12, 39, 5, 1
2024/5/15, 14, 8, 34, 6, 1
2024/5/16, 17, 8, 36, 4, 1
2024/5/17, 19, 9, 36, 4, 1
2024/5/18, 15, 10, 37, 2, 1
2024/5/19, 15, 10, 37, 4, 1
2024/5/20, 15, 8, 38, 5, 1
2024/5/21, 17, 9, 37, 8, 1
2024/5/22, 17, 12, 42, 4, 2
2024/5/23, 16, 16, 39, 5, 1
2024/5/24, 25, 14, 37, 5, 1
2024/5/25, 22, 7, 34, 1, 1
2024/5/26, 12, 15, 41, 3, 2
2024/5/27, 19, 16, 39, 4, 2
2024/5/28, 25, 18, 36, 4, 2
2024/5/29, 17, 15, 32, 2, 2
2024/5/30, 24, 19, 45, 5, 2
2024/5/31, 52, 20, 43, 10, 2
2024/6/1, 49, 32, 40, 8, 2
2024/6/2, 56, , 41, 9, 2
2024/6/4, 37, 17, 39, 4, 2
2024/6/5, 45, , 39, 6, 2
2024/6/7, 45, 22, 29, 6, 2
2024/6/8, 51, 19, 36, 7, 2
2024/6/9, 39, 10, 30, 4, 2
2024/6/10, 18, 17, 32, 3, 2
2024/6/11, 40, 19, 34, 2, 2
2024/6/12, 33, 17, 35, 3, 2
2024/6/13, 34, 7, 29, 2, 2
2024/6/14, 26, 5, 35, 2, 2
2024/6/15, 10, 12, 26, 1, 2
2024/6/16, 26, 9, 24, 4, 2
2024/6/17, 17, 7, 30, 3, 2
2024/6/18, 20, 14, 36, 4, 2
2024/6/19, 18, 13, 37, 3, 2
2024/6/20, 29, 17, 37, 3, 2
2024/6/21, 17, 13, 29, 2, 2
2024/6/22, 22, 8, 32, 2, 2
2024/6/23, 27, 9, 34, 4, 2
2024/6/24, 25, 12, 30, 2, 2
2024/6/25, 36, , 37, 5, 2
2024/6/29, 28, 8, 25, 4, 2
2024/6/30, 17, 3, 27, 3, 2
2024/1/1, 73, 19, 28, 6, 1
2024/1/2, 50, 8, 25, 15, 1
2024/1/3, 20, 9, 28, 10, 1
2024/1/4, 24, 9, 31, 12, 1
2024/1/5, 16, 16, 19, 21, 1
2024/1/6, 36, 23, 11, 16, 1
2024/1/7, 70, 22, 15, 9, 1
2024/1/8, 74, 7, 13, 8, 1
2024/1/9, 23, 17, 4, 22, 2
2024/1/10, 47, 16, 20, 15, 1
2024/1/11, 44, 9, 18, 6, 1
2024/1/12, 38, 15, 18, 10, 1
2024/1/13, 39, 36, 24, 9, 1
2024/1/14, 59, 27, 25, 5, 1
2024/1/15, 38, 31, 35, 5, 2
2024/1/16, 45, 19, 34, 3, 2
2024/1/17, 35, 15, 24, 12, 2
2024/1/18, 27, 7, 24, 7, 2
2024/1/19, 17, 13, 30, 11, 2
2024/1/20, 25, 17, 19, 15, 2
2024/1/21, 45, 24, 17, 17, 2
2024/1/22, 72, 18, 14, 13, 2
2024/1/23, 57, 14, 14, 14, 8
2024/1/24, 47, 19, 15, 15, 4
2024/1/25, 61, 20, 14, 17, 
2024/1/26, 59, 21, 28, 11, 
2024/1/27, 61, 19, 29, 6, 
2024/1/28, 65, 19, 19, 14, 
2024/1/29, 60, 22, 21, 11, 
2024/1/30, 62, 18, 18, 11, 
2024/1/31, 55, 24, 21, 16, 
2024/2/1, 60, 41, 17, 21, 1
2024/2/2, 79, 35, 24, 16, 
2024/2/3, 73, 29, 22, 18, 1
2024/2/4, 70, 33, 15, 19, 1
2024/2/5, 81, 37, 27, 18, 1
2024/2/6, 81, 32, 33, 8, 1
2024/2/7, 51, 20, 34, 3, 1
2024/2/8, 40, 13, 33, 5, 1
2024/2/9, 20, 10, 32, 11, 1
2024/2/10, 16, 14, 22, 9, 1
2024/2/11, 35, 13, 28, 8, 1
2024/2/12, 36, 16, 18, 6, 1
2024/2/13, 39, 12, 23, 6, 1
2024/2/14, 34, 22, 36, 7, 1
2024/2/15, 40, 11, 28, 20, 1
2024/2/16, 16, 16, 29, 13, 1
2024/2/17, 35, 17, 26, 10, 1
2024/2/18, 47, 15, 18, 12, 1
2024/2/19, 39, 20, 24, 21, 1
2024/2/20, 49, 23, 22, 19, 1
2024/2/21, 47, 14, 37, 9, 1
2024/2/22, 32, 13, 34, 6, 1
2024/2/23, 20, 16, 35, 7, 1
2024/2/24, 23, 16, 35, 4, 1
2024/2/25, 28, , , , 
2024/2/29, 19, 17, 34, 14, 2
2024/3/1, 30, 17, 33, 7, 2
2024/3/2, 30, 12, 35, 8, 2
2024/3/3, 25, 15, 35, 11, 
2024/3/4, 29, 16, 30, 14, 
2024/3/5, 21, 18, 35, 12, 
2024/3/6, 35, 11, 36, 5, 
2024/3/7, 16, 14, 33, 7, 
2024/3/8, 17, , , , 
2024/3/19, 39, 12, 34, 9, 
2024/3/20, 18, 20, 26, 9, 
2024/3/21, 42, 43, 24, 13, 
2024/3/22, 54, 52, 26, 9, 
2024/3/23, 68, 36, 32, 8, 
2024/3/24, 56, 20, 38, 4, 
2024/3/25, 27, 10, 33, 6, 
2024/3/26, 19, 16, 37, 5, 1
2024/3/27, 26, 16, 38, 5, 1
2024/3/28, 26, 9, 40, 11, 1
2024/3/29, 21, 7, 37, 6, 1
2024/3/30, 20, 6, 42, 7, 1
2024/3/31, 11, 13, 41, 10, 1
2023/10/1, 41, 26, 30, 17, 2
2023/10/2, 50, 25, 30, 8, 2
2023/10/3, 41, 16, 27, 11, 2
2023/10/4, 38, 13, 29, 11, 2
2023/10/5, 32, 19, 38, 21, 2
2023/10/6, 45, 31, 40, 21, 2
2023/10/7, 62, 28, 37, 17, 2
2023/10/8, 56, 28, 42, 17, 2
2023/10/9, 56, 29, 43, 19, 2
2023/10/10, 53, 30, 33, 28, 2
2023/10/11, 61, 31, 39, 20, 2
2023/10/12, 57, 31, 31, 10, 2
2023/10/13, 61, 19, 30, 10, 2
2023/10/14, 36, 19, 22, 11, 2
2023/10/15, 37, 17, 20, 7, 2
2023/10/16, 28, 18, 23, 4, 2
2023/10/17, 26, 17, 29, 5, 2
2023/10/18, 23, 13, 32, 4, 
2023/10/19, 19, 14, 34, 9, 
2023/10/20, 20, 16, 25, 14, 
2023/10/21, 37, 8, 25, 2, 
2023/10/22, 22, 11, 26, 18, 
2023/10/23, 21, 15, 25, 15, 
2023/10/24, 29, 22, 22, 10, 
2023/10/25, 30, 16, 21, 8, 
2023/10/26, 20, 16, 26, 12, 
2023/10/27, 28, 14, 32, 4, 
2023/10/28, 23, 13, 30, 6, 
2023/10/29, 19, 8, 27, 13, 
2023/10/30, 12, , , , 
2023/11/1, 17, 15, 30, 6, 
2023/11/2, 22, 18, 32, 7, 
2023/11/3, 28, 24, 34, 4, 
2023/11/4, 31, 17, 29, 12, 
2023/11/5, 25, 15, 27, 18, 1
2023/11/6, 21, 20, 28, 24, 1
2023/11/7, 32, 22, 27, 15, 1
2023/11/8, 46, 14, 31, 15, 1
2023/11/9, 21, 22, 25, 19, 
2023/11/10, 39, 12, 24, 8, 
2023/11/11, 19, 11, 23, 6, 
2023/11/12, 21, 10, 17, 16, 
2023/11/13, 20, 14, 12, 16, 
2023/11/14, 40, 16, 14, 13, 
2023/11/15, 34, 15, 12, 14, 
2023/11/16, 32, 10, 12, 9, 
2023/11/17, 26, 11, 12, 7, 
2023/11/18, 41, 16, 7, 11, 
2023/11/19, 56, 17, 29, 12, 
2023/11/20, 52, 12, 29, 5, 
2023/11/21, 27, 11, 21, 14, 
2023/11/22, 21, 10, 21, 13, 
2023/11/23, 23, 22, 13, 24, 
2023/11/24, 51, 22, 23, 19, 
2023/11/25, 56, 22, 8, 17, 
2023/11/26, 58, 25, 20, 19, 1
2023/11/27, 61, 13, 26, 11, 
2023/11/28, 26, 10, 24, 11, 
2023/11/29, 17, 7, 27, 8, 1
2023/11/30, 11, 8, 27, 17, 1
2023/12/1, 12, 12, 23, 19, 1
2023/12/2, 28, 20, 31, 11, 1
2023/12/3, 56, 15, 22, 20, 1
2023/12/4, 23, 17, 16, 9, 1
2023/12/5, 31, 10, 15, 14, 1
2023/12/6, 26, 19, 22, 15, 1
2023/12/7, 40, 16, 25, 19, 1
2023/12/8, 21, 16, 21, 15, 1
2023/12/9, 30, 15, 14, 15, 1
2023/12/10, 38, 16, 22, 14, 1
2023/12/11, 42, 16, 24, 8, 1
2023/12/12, 28, 13, 27, 13, 1
2023/12/13, 14, 11, 24, 14, 2
2023/12/14, 18, 9, 17, 10, 2
2023/12/15, 27, 7, 19, 9, 2
2023/12/16, 22, 13, 18, 11, 2
2023/12/17, 32, 21, 14, 16, 2
2023/12/18, 61, 27, 18, 15, 2
2023/12/19, 66, 15, 26, 7, 2
2023/12/20, 35, 15, 27, 11, 2
2023/12/21, 32, 28, 9, 21, 2
2023/12/22, 67, 26, 15, 19, 3
2023/12/23, 66, 30, 13, 15, 3
2023/12/24, 81, 32, 9, 11, 3
2023/12/25, 88, 27, 14, 12, 3
2023/12/26, 74, 12, 12, 4, 3
2023/12/27, 43, 10, 8, 8, 3
2023/12/28, 42, 18, 8, 10, 2
2023/12/29, 47, 26, 8, 15, 1
2023/12/30, 78, 16, 24, 16, 
2023/12/31, 53, 29, 20, 16, 1
2023/7/1, 31, 15, 33, 3, 2
2023/7/2, 36, 18, 31, 3, 2
2023/7/3, 39, 11, 24, 2, 2
2023/7/4, 26, 9, 23, 3, 2
2023/7/5, 17, 8, 24, 3, 2
2023/7/6, 16, 8, 22, 4, 2
2023/7/7, 16, 14, 28, 4, 2
2023/7/8, 27, 11, 31, 2, 2
2023/7/9, 20, 11, 37, 4, 2
2023/7/10, 24, 11, 18, 2, 2
2023/7/11, 22, 9, 28, 3, 2
2023/7/12, 17, 12, 37, 4, 2
2023/7/13, 18, 8, 20, 3, 2
2023/7/14, 21, 8, 32, 2, 2
2023/7/15, 14, 12, 32, 1, 2
2023/7/16, 20, 17, 39, 4, 3
2023/7/17, 28, 19, 37, 4, 3
2023/7/18, 32, 16, 34, 4, 3
2023/7/19, 27, 11, 22, 2, 2
2023/7/20, 9, 8, 26, 3, 
2023/7/21, 14, 10, 29, 2, 
2023/7/22, 20, 13, 29, 1, 
2023/7/23, 21, 8, 31, 2, 
2023/7/24, 21, 12, 31, 2, 
2023/7/25, 23, 17, 37, 4, 
2023/7/26, 33, 9, 27, 3, 
2023/7/27, 24, 9, 20, 5, 
2023/7/28, 22, 8, 22, 3, 
2023/7/29, 24, 7, 34, 2, 
2023/7/30, 15, 10, 29, 2, 
2023/7/31, 19, 7, 18, 2, 
2023/8/1, 17, 10, 28, 2, 
2023/8/2, 14, 15, 33, 2, 
2023/8/3, 17, 17, 42, 4, 
2023/8/4, 28, 16, 48, 8, 
2023/8/5, 42, 22, 40, 8, 
2023/8/6, 54, 27, 65, 11, 1
2023/8/7, 60, 29, 37, 9, 
2023/8/8, 54, 25, 30, 5, 
2023/8/9, 42, 17, 26, 4, 
2023/8/10, 24, 9, 18, 3, 
2023/8/11, 25, 7, 31, 2, 
2023/8/12, 18, 13, 30, 1, 1
2023/8/13, 22, 13, 34, 3, 1
2023/8/14, 24, 8, 31, 2, 1
2023/8/15, 13, 11, 36, 2, 1
2023/8/16, 13, 10, 27, 3, 1
2023/8/17, 22, 9, 23, 5, 1
2023/8/18, 28, 13, 15, 4, 1
2023/8/19, 28, 8, 31, 3, 1
2023/8/20, 17, 14, 48, 7, 1
2023/8/21, 21, 16, 46, 13, 1
2023/8/22, 35, 25, 57, 17, 1
2023/8/23, 56, 21, 31, 6, 1
2023/8/24, 38, 18, 32, 4, 1
2023/8/25, 31, 11, 31, 1, 1
2023/8/26, 16, 10, 31, 1, 1
2023/8/27, 12, 12, 26, 2, 1
2023/8/28, 18, 10, 25, 2, 1
2023/8/29, 24, 9, 32, 2, 1
2023/8/30, 15, 10, 27, 4, 1
2023/8/31, 18, 7, 25, 3, 1
2023/9/1, 16, 7, 32, 3, 1
2023/9/2, 16, 9, 35, 5, 1
2023/9/3, 25, 12, 29, 4, 1
2023/9/4, 23, 15, 28, 6, 1
2023/9/5, 29, 14, 24, 5, 1
2023/9/6, 20, 12, 21, 4, 1
2023/9/7, 29, 11, 17, 5, 1
2023/9/8, 27, 9, 30, 6, 1
2023/9/9, 21, 11, 21, 10, 1
2023/9/10, 23, 11, 26, 9, 2
2023/9/11, 28, 8, 27, 8, 1
2023/9/12, 23, 11, 38, 7, 2
2023/9/13, 24, 15, 42, 9, 2
2023/9/14, 32, 16, 32, 8, 2
2023/9/15, 37, 10, 30, 3, 2
2023/9/16, 22, 16, 30, 4, 2
2023/9/17, 20, 16, 31, 11, 2
2023/9/18, 17, 15, 33, 11, 2
2023/9/19, 22, 10, 28, 10, 2
2023/9/20, 17, 9, 28, 5, 1
2023/9/21, 14, 12, 30, 8, 2
2023/9/22, 13, 12, 36, 7, 2
2023/9/23, 15, 13, 40, 11, 2
2023/9/24, 27, 16, 41, 12, 2
2023/9/25, 36, 10, 28, 6, 2
2023/9/26, 25, 14, 25, 14, 2
2023/9/27, 28, 9, 27, 7, 2
2023/9/28, 23, 12, 33, 11, 2
2023/9/29, 22, 20, 49, 14, 2
2023/9/30, 45, 18, 45, 15, 2
2023/4/5, 21, 17, 42, 8, 1
2023/4/6, 37, 23, 42, 14, 1
2023/4/7, 51, 21, 49, 20, 1
2023/4/8, 35, , 45, 16, 2
2023/4/11, 16, 15, 30, 4, 1
2023/4/12, 18, 12, 37, 5, 1
2023/4/13, 15, , 25, 16, 2
2023/4/16, 33, 11, 35, 5, 2
2023/4/17, 23, 21, 20, 13, 2
2023/4/18, 42, 21, 41, 12, 2
2023/4/19, 36, 20, 37, 12, 2
2023/4/20, 35, 13, 36, 9, 2
2023/4/21, 18, 14, 18, 15, 2
2023/4/22, 15, 12, 25, 13, 1
2023/4/23, 27, 11, 34, 6, 1
2023/4/24, 25, 11, 30, 6, 1
2023/4/25, 21, 12, 35, 5, 1
2023/4/26, 15, 17, 24, 13, 1
2023/4/27, 28, 12, 32, 10, 1
2023/4/28, 25, 6, 32, 8, 1
2023/4/29, 21, 8, 27, 3, 1
2023/4/30, 12, , 31, 1, 1
2023/5/2, 38, 15, 43, 7, 1
2023/5/3, 39, 12, 36, 7, 1
2023/5/4, 20, 19, 35, 7, 1
2023/5/5, 24, 17, 37, 9, 1
2023/5/6, 28, 14, 29, 7, 1
2023/5/7, 21, 10, 36, 2, 1
2023/5/8, 23, 8, 29, 3, 1
2023/5/9, 17, 16, 31, 3, 1
2023/5/10, 27, 18, 38, 3, 1
2023/5/11, 26, 16, 39, 3, 1
2023/5/12, 26, 10, 35, 2, 1
2023/5/13, 21, 13, 37, 3, 2
2023/5/14, 28, 14, 42, 3, 2
2023/5/15, 25, 19, 37, 3, 2
2023/5/16, 30, 16, 45, 5, 2
2023/5/17, 28, 19, 43, 6, 2
2023/5/18, 38, 23, 47, 6, 2
2023/5/19, 48, 19, 49, 7, 2
2023/5/20, 42, 14, 44, 6, 2
2023/5/21, 38, 13, 43, 5, 2
2023/5/22, 37, 17, 43, 12, 2
2023/5/23, 44, 11, 37, 13, 2
2023/5/24, 30, 14, 42, 8, 2
2023/5/25, 45, 17, 45, 11, 2
2023/5/26, 39, 10, 42, 4, 2
2023/5/27, 39, 9, 40, 4, 2
2023/5/28, 27, 16, 39, 3, 2
2023/5/29, 35, 14, 34, 7, 2
2023/5/30, 28, 14, 33, 7, 2
2023/5/31, 27, 12, 35, 8, 2
2023/6/1, 27, 17, 40, 8, 2
2023/6/2, 44, 18, 45, 6, 2
2023/6/3, 46, 15, 45, 4, 2
2023/6/4, 45, 11, 45, 3, 2
2023/6/5, 39, , 37, 4, 2
2023/6/9, 23, 15, 35, 4, 3
2023/6/10, 30, 13, 38, 5, 3
2023/6/11, 30, 9, 31, 8, 3
2023/6/12, 25, 8, 29, 4, 3
2023/6/13, 17, 10, 36, 3, 3
2023/6/14, 19, 10, 36, 3, 3
2023/6/15, 31, 12, 44, 6, 3
2023/6/16, 27, 11, 35, 5, 3
2023/6/17, 26, 13, 31, 2, 3
2023/6/18, 33, 14, 34, 2, 3
2023/6/19, 34, 8, 24, 5, 3
2023/6/20, 16, 7, 33, 6, 3
2023/6/21, 16, 12, 33, 5, 3
2023/6/22, 26, 14, 37, 5, 3
2023/6/23, 32, 19, 47, 6, 1
2023/6/24, 49, 13, 63, 7, 1
2023/6/25, 39, 16, 36, 2, 1
2023/6/26, 29, 19, 34, 3, 1
2023/6/27, 38, 21, 33, 5, 1
2023/6/28, 36, 20, 35, 4, 1
2023/6/29, 29, 16, 30, 2, 1
2023/6/30, 23, 20, 36, 3, 1
2023/1/2, 24, 16, 19, 20, 
2023/1/3, 35, 15, 16, 17, 
2023/1/4, 43, 13, 13, 14, 
2023/1/5, 46, , , , 
2023/1/12, 25, 21, 9, 25, 
2023/1/13, 34, 21, 11, 13, 
2023/1/14, 60, 18, 30, 16, 
2023/1/15, 47, 13, 29, 8, 
2023/1/16, 31, 15, 34, 6, 
2023/1/17, 21, 10, 32, 11, 
2023/1/18, 17, 15, 29, 18, 1
2023/1/19, 32, 8, 25, 10, 1
2023/1/20, 16, 4, 30, 4, 1
2023/1/21, 12, 4, 26, 7, 1
2023/1/22, 13, 9, 20, 16, 1
2023/1/23, 24, 9, 22, 13, 1
2023/1/24, 29, 8, 18, 12, 1
2023/1/25, 26, 15, 25, 14, 1
2023/1/26, 44, 9, 27, 9, 1
2023/1/27, 32, 9, 26, 9, 1
2023/1/28, 25, 9, 24, 11, 1
2023/1/29, 32, , 19, 11, 1
2023/2/6, 33, 10, , 9, 1
2023/2/7, 26, 15, 23, 7, 1
2023/2/9, 26, 6, 32, 5, 1
2023/2/10, 19, 8, 32, 3, 1
2023/2/11, 17, , 23, 2, 1
2023/2/15, 31, 23, 30, 14, 2
2023/2/16, 46, 29, 25, 9, 2
2023/2/17, 41, , 25, 7, 2
2023/2/22, 48, , , , 
2023/2/28, 31, 16, 31, 15, 2
2023/3/1, 39, 22, 10, 30, 2
2023/3/2, 47, 28, 41, 11, 1
2023/3/3, 68, , , , 
2023/3/15, 42, 26, 35, 15, 
2023/3/16, 55, 16, 34, 10, 
2023/3/17, 38, , , , 
2023/3/19, 19, 11, 30, 12, 1
2023/3/20, 24, 9, 34, 9, 1
2023/3/21, 19, 12, 33, 12, 1
2023/3/22, 25, 14, 35, 16, 1
2023/3/23, 26, 9, 32, 5, 1
2023/3/24, 21, , 35, 9, 1
2023/3/26, 22, 15, 28, 11, 1
2023/3/27, 23, 25, 19, 23, 1
2023/3/29, 43, 23, 29, 8, 1
2023/3/30, 37, 21, 23, 8, 1
2023/3/31, 38, , , , 
2022/10/2, 27, 30, 39, 18, 
2022/10/3, 59, 29, 28, 26, 1
2022/10/4, 55, 35, 27, 27, 
2022/10/5, 29, 32, 35, 17, 
2022/10/6, 32, 54, 29, 16, 
2022/10/7, 57, 38, 39, 18, 
2022/10/8, 54, 35, 36, 9, 
2022/10/9, 52, 18, 33, 4, 
2022/10/10, 27, 12, 16, 15, 
2022/10/11, 29, 13, 24, 8, 
2022/10/12, 25, 16, 32, 8, 
2022/10/13, 24, 10, 28, 7, 1
2022/10/14, 29, 8, 23, 8, 
2022/10/15, 15, 7, 17, 6, 
2022/10/16, 17, 20, 15, 8, 
2022/10/17, 28, 28, 23, 12, 1
2022/10/18, 46, 13, 25, 5, 
2022/10/19, 13, 13, 26, 9, 
2022/10/20, 15, 21, 26, 8, 
2022/10/21, 16, 12, 26, 8, 
2022/10/22, 17, 19, 33, 4, 
2022/10/23, 18, 16, 33, 4, 
2022/10/24, 22, 19, 21, 13, 
2022/10/25, 22, 25, 30, 6, 
2022/10/26, 21, 17, 22, 9, 
2022/10/27, 20, 17, 21, 6, 
2022/10/28, 17, 31, 28, 9, 
2022/10/29, 40, 18, 27, 13, 
2022/10/30, 45, 11, 28, 14, 
2022/10/31, 20, 14, 24, 8, 
2022/11/1, 14, 16, 30, 8, 
2022/11/2, 15, 21, 13, 22, 1
2022/11/3, 42, 12, 17, 17, 1
2022/11/4, 14, 16, 24, 13, 
2022/11/5, 40, 19, 21, 15, 
2022/11/6, 51, 17, 18, 18, 
2022/11/7, 49, 13, 20, 9, 1
2022/11/8, 27, 19, 24, 13, 
2022/11/9, 28, 16, 16, 24, 
2022/11/10, 42, 10, 18, 16, 
2022/11/11, 25, , 20, 12, 
2022/11/14, 14, 14, 25, 12, 
2022/11/15, 14, 17, 27, 10, 
2022/11/16, 18, 12, 22, 12, 
2022/11/17, 17, 10, 22, 10, 
2022/11/18, 15, , 28, 13, 
2022/11/20, 22, 10, 28, 10, 
2022/11/21, 19, 20, 23, 10, 
2022/11/22, 18, 18, 21, 13, 
2022/11/23, 25, , 26, 11, 
2022/11/29, 38, 20, 19, 19, 
2022/11/30, 47, 8, 15, 19, 
2022/12/1, 18, 12, 20, 11, 
2022/12/2, 40, 16, 14, 14, 
2022/12/3, 53, 20, 14, 10, 
2022/12/4, 61, 10, 27, 11, 1
2022/12/5, 28, 20, 20, 11, 
2022/12/6, 51, 18, 8, 21, 1
2022/12/7, 52, 13, 31, 7, 
2022/12/8, 22, 10, 30, 9, 
2022/12/9, 19, 14, 30, 12, 
2022/12/10, 24, 18, 26, 12, 
2022/12/11, 28, 24, 24, 5, 
2022/12/12, 30, 11, 26, 3, 
2022/12/13, 17, 15, 26, 5, 
2022/12/14, 18, 18, 26, 10, 
2022/12/15, 23, 10, 24, 15, 
2022/12/16, 20, 16, 24, 14, 
2022/12/17, 40, 14, 20, 19, 
2022/12/18, 38, 14, 26, 8, 
2022/12/19, 27, 13, 28, 6, 
2022/12/20, 21, 16, 27, 8, 
2022/12/21, 18, 16, 25, 8, 
2022/12/22, 26, 15, 22, 13, 
2022/12/23, 29, 12, 21, 13, 
2022/12/24, 23, 9, 28, 5, 
2022/12/25, 17, 15, 31, 4, 
2022/12/26, 18, 23, 19, 13, 
2022/12/27, 14, 22, 4, 17, 
2022/12/28, 22, 20, 23, 16, 
2022/12/29, 31, 20, 31, 6, 
2022/12/30, 28, 20, 31, 4, 
2022/12/31, 51, 21, 29, 5, 
2023/1/1, 46, 11, 29, 5, 
2022/7/1, 20, 13, 31, 5, 
2022/7/2, 20, 17, 32, 4, 
2022/7/3, 34, 20, 27, 6, 
2022/7/4, 33, 17, 27, 7, 
2022/7/5, 40, 19, 37, 7, 
2022/7/6, 40, 19, 47, 10, 1
2022/7/7, 43, 22, 56, 13, 
2022/7/8, 56, 19, 55, 18, 
2022/7/9, 49, 17, 50, 5, 
2022/7/10, 52, 17, 34, 8, 
2022/7/11, 36, 25, 35, 14, 
2022/7/12, 49, 32, 45, 20, 
2022/7/13, 56, 27, 31, 13, 
2022/7/14, 47, 28, 35, 17, 
2022/7/15, 50, 18, 36, 6, 
2022/7/16, 47, 16, 34, 3, 
2022/7/17, 40, 14, 21, 5, 
2022/7/18, 23, 14, 24, 3, 
2022/7/19, 25, 15, 26, 4, 
2022/7/20, 25, 18, 27, 4, 
2022/7/21, 33, 21, 33, 5, 
2022/7/22, 39, 18, 33, 5, 
2022/7/23, 31, 14, 24, 4, 
2022/7/24, 29, 11, 22, 4, 
2022/7/25, 23, 11, 19, 3, 
2022/7/26, 26, 16, 28, 3, 
2022/7/27, 20, 10, 19, 2, 
2022/7/28, 21, 9, 22, 3, 
2022/7/29, 17, 17, 34, 6, 
2022/7/30, 37, 25, 33, 16, 
2022/7/31, 60, 38, 36, 17, 
2022/8/1, 86, 23, 26, 8, 
2022/8/2, 58, 15, 18, 3, 1
2022/8/3, 39, 14, 18, 3, 
2022/8/4, 28, 20, 23, 4, 
2022/8/5, 43, 22, 25, 6, 
2022/8/6, 51, 22, 31, 6, 
2022/8/7, 50, 25, 30, 7, 
2022/8/8, 58, 27, 33, 7, 
2022/8/9, 61, 25, 28, 9, 
2022/8/10, 41, 19, 31, 8, 
2022/8/11, 45, 21, 30, 7, 
2022/8/12, 48, 16, 30, 4, 
2022/8/13, 37, 14, 27, 2, 
2022/8/14, 32, 16, 41, 2, 
2022/8/15, 36, 14, 26, 3, 
2022/8/16, 27, 18, 29, 2, 
2022/8/17, 16, 18, 37, 4, 
2022/8/18, 26, 17, 21, 13, 
2022/8/19, 23, , , , 
2022/8/22, 27, 20, 22, 6, 
2022/8/23, 38, 12, 13, 3, 
2022/8/24, 22, 10, 16, 3, 
2022/8/25, 13, 15, 22, 4, 
2022/8/26, 21, 18, 29, 4, 
2022/8/27, 39, 19, 29, 5, 
2022/8/28, 39, 15, 26, 7, 
2022/8/29, 25, 13, 28, 5, 
2022/8/30, 22, 11, 26, 5, 
2022/8/31, 18, 9, 17, 3, 
2022/9/1, 15, 6, 22, 4, 
2022/9/2, 14, 11, 34, 3, 
2022/9/3, 14, 10, 19, 3, 
2022/9/4, 23, 12, 19, 4, 
2022/9/5, 21, 14, 27, 5, 
2022/9/6, 20, 16, 24, 12, 
2022/9/7, 25, 14, 11, 6, 
2022/9/8, 28, 9, 21, 5, 
2022/9/9, 21, 10, 22, 5, 
2022/9/10, 11, 9, 14, 6, 
2022/9/11, 20, 13, 21, 4, 
2022/9/12, 17, 18, 23, 3, 
2022/9/13, 18, 13, 20, 7, 
2022/9/14, 18, 9, 25, 9, 
2022/9/15, 18, 17, 29, 9, 
2022/9/16, 21, , 38, 6, 
2022/9/18, 47, , , , 
2022/9/20, 49, 19, 37, 10, 
2022/9/21, 40, 20, 35, 13, 
2022/9/22, 39, 19, 35, 8, 
2022/9/23, 36, , 31, 2, 
2022/9/25, 16, 13, 35, 7, 
2022/9/26, 18, 14, 29, 4, 
2022/9/27, 18, 10, 31, 3, 
2022/9/28, 16, 16, 26, 6, 
2022/9/29, 18, 11, 28, 4, 
2022/9/30, 17, , 36, 10, 
2022/4/1, 12, 11, 33, 9, 
2022/4/2, 13, 7, 36, 5, 
2022/4/3, 15, 8, 35, 7, 
2022/4/4, 14, 7, 32, 6, 1
2022/4/5, 15, 14, 35, 10, 
2022/4/6, 20, 6, 29, 6, 
2022/4/7, 14, 9, 29, 6, 
2022/4/8, 12, 10, 24, 7, 
2022/4/9, 15, 12, 33, 8, 
2022/4/10, 28, 10, 38, 3, 
2022/4/11, 19, 11, 32, 7, 
2022/4/12, 18, 11, 32, 4, 
2022/4/13, 19, 10, 30, 5, 
2022/4/14, 18, 10, 34, 5, 
2022/4/15, 23, 13, 32, 7, 
2022/4/16, 33, 12, 34, 3, 
2022/4/17, 35, 15, 31, 2, 
2022/4/18, 22, 15, 40, 3, 
2022/4/19, 21, 12, 39, 3, 
2022/4/20, 24, 13, 36, 5, 
2022/4/21, 23, 9, 34, 8, 
2022/4/22, 13, 8, 36, 9, 
2022/4/23, 15, 13, 40, 17, 
2022/4/24, 21, 16, 36, 11, 
2022/4/25, 35, 10, 31, 8, 
2022/4/26, 21, 14, 34, 9, 
2022/4/27, 18, 15, 35, 7, 
2022/4/28, 20, 9, 37, 7, 
2022/4/29, 21, 25, 42, 12, 
2022/4/30, 52, 14, 43, 3, 
2022/5/1, 24, 12, 43, 5, 
2022/5/2, 27, 17, 39, 4, 
2022/5/3, 26, 13, 39, 6, 
2022/5/4, 29, 16, 38, 10, 
2022/5/5, 36, 18, 37, 14, 
2022/5/6, 41, 16, 46, 11, 1
2022/5/7, 43, 16, 44, 11, 
2022/5/8, 42, 21, 38, 13, 
2022/5/9, 48, 22, 42, 15, 
2022/5/10, 51, 19, 38, 13, 
2022/5/11, 39, 16, 44, 9, 
2022/5/12, 30, 21, 44, 15, 
2022/5/13, 46, 28, 41, 8, 
2022/5/14, 48, 18, 26, 2, 
2022/5/15, 28, 16, 20, 3, 
2022/5/16, 17, 10, 18, 5, 
2022/5/17, 16, 8, 30, 4, 
2022/5/18, 16, 13, 36, 7, 
2022/5/19, 16, 22, 30, 13, 
2022/5/20, 26, 38, 30, 5, 
2022/5/21, 50, 14, 27, 3, 
2022/5/22, 23, 10, 27, 3, 
2022/5/23, 18, 13, 34, 3, 
2022/5/24, 16, 11, 35, 4, 
2022/5/25, 17, 17, 37, 10, 
2022/5/26, 24, 21, 47, 10, 
2022/5/27, 53, 24, 41, 10, 
2022/5/28, 51, 14, 37, 2, 
2022/5/29, 23, 14, 30, 3, 1
2022/5/30, 18, 8, 22, 3, 2
2022/5/31, 15, 15, , , 
2022/6/1, 18, 15, , 3, 
2022/6/2, 19, 13, , 3, 
2022/6/3, 18, 10, , 3, 
2022/6/4, 16, 8, , 2, 
2022/6/5, 15, 8, , 5, 
2022/6/6, 16, 6, , , 
2022/6/7, 16, 5, 9, 3, 
2022/6/8, 15, 6, 24, 3, 
2022/6/9, 15, 17, 26, 3, 
2022/6/10, 20, 18, 27, 3, 
2022/6/11, 31, 19, 30, 3, 
2022/6/12, 31, 22, 34, 7, 
2022/6/13, 41, 27, 29, 8, 
2022/6/14, 42, 33, 19, 10, 
2022/6/15, 45, 18, 22, 6, 
2022/6/16, 28, 14, 25, 7, 
2022/6/17, 28, 11, 24, 4, 
2022/6/18, 20, 9, 29, 3, 
2022/6/19, 19, 10, 28, 3, 
2022/6/20, 18, 10, 24, 6, 
2022/6/21, 20, 11, 26, 6, 
2022/6/22, 20, 12, 26, 6, 
2022/6/23, 19, 9, 21, 7, 
2022/6/24, 18, 9, 37, 3, 
2022/6/25, 17, 12, 30, 3, 
2022/6/26, 18, 12, 28, 3, 
2022/6/27, 17, 16, 29, 3, 
2022/6/28, 17, 10, 27, 2, 
2022/6/29, 19, 15, 28, 3, 
2022/6/30, 18, 13, 25, 3, 
2022/1/3, 24, 18, 28, 11, 
2022/1/4, 33, 13, 26, 12, 
2022/1/5, 16, 16, 26, 11, 
2022/1/6, 19, 12, 25, 10, 
2022/1/7, 19, 16, 23, 15, 
2022/1/8, 29, 18, 28, 11, 
2022/1/9, 34, 7, 24, 10, 
2022/1/10, 13, 11, 16, 13, 
2022/1/11, 15, 12, 15, 16, 
2022/1/12, 40, 11, 23, 10, 
2022/1/13, 22, 10, 17, 14, 
2022/1/14, 33, , , , 
2022/1/16, 64, 24, 15, 21, 
2022/1/17, 61, 21, 19, 19, 
2022/1/18, 59, 28, 16, 24, 
2022/1/19, 82, 31, 15, 24, 
2022/1/20, 80, 26, 18, 19, 
2022/1/21, 61, 11, 22, 11, 
2022/1/22, 40, 13, 23, 10, 
2022/1/23, 49, 10, 18, 18, 
2022/1/24, 33, 13, 21, 18, 
2022/1/25, 29, 11, 20, 17, 
2022/1/26, 27, 18, 21, 16, 
2022/1/27, 29, 21, 24, 17, 
2022/1/28, 43, , 16, 24, 
2022/1/30, 35, 31, 21, 21, 
2022/1/31, 73, 23, 22, 26, 
2022/2/1, 59, 18, 24, 25, 
2022/2/2, 47, 39, 6, 30, 
2022/2/3, 79, 26, 25, 20, 
2022/2/4, 60, , 27, 6, 
2022/2/6, 28, 14, 23, 20, 
2022/2/7, 40, 27, 10, 36, 
2022/2/8, 52, 30, 22, 26, 
2022/2/9, 63, 40, 10, 28, 
2022/2/10, 79, 42, 20, 28, 
2022/2/11, 74, 32, 26, 17, 
2022/2/12, 65, 14, 31, 16, 
2022/2/13, 29, 13, 30, 14, 
2022/2/14, 21, 20, 27, 20, 
2022/2/15, 30, 17, 27, 19, 
2022/2/16, 32, 6, 22, 9, 
2022/2/17, 14, 5, 30, 8, 
2022/2/18, 15, 13, 32, 3, 
2022/2/19, 15, 10, 31, 6, 
2022/2/20, 28, 18, 27, 11, 
2022/2/21, 30, 21, 26, 21, 
2022/2/22, 47, 17, 19, 25, 
2022/2/23, 35, 27, 9, 23, 
2022/2/24, 57, 25, 24, 15, 
2022/2/25, 59, 17, 29, 9, 
2022/2/26, 33, 17, 33, 6, 
2022/2/27, 37, 15, 28, 17, 
2022/2/28, 30, 29, 27, 19, 
2022/3/1, 57, 15, 34, 12, 
2022/3/2, 22, 12, 35, 8, 
2022/3/3, 22, 12, 35, 4, 
2022/3/4, 16, 15, 31, 12, 
2022/3/5, 21, 11, 37, 5, 
2022/3/6, 34, 12, 35, 9, 
2022/3/7, 22, 16, 29, 13, 
2022/3/8, 26, 17, 34, 15, 
2022/3/9, 22, 14, 32, 10, 
2022/3/10, 26, 15, 29, 16, 
2022/3/11, 19, 24, 33, 10, 
2022/3/12, 38, 14, 37, 9, 
2022/3/13, 18, 11, 28, 9, 
2022/3/14, 21, 163, 17, 13, 
2022/3/15, 68, 107, 30, 7, 
2022/3/16, 125, 48, 23, 10, 
2022/3/17, 60, 12, 29, 12, 
2022/3/18, 27, 17, 32, 11, 
2022/3/19, 47, 23, 32, 4, 
2022/3/20, 39, 8, 28, 6, 
2022/3/21, 24, 18, 29, 15, 
2022/3/22, 49, 7, 26, 8, 
2022/3/23, 19, 24, 27, 8, 
2022/3/24, 25, 40, 22, 12, 
2022/3/25, 57, 23, 29, 7, 
2022/3/26, 39, 52, 29, 6, 
2022/3/27, 53, 51, 26, 8, 
2022/3/28, 58, 26, 34, 9, 
2022/3/29, 42, 32, 40, 4, 
2022/3/30, 50, 14, 34, 6, 
2022/3/31, 16, 11, 37, 5, 
2021/10/7, 35, 30, 31, 16, 1
2021/10/8, 67, , 33, 17, 3
2021/10/10, 44, 16, 33, 12, 4
2021/10/11, 39, 18, 29, 13, 3
2021/10/12, 32, 21, 36, 13, 2
2021/10/13, 48, 22, 33, 18, 1
2021/10/14, 48, 28, 29, 28, 8
2021/10/15, 50, 17, 34, 28, 9
2021/10/16, 38, 13, 31, 19, 3
2021/10/17, 37, 14, 11, 13, 
2021/10/18, 37, 24, 15, 18, 
2021/10/19, 54, 19, 29, 16, 1
2021/10/20, 51, 16, 18, 17, 1
2021/10/21, 22, 12, 30, 9, 1
2021/10/22, 18, 15, 29, 7, 1
2021/10/23, 28, 15, 31, 16, 2
2021/10/24, 36, 10, 31, 15, 4
2021/10/25, 19, 15, 28, 12, 5
2021/10/26, 21, 24, 27, 13, 5
2021/10/27, 49, 36, 32, 26, 3
2021/10/28, 68, 13, 33, 19, 10
2021/10/29, 28, , 22, 9, 
2021/11/1, 15, 12, 24, 10, 2
2021/11/2, 22, 9, 25, 16, 
2021/11/3, 19, 11, 27, 17, 1
2021/11/4, 19, 8, 27, 15, 
2021/11/5, 17, 11, 24, 13, 4
2021/11/6, 21, 9, 25, 14, 14
2021/11/7, 34, 13, 26, 11, 
2021/11/8, 43, 16, 17, 20, 17
2021/11/9, 50, 19, 21, 18, 21
2021/11/10, 54, 25, 22, 20, 15
2021/11/11, 64, 18, 29, 16, 
2021/11/12, 46, 29, 22, 15, 1
2021/11/13, 72, 26, 21, 22, 
2021/11/14, 67, 23, 24, 16, 2
2021/11/15, 64, 11, 17, 19, 
2021/11/16, 27, 15, 20, 17, 
2021/11/17, 34, 8, 20, 17, 
2021/11/18, 25, 10, 22, 13, 
2021/11/19, 28, , 23, 7, 
2021/11/23, 21, 19, 20, 15, 2
2021/11/24, 34, 13, 28, 14, 1
2021/11/25, 22, 16, 26, 12, 1
2021/11/26, 40, 13, 24, 12, 
2021/11/27, 15, 11, 29, 9, 
2021/11/28, 18, 9, 29, 5, 
2021/11/29, 17, 20, 28, 14, 
2021/11/30, 37, 21, 22, 25, 
2021/12/1, 52, 10, 24, 17, 
2021/12/2, 10, 11, 28, 5, 
2021/12/3, 13, 8, 21, 14, 
2021/12/4, 14, 22, 23, 14, 
2021/12/5, 19, 16, 31, 11, 
2021/12/6, 22, 9, 23, 18, 
2021/12/7, 23, 15, 25, 13, 
2021/12/8, 17, 14, 28, 7, 
2021/12/9, 23, 10, 24, 12, 
2021/12/10, 13, 11, 26, 9, 
2021/12/11, 13, 12, 25, 8, 
2021/12/12, 29, 13, 13, 13, 
2021/12/13, 32, 16, 18, 15, 
2021/12/14, 25, 18, 18, 13, 
2021/12/15, 37, 24, 13, 20, 
2021/12/16, 50, 14, 17, 20, 
2021/12/17, 26, 17, 19, 14, 
2021/12/18, 36, 18, 22, 7, 
2021/12/19, 16, 25, 23, 7, 
2021/12/20, 48, 36, 21, 8, 
2021/12/21, 60, 15, 24, 8, 
2021/12/22, 24, 10, 20, 9, 
2021/12/23, 13, 13, 19, 14, 
2021/12/24, 31, , 28, 12, 
2021/12/26, 17, 18, 24, 3, 
2021/12/27, 13, 15, 22, 6, 1
2021/12/28, 14, 10, 23, 6, 
2021/12/29, 14, 11, 16, 14, 
2021/12/30, 29, 15, 15, 8, 
2021/12/31, 47, 23, 10, 16, 
2022/1/1, 51, 30, 12, 15, 
2022/1/2, 58, 10, 10, 12, 
2021/7/1, 32, 12, 21, 7, 
2021/7/2, 29, 7, 21, 3, 1
2021/7/3, 23, 7, 24, 2, 
2021/7/4, 18, 9, 20, 4, 
2021/7/5, 17, 9, 27, 4, 1
2021/7/6, 16, 11, 23, 3, 7
2021/7/7, 14, 12, 27, 3, 
2021/7/8, 29, 17, 36, 5, 
2021/7/9, 39, 17, 53, 6, 
2021/7/10, 50, 14, 26, 2, 1
2021/7/11, 36, 14, 25, 2, 4
2021/7/12, 22, 14, 22, 3, 11
2021/7/13, 19, 17, 39, 5, 
2021/7/14, 34, 19, 46, 12, 
2021/7/15, 45, 24, 54, 19, 
2021/7/16, 55, 17, 43, 5, 1
2021/7/17, 43, 15, 30, 2, 2
2021/7/18, 34, 14, 32, 2, 1
2021/7/19, 23, 12, 35, 3, 
2021/7/20, 32, 15, 35, 4, 2
2021/7/21, 43, 14, 32, 5, 3
2021/7/22, 30, 8, 24, 4, 
2021/7/23, 30, 9, 26, 2, 1
2021/7/24, 17, 5, 14, 2, 1
2021/7/25, 19, 4, 32, 3, 
2021/7/26, 19, 10, 28, 3, 8
2021/7/27, 25, 11, 33, 3, 2
2021/7/28, 28, 17, 30, 3, 5
2021/7/29, 36, 10, 23, 2, 7
2021/7/30, 26, 13, 26, 2, 6
2021/7/31, 24, 7, 22, 2, 
2021/8/1, 23, 3, 27, 3, 
2021/8/2, 17, 10, 33, 4, 
2021/8/3, 19, 7, 20, 3, 
2021/8/4, 24, 6, 25, 3, 
2021/8/5, 22, 11, 27, 3, 
2021/8/6, 28, 13, 26, 3, 1
2021/8/7, 19, 10, 30, 1, 1
2021/8/8, 17, 11, 31, 4, 2
2021/8/9, 19, 11, 30, 4, 2
2021/8/10, 18, 13, 28, 4, 1
2021/8/11, 19, 13, 29, 4, 1
2021/8/12, 22, 13, 36, 7, 
2021/8/13, 29, 11, 36, 5, 
2021/8/14, 32, 10, 33, 3, 
2021/8/15, 31, 18, 35, 4, 4
2021/8/16, 24, 20, 37, 4, 1
2021/8/17, 29, 19, 39, 4, 
2021/8/18, 34, 15, 36, 3, 2
2021/8/19, 21, 12, 28, 4, 
2021/8/20, 23, 7, 21, 4, 1
2021/8/21, 21, 8, 27, 2, 
2021/8/22, 12, 12, 32, 6, 
2021/8/23, 27, 18, 26, 7, 
2021/8/24, 52, 22, 32, 4, 2
2021/8/25, 52, 22, 33, 6, 
2021/8/26, 44, 19, 35, 9, 4
2021/8/27, 44, 19, 27, 6, 
2021/8/28, 50, 9, 24, 4, 
2021/8/29, 21, 11, 24, 6, 1
2021/8/30, 18, 10, 23, 6, 
2021/8/31, 18, 11, 24, 8, 
2021/9/1, 20, 9, 28, 6, 1
2021/9/2, 18, 11, 31, 6, 
2021/9/3, 17, 14, 40, 8, 
2021/9/4, 32, 17, 39, 10, 
2021/9/5, 44, 16, 23, 6, 
2021/9/6, 39, 10, 20, 4, 3
2021/9/7, 19, 10, 20, 6, 1
2021/9/8, 17, 12, 29, 6, 
2021/9/9, 22, 9, 21, 7, 
2021/9/10, 19, 10, 26, 7, 
2021/9/11, 15, 9, 21, 7, 1
2021/9/12, 15, 12, 19, 4, 
2021/9/13, 20, 8, 31, 6, 
2021/9/14, 20, 11, 28, 9, 
2021/9/15, 22, 15, 31, 5, 
2021/9/16, 29, 13, 25, 5, 
2021/9/17, 21, 11, 29, 4, 2
2021/9/18, 13, 8, 34, 2, 1
2021/9/19, 14, 12, 31, 4, 1
2021/9/20, 15, 14, 27, 11, 2
2021/9/21, 19, 12, 36, 10, 1
2021/9/22, 27, 9, 37, 10, 2
2021/9/23, 18, 14, 38, 10, 4
2021/9/24, 36, 13, 33, 9, 2
2021/9/25, 31, 11, 27, 12, 3
2021/9/26, 32, 13, 22, 13, 3
2021/9/27, 35, , , , 
2021/4/1, 50, 32, 34, 7, 
2021/4/2, 32, 26, 34, 4, 
2021/4/3, 50, 35, 37, 4, 
2021/4/4, 60, 24, 37, 11, 
2021/4/5, 48, 23, 34, 23, 
2021/4/6, 41, , 42, 11, 
2021/4/10, 23, 7, 34, 4, 
2021/4/11, 22, 17, 25, 15, 
2021/4/12, 29, , 19, 14, 
2021/4/14, 45, 10, 26, 7, 
2021/4/15, 27, 18, 38, 11, 
2021/4/16, 49, 16, 43, 8, 
2021/4/17, 45, 15, 46, 6, 
2021/4/18, 44, 16, 36, 6, 
2021/4/19, 39, 10, 34, 5, 
2021/4/20, 30, 7, 29, 7, 
2021/4/21, 16, 15, 34, 9, 
2021/4/22, 19, 18, 30, 6, 
2021/4/23, 26, 16, 33, 3, 
2021/4/24, 30, 12, 36, 2, 
2021/4/25, 30, 11, 25, 6, 
2021/4/26, 24, , 38, 7, 
2021/4/28, 23, 12, 39, 7, 
2021/4/29, 23, 10, 41, 7, 
2021/4/30, 22, , 35, 6, 
2021/5/2, 18, 11, 42, 5, 
2021/5/3, 18, , 41, 6, 
2021/5/5, 21, 9, 28, 4, 
2021/5/6, 16, , 26, 4, 
2021/5/9, 15, 13, 34, 7, 
2021/5/10, 16, 10, 36, 7, 
2021/5/11, 11, 14, 33, 4, 
2021/5/12, 21, 17, 29, 7, 
2021/5/13, 24, 14, 31, 6, 
2021/5/14, 21, 12, 22, 3, 
2021/5/15, 19, 7, 30, 2, 
2021/5/16, 19, 10, 35, 4, 
2021/5/17, 18, 10, 32, 5, 
2021/5/18, 19, 11, 37, 4, 
2021/5/19, 17, 15, 38, 6, 
2021/5/20, 18, 9, 29, 3, 
2021/5/21, 17, , 35, 3, 
2021/5/23, 17, 14, 36, 4, 
2021/5/24, 22, 19, 37, 5, 
2021/5/25, 30, 25, 34, 6, 
2021/5/26, 46, 20, 36, 8, 
2021/5/27, 37, 17, 38, 7, 2
2021/5/28, 29, 18, 36, 3, 
2021/5/29, 43, 12, 38, 3, 
2021/5/30, 38, 17, 44, 7, 3
2021/5/31, 43, , 35, 9, 
2021/6/3, 16, 9, 36, 2, 1
2021/6/4, 16, , , , 
2021/6/7, 36, , 29, 4, 
2021/6/9, 30, , 26, 3, 3
2021/6/13, 45, 19, 51, 8, 1
2021/6/14, 41, , , , 
2021/6/17, 34, 6, 27, 4, 
2021/6/18, 19, , 28, 3, 1
2021/6/20, 84, 9, 27, 4, 
2021/6/23, 33, 20, 47, 8, 
2021/6/24, 38, 17, 55, 11, 2
2021/6/25, 43, 15, 40, 3, 1
2021/6/26, 38, 8, 28, 1, 3
2021/6/27, 22, 13, 31, 3, 
2021/6/28, 19, 14, 32, 3, 1
2021/6/29, 29, 11, 30, 3, 
2021/6/30, 28, 14, 34, 6, 
2021/1/4, 40, 18, 14, 18, 
2021/1/5, 56, 18, 15, 13, 1
2021/1/6, 57, 13, 19, 14, 
2021/1/7, 36, 8, 22, 10, 
2021/1/8, 28, 12, 26, 8, 
2021/1/9, 30, 7, 23, 5, 
2021/1/10, 27, 15, 22, 18, 
2021/1/11, 35, 27, 18, 23, 1
2021/1/12, 61, 41, 15, 22, 
2021/1/13, 93, 15, 28, 12, 
2021/1/14, 44, 14, 28, 12, 
2021/1/15, 48, 24, 22, 12, 
2021/1/16, 73, 38, 19, 15, 
2021/1/17, 93, 39, 16, 23, 
2021/1/18, 24, 39, 28, 17, 
2021/1/19, 54, 26, 28, 6, 
2021/1/20, 41, 21, 29, 3, 
2021/1/21, 26, , 30, 3, 
2021/1/24, 29, 13, 24, 7, 
2021/1/25, 18, 6, 14, 9, 
2021/1/26, 18, 10, 14, 12, 
2021/1/27, 26, 5, 9, 6, 
2021/1/28, 21, 14, 6, 8, 
2021/1/29, 50, 21, , 3, 
2021/1/30, 40, , , 2, 
2021/2/1, 23, 9, , 6, 
2021/2/2, 17, 9, 27, 7, 
2021/2/3, 16, 9, 26, 8, 
2021/2/4, 17, 9, 26, 7, 
2021/2/5, 15, 8, 30, 2, 
2021/2/6, 25, 12, 31, 2, 
2021/2/7, 20, 14, 32, 5, 
2021/2/8, 18, 19, 33, 3, 
2021/2/9, 25, 11, 28, 9, 
2021/2/10, 31, 11, 28, 6, 
2021/2/11, 27, 15, 27, 10, 
2021/2/12, 26, , , , 
2021/2/15, 52, 32, 25, 12, 
2021/2/16, 54, 29, 31, 12, 
2021/2/17, 57, 62, 28, 7, 
2021/2/18, 62, 66, 27, 5, 
2021/2/19, 72, 27, 32, 4, 
2021/2/20, 71, , 31, 5, 
2021/2/22, 48, 12, 24, 11, 
2021/2/23, 24, 23, 33, 6, 
2021/2/24, 42, 20, 30, 7, 1
2021/2/25, 32, 24, 15, 14, 
2021/2/26, 48, 34, 26, 13, 
2021/2/27, 65, 32, 29, 9, 
2021/2/28, 66, 38, 25, 15, 
2021/3/1, 65, 33, 30, 14, 
2021/3/2, 53, 39, 26, 15, 
2021/3/3, 60, 50, 27, 10, 
2021/3/4, 82, 11, 25, 6, 
2021/3/5, 30, 33, 30, 7, 
2021/3/6, 68, 33, 35, 2, 
2021/3/7, 59, 18, 34, 4, 
2021/3/8, 35, 19, 33, 7, 
2021/3/9, 49, 15, 32, 8, 
2021/3/10, 32, 6, 15, 9, 
2021/3/11, 20, 10, 32, 7, 
2021/3/12, 23, 10, 35, 4, 
2021/3/13, 20, 11, 34, 3, 
2021/3/14, 25, 13, 30, 10, 
2021/3/15, 31, 13, 32, 16, 
2021/3/16, 37, 12, 28, 14, 
2021/3/17, 36, 11, 32, 10, 
2021/3/18, 21, 10, 34, 8, 
2021/3/19, 27, , 36, 4, 
2021/3/21, 23, 17, 34, 10, 
2021/3/22, 45, 19, 35, 8, 
2021/3/23, 39, 13, 32, 8, 
2021/3/24, 34, 12, 32, 9, 
2021/3/25, 31, 10, 32, 7, 
2021/3/26, 21, 12, 32, 7, 
2021/3/27, 34, 24, 38, 6, 
2021/3/28, 53, 30, 22, 8, 
2021/3/29, 58, 45, 23, 13, 
2021/3/30, 66, 41, 37, 10, 
2021/3/31, 56, 35, 33, 8, 
2020/10/1, 24, 10, 25, 6, 
2020/10/2, 20, 12, 26, 9, 
2020/10/3, 17, 14, 24, 6, 
2020/10/4, 17, 14, 21, 9, 
2020/10/5, 20, 9, 15, 8, 
2020/10/6, 22, 9, 24, 9, 
2020/10/7, 18, 18, 23, 13, 
2020/10/8, 37, 11, 23, 6, 
2020/10/9, 31, 11, 35, 5, 4
2020/10/10, 25, , 27, 5, 
2020/10/12, 17, 12, 28, 7, 
2020/10/13, 30, 18, 25, 4, 
2020/10/14, 21, 11, 26, 6, 
2020/10/15, 16, 22, 25, 11, 
2020/10/16, 20, , 26, 19, 
2020/10/19, 49, 8, 28, 7, 
2020/10/20, 26, 13, 25, 12, 
2020/10/21, 20, 12, 23, 19, 1
2020/10/22, 29, 17, 23, 19, 
2020/10/23, 36, 25, 26, 13, 
2020/10/24, 58, 10, 25, 6, 1
2020/10/25, 17, 13, 20, 18, 
2020/10/26, 16, 25, 24, 16, 
2020/10/27, 41, 10, 19, 12, 
2020/10/28, 25, 16, 20, 15, 
2020/10/29, 37, 19, 16, 19, 
2020/10/30, 48, 19, 17, 16, 
2020/10/31, 49, 13, 13, 15, 
2020/11/1, 48, 11, 27, 12, 
2020/11/2, 33, 20, 27, 4, 
2020/11/3, 21, 14, 19, 8, 
2020/11/4, 28, 8, 22, 5, 
2020/11/5, 28, 8, 18, 12, 
2020/11/6, 21, 10, 25, 8, 
2020/11/7, 20, , 24, 2, 
2020/11/9, 36, 13, 7, 19, 
2020/11/10, 33, 17, 9, 21, 
2020/11/11, 52, , 23, 15, 
2020/11/13, 56, , 17, 7, 
2020/11/15, 28, 18, 10, 19, 
2020/11/16, 43, 23, 4, 13, 
2020/11/17, 54, 25, 9, 12, 
2020/11/18, 61, 24, 12, 17, 
2020/11/19, 54, 28, 17, 13, 
2020/11/20, 56, , , , 
2020/11/23, 62, 34, 23, 18, 
2020/11/24, 80, 12, 19, 12, 
2020/11/25, 33, 7, 22, 6, 
2020/11/26, 23, 10, 15, 13, 2
2020/11/27, 20, , 19, 16, 
2020/11/29, 21, 8, 13, 10, 
2020/11/30, 28, 13, 15, 13, 
2020/12/1, 29, 27, 9, 22, 
2020/12/2, 66, 13, 5, 16, 
2020/12/3, 35, 9, 22, 7, 1
2020/12/4, 17, 8, 24, 7, 
2020/12/5, 16, 11, 20, 13, 
2020/12/6, 18, 12, 27, 7, 
2020/12/7, 18, , 28, 2, 
2020/12/9, 47, 5, 22, 7, 
2020/12/10, 13, 5, 27, 6, 2
2020/12/11, 12, 5, 21, 6, 
2020/12/12, 12, 5, 21, 5, 
2020/12/13, 16, 7, 19, 16, 
2020/12/14, 18, 18, 29, 15, 
2020/12/15, 37, 10, 29, 12, 
2020/12/16, 24, 24, 10, 23, 1
2020/12/17, 45, 26, 24, 13, 
2020/12/18, 64, , 27, 5, 
2020/12/21, 63, 20, 11, 14, 
2020/12/22, 53, 32, 22, 15, 
2020/12/23, 70, , 26, 6, 
2020/12/31, 74, 9, 28, 5, 
2021/1/1, 26, 9, 22, 9, 
2021/1/2, 22, 13, 21, 13, 
2021/1/3, 23, 13, 15, 23, 
2020/7/1, 19, 9, 27, 3, 
2020/7/2, 19, 10, 32, 4, 
2020/7/3, 21, 14, 28, 5, 
2020/7/4, 54, 17, 41, 3, 
2020/7/5, 45, 12, 36, 9, 
2020/7/6, 43, 21, 39, 11, 
2020/7/7, 65, 21, 31, 3, 
2020/7/8, 49, , , , 
2020/7/10, 53, 24, 51, 7, 
2020/7/11, 57, 18, 48, 5, 
2020/7/12, 55, 28, 65, 12, 
2020/7/13, 76, 28, 44, 5, 
2020/7/14, 71, 28, 54, 7, 
2020/7/15, 72, 20, 54, 10, 
2020/7/16, 64, 24, 62, 13, 
2020/7/17, 66, 24, 43, 13, 
2020/7/18, 60, 20, 39, 4, 
2020/7/19, 51, 27, 39, 10, 
2020/7/20, 51, 34, 44, 12, 
2020/7/21, 62, 28, 51, 15, 
2020/7/22, 61, 21, 40, 9, 
2020/7/23, 52, 21, 34, 4, 
2020/7/24, 37, 14, 22, 2, 
2020/7/25, 34, 7, 22, 2, 
2020/7/26, 26, 12, 18, 3, 
2020/7/27, 21, , 22, 3, 
2020/7/29, 24, 23, , 10, 
2020/7/30, 52, 19, 31, 8, 
2020/7/31, 33, , 21, 2, 
2020/8/2, 22, 11, 20, 2, 
2020/8/3, 19, 12, 33, 4, 
2020/8/4, 18, 15, 40, 6, 
2020/8/5, 41, 22, 36, 7, 
2020/8/6, 43, 12, 36, 5, 
2020/8/7, 38, 13, 33, 4, 
2020/8/8, 33, 13, 32, 2, 
2020/8/9, 30, 16, 34, 3, 
2020/8/10, 36, 18, 33, 4, 
2020/8/11, 31, 10, 33, 4, 
2020/8/12, 35, 6, 24, 3, 
2020/8/13, 25, 7, 26, 3, 
2020/8/14, 14, 8, 26, 3, 
2020/8/15, 15, 8, 25, 3, 
2020/8/16, 16, 15, 18, 6, 
2020/8/17, 24, 15, 17, 5, 
2020/8/18, 38, 14, 15, 3, 
2020/8/19, 39, 13, 11, 4, 
2020/8/20, 34, 12, 26, 6, 
2020/8/21, 20, , 31, 3, 
2020/8/23, 21, 16, 38, 7, 
2020/8/24, 31, 21, 26, 7, 
2020/8/25, 39, 9, 19, 4, 
2020/8/26, 18, 5, 18, 2, 
2020/8/27, 19, , , , 
2020/9/9, 46, 40, 41, 19, 1
2020/9/10, 72, 32, 45, 24, 
2020/9/11, 64, , , , 
2020/9/15, 26, 19, 22, 7, 
2020/9/16, 29, 12, 27, 6, 
2020/9/17, 26, 11, 28, 5, 
2020/9/18, 27, , , 3, 
2020/9/20, 17, 13, 32, 13, 
2020/9/21, 37, 17, 21, 10, 
2020/9/22, 28, , , 4, 
2020/9/24, 26, 14, 32, 7, 
2020/9/25, 18, 14, 29, 3, 
2020/9/26, 19, 7, 29, 2, 1
2020/9/27, 29, 13, 26, 10, 1
2020/9/28, 24, 16, 30, 12, 
2020/9/29, 33, 15, 25, 6, 
2020/9/30, 32, 11, 24, 10, 2
2020/4/1, 27, 9, 29, 12, 
2020/4/2, 19, 8, 34, 6, 
2020/4/3, 36, 12, 38, 11, 
2020/4/4, 52, 13, 36, 8, 
2020/4/5, 28, 13, 29, 3, 
2020/4/6, 25, 14, 25, 5, 
2020/4/7, 22, 22, 32, 6, 1
2020/4/8, 43, 12, 28, 7, 1
2020/4/9, 38, 6, 27, 3, 
2020/4/10, 20, 5, 28, 2, 
2020/4/11, 20, 8, 32, 1, 
2020/4/12, 23, 11, 31, 4, 1
2020/4/13, 23, 15, 31, 6, 
2020/4/14, 39, 9, 36, 3, 
2020/4/15, 18, 11, 34, 4, 
2020/4/16, 18, 16, 35, 3, 
2020/4/17, 18, 12, 34, 7, 
2020/4/18, 28, 8, 36, 1, 
2020/4/19, 20, 11, 35, 4, 
2020/4/20, 23, 8, 34, 4, 
2020/4/21, 19, 18, 39, 3, 
2020/4/22, 30, 22, 36, 5, 
2020/4/23, 52, 23, 43, 4, 
2020/4/24, 59, 20, 42, 2, 
2020/4/25, 52, 13, 36, 4, 
2020/4/26, 39, 14, 37, 9, 
2020/4/27, 42, 10, 32, 9, 
2020/4/28, 21, 13, 32, 6, 1
2020/4/29, 24, 11, 35, 3, 
2020/4/30, 19, 8, 23, 2, 
2020/5/1, 18, 9, 26, 5, 
2020/5/2, 19, 12, 37, 4, 
2020/5/3, 49, 16, 36, 2, 
2020/5/4, 38, 20, 34, 4, 
2020/5/5, 27, 15, 33, 7, 
2020/5/6, 23, 18, 34, 4, 
2020/5/7, 45, 21, 32, 5, 2
2020/5/8, 39, 12, 33, 5, 
2020/5/9, 22, 12, 30, 2, 
2020/5/10, 21, 15, 32, 2, 
2020/5/11, 20, 16, 34, 7, 
2020/5/12, 20, 10, 30, 8, 
2020/5/13, 26, 10, 27, 5, 
2020/5/14, 21, , , , 
2020/5/21, 44, 11, 22, 3, 
2020/5/22, 35, 15, 36, 2, 
2020/5/23, 49, 21, 35, 2, 
2020/5/24, 52, 21, 34, 5, 
2020/5/25, 45, 27, 43, 8, 
2020/5/26, 67, 26, 43, 7, 
2020/5/27, 69, 26, 53, 7, 
2020/5/28, 71, 26, 61, 9, 
2020/5/29, 78, 22, 44, 5, 
2020/5/30, 62, 19, 48, 3, 
2020/5/31, 58, 20, 34, 5, 1
2020/6/1, 56, 18, 32, 6, 
2020/6/2, 38, 15, 27, 7, 
2020/6/3, 41, 12, 34, 5, 
2020/6/4, 38, 16, 39, 4, 
2020/6/5, 35, 12, 35, 5, 
2020/6/6, 34, 5, 33, 2, 
2020/6/7, 19, 13, 32, 3, 
2020/6/8, 27, 13, 35, 3, 
2020/6/9, 38, 13, 37, 2, 
2020/6/10, 36, 9, 24, 2, 
2020/6/11, 20, 13, 29, 4, 
2020/6/12, 15, 10, 36, 8, 
2020/6/13, 23, 9, 32, 7, 
2020/6/14, 24, 10, 27, 7, 
2020/6/15, 25, 9, 21, 7, 
2020/6/16, 27, 7, 29, 4, 
2020/6/17, 18, 9, 25, 3, 
2020/6/18, 24, 6, 31, 4, 
2020/6/19, 20, 7, 19, 2, 
2020/6/20, 16, 6, 17, 1, 
2020/6/21, 21, 10, 36, 5, 1
2020/6/22, 34, 18, 33, 5, 
2020/6/23, 56, 15, 30, 4, 
2020/6/24, 42, 12, 32, 3, 
2020/6/25, 37, 6, 28, 5, 
2020/6/26, 21, , , , 
2020/6/30, 27, 6, 15, 3, 
2020/2/3, 78, 11, 18, 21, 
2020/2/4, 66, 27, 10, 22, 
2020/2/5, 67, 21, 14, 20, 
2020/2/6, 70, 27, 20, 15, 
2020/2/7, 64, 30, 18, 19, 
2020/2/8, 63, 30, 29, 13, 
2020/2/9, 50, 18, 23, 23, 
2020/2/10, 59, 24, 8, 23, 
2020/2/11, 40, 17, 20, 14, 
2020/2/12, 51, 30, 11, 23, 
2020/2/13, 62, 30, 10, 25, 
2020/2/14, 44, 20, 11, 19, 
2020/2/15, 53, 25, 17, 21, 
2020/2/16, 53, 22, 18, 16, 
2020/2/17, 16, 10, 30, 10, 
2020/2/18, 32, 19, 29, 7, 
2020/2/19, 60, 17, 21, 18, 
2020/2/20, 71, 25, 17, 22, 
2020/2/21, 64, 23, 23, 22, 
2020/2/22, 63, 24, 29, 21, 
2020/2/23, 66, 21, 4, 21, 
2020/2/24, 83, 34, 26, 20, 
2020/2/25, 38, 14, 30, 5, 
2020/2/26, 23, 12, 33, 10, 
2020/2/27, 54, 22, 23, 17, 
2020/2/28, 65, 49, 17, 17, 
2020/2/29, 63, 42, 26, 7, 
2020/3/1, 50, 30, 28, 3, 1
2020/3/2, 29, 19, 31, 5, 
2020/3/3, 39, 22, 20, 10, 
2020/3/4, 42, 18, 20, 10, 
2020/3/5, 25, 17, 32, 7, 
2020/3/6, 39, 24, 30, 6, 
2020/3/7, 45, 13, 25, 7, 
2020/3/8, 31, 14, , 11, 
2020/3/9, 37, 17, 26, 9, 
2020/3/10, 53, 24, 16, 14, 
2020/3/11, 63, 27, 28, 21, 
2020/3/12, 59, 23, 27, 9, 
2020/3/13, 44, 22, 21, 5, 
2020/3/14, 43, 22, 28, 6, 
2020/3/15, 41, 15, 31, 2, 
2020/3/16, 57, 19, 31, 3, 
2020/3/17, 46, 15, 27, 9, 
2020/3/18, 78, 33, 28, 9, 1
2020/3/19, 79, 39, 29, 7, 
2020/3/20, 31, 18, 23, 8, 
2020/3/21, 28, 11, 26, 13, 
2020/3/22, 31, 9, 30, 5, 
2020/3/23, 55, 22, 27, 4, 
2020/3/24, 33, 11, 27, 8, 3
2020/3/25, 45, 16, 33, 7, 
2020/3/26, 54, 23, 34, 3, 
2020/3/27, 49, 20, 40, 4, 
2020/3/28, 34, 9, 34, 5, 
2020/3/29, 43, 15, 41, 5, 
2020/3/30, 53, 17, 23, 8, 
2020/3/31, 26, 6, 28, 9, 
2019/10/1, 29, 13, 27, 9, 
2019/10/2, 31, 12, 25, 10, 12
2019/10/3, 23, 11, 18, 12, 
2019/10/4, 23, 12, 29, 7, 
2019/10/5, 22, 10, 26, 5, 
2019/10/6, 20, 8, 29, 12, 
2019/10/7, 20, 10, 19, 6, 
2019/10/8, 22, 13, 27, 4, 
2019/10/9, 19, 16, 31, 16, 
2019/10/10, 27, 27, 25, 34, 
2019/10/11, 57, 32, 30, 15, 
2019/10/12, 65, 27, 25, 7, 
2019/10/13, 43, 10, 27, 11, 
2019/10/14, 21, 19, 24, 24, 
2019/10/15, 45, 19, 25, 21, 
2019/10/16, 44, 13, 26, 8, 
2019/10/17, 21, 9, 24, 15, 
2019/10/18, 13, 9, 24, 13, 
2019/10/19, 17, 8, 28, 7, 
2019/10/21, 31, 9, 27, 13, 1
2019/10/22, 28, 12, 27, 7, 
2019/10/23, 16, 13, 28, 27, 
2019/10/24, 25, 20, 22, 24, 
2019/10/25, 51, 23, 25, 27, 
2019/10/26, 54, 24, 25, 15, 
2019/10/27, 57, 19, 12, 18, 
2019/10/28, 52, 17, 16, 15, 1
2019/10/29, 43, 18, 11, 13, 
2019/10/31, 39, 9, 11, 8, 
2019/11/1, 14, , 17, 7, 
2019/11/2, 43, 8, 47, 7, 1
2019/11/4, 20, 13, , 12, 
2019/11/5, 25, 16, , 14, 
2019/11/6, 29, 10, 22, 12, 1
2019/11/7, 25, 12, 24, 17, 
2019/11/8, 29, 10, 22, 22, 
2019/11/9, 28, , 27, 7, 
2019/11/10, 40, , 27, 7, 
2019/11/11, 35, 23, 26, 15, 
2019/11/12, 51, 17, 24, 8, 
2019/11/13, 33, 11, 28, , 
2019/11/14, 16, 12, 26, 17, 
2019/11/15, 27, 12, 27, 14, 
2019/11/16, 33, , 25, 12, 
2019/11/17, 37, 8, 26, 12, 
2019/11/18, 15, 14, 16, 27, 
2019/11/19, 37, 13, 25, 19, 
2019/11/20, 38, , , , 
2019/11/22, 16, 15, 30, 16, 
2019/11/23, 50, 33, 26, 19, 
2019/11/24, 76, 9, 22, 13, 1
2019/11/25, 18, 8, 21, 9, 
2019/11/26, 16, 21, 20, 24, 
2019/11/27, 46, 11, 24, 11, 
2019/11/28, 21, 13, 23, 10, 
2019/11/29, 26, 9, 23, 12, 
2019/11/30, 21, 10, 29, 7, 
2019/12/1, 11, 5, 23, 11, 
2019/12/2, 18, 4, 18, 15, 
2019/12/3, 9, 17, 13, 20, 
2019/12/4, 49, 11, 20, 18, 
2019/12/5, 41, 7, 16, 18, 1
2019/12/6, 26, 22, 13, 22, 
2019/12/7, 63, , 14, 23, 
2019/12/9, 26, 19, 6, 28, 1
2019/12/10, 65, 24, 27, 26, 
2019/12/11, 54, 7, 25, 14, 
2019/12/12, 18, 7, , 8, 
2019/12/13, 29, , , , 
2019/12/14, 18, , , , 
2019/12/15, 11, 3, , , 
2019/12/16, 8, , , , 
2019/7/1, 25, 15, 27, 5, 
2019/7/2, 35, 19, 29, 9, 
2019/7/3, 45, 17, 28, 7, 
2019/7/4, 43, 12, 29, 8, 
2019/7/5, 28, 14, 35, 6, 
2019/7/6, 34, 10, 27, 6, 
2019/7/7, 32, 10, 32, 8, 
2019/7/8, 30, 15, 36, 7, 
2019/7/9, 44, 17, 42, 9, 
2019/7/10, 50, 19, 44, 10, 
2019/7/11, 54, 22, 27, 9, 
2019/7/12, 53, 29, 34, 9, 
2019/7/13, 62, , 35, 4, 
2019/7/15, 45, 18, 33, 5, 
2019/7/16, 52, 17, 29, 5, 
2019/7/17, 49, 14, 29, 5, 
2019/7/18, 35, 9, 20, 6, 
2019/7/19, 24, 8, 17, 3, 
2019/7/20, 13, 9, 27, 4, 
2019/7/21, 15, 14, 34, 9, 
2019/7/22, 38, 15, 25, 6, 
2019/7/23, 43, 11, 19, 8, 
2019/7/24, 34, 10, 18, 6, 
2019/7/25, 31, 13, 22, 4, 
2019/7/26, 22, 13, 18, 6, 
2019/7/27, 22, 11, 26, 5, 
2019/7/28, 17, 10, 26, 4, 
2019/7/29, 21, 12, 27, 4, 
2019/7/30, 26, 10, 29, 6, 
2019/7/31, 22, 14, 27, 6, 
2019/8/1, 36, 14, 27, 5, 
2019/8/2, 38, 10, 21, 4, 
2019/8/3, 32, 7, 22, 3, 
2019/8/4, 23, 6, 23, 5, 
2019/8/5, 17, 7, 16, 5, 
2019/8/6, 22, 7, 15, 8, 
2019/8/7, 23, 9, 8, 4, 
2019/8/8, 32, 9, 20, 8, 
2019/8/9, 25, 14, 24, 7, 
2019/8/10, 23, 11, 25, 4, 
2019/8/11, 22, 7, 28, 5, 
2019/8/12, 15, 11, 30, 5, 
2019/8/13, 19, 12, 28, 5, 
2019/8/14, 24, 8, 25, 3, 
2019/8/15, 17, 8, 20, 4, 
2019/8/16, 17, 7, 20, 3, 
2019/8/17, 18, 6, 17, 3, 
2019/8/18, 18, 11, 30, 4, 
2019/8/19, 22, 14, 30, 6, 
2019/8/20, 27, 13, 37, 11, 
2019/8/21, 37, 17, 57, 15, 
2019/8/22, 43, 24, 53, 15, 
2019/8/23, 57, 17, 33, 7, 
2019/8/24, 46, 17, 30, 4, 
2019/8/25, 38, 15, 35, 8, 
2019/8/26, 42, 17, 31, 6, 
2019/8/27, 46, 13, 32, 7, 
2019/8/28, 36, 11, 27, 8, 
2019/8/29, 27, 11, 27, 13, 
2019/8/30, 29, 13, 30, 5, 
2019/8/31, 35, 12, 28, 4, 
2019/9/1, 24, 15, 26, 12, 
2019/9/2, 30, 25, 32, 25, 
2019/9/3, 56, 22, 39, 24, 
2019/9/4, 52, 21, 40, 10, 
2019/9/5, 48, 21, 38, 15, 
2019/9/6, 40, 19, 42, 14, 
2019/9/7, 41, 25, 37, 29, 
2019/9/8, 56, 27, 30, 8, 
2019/9/9, 57, 24, 26, 5, 
2019/9/10, 42, 20, 33, 9, 
2019/9/11, 37, 14, 36, 16, 
2019/9/12, 37, 18, 34, 13, 
2019/9/13, 44, 20, 40, 9, 
2019/9/14, 45, 21, 33, 13, 
2019/9/15, 46, , 35, 15, 
2019/9/17, 60, 19, 31, 11, 
2019/9/18, 54, 20, 34, 11, 
2019/9/19, 54, 17, 25, 12, 
2019/9/20, 47, 5, 21, 7, 
2019/9/21, 17, 10, 23, 13, 
2019/9/22, 5, 14, 18, 19, 
2019/9/23, 33, 14, 17, 13, 
2019/9/24, 32, 13, 22, 9, 
2019/9/25, 26, 11, 24, 7, 
2019/9/26, 22, 11, 25, 6, 
2019/9/27, 26, 9, 30, 6, 
2019/9/28, 21, 10, 26, 7, 
2019/9/29, 23, 15, 13, 12, 
2019/9/30, 38, 14, 22, 9, 
2019/4/1, 51, 16, 36, 19, 
2019/4/2, 49, 15, 37, 8, 
2019/4/3, 34, 11, 35, 12, 
2019/4/4, 15, 8, 33, 13, 
2019/4/5, 15, 8, 36, 9, 
2019/4/6, 18, 11, 34, 8, 
2019/4/7, 25, 13, 36, 14, 
2019/4/8, 32, 13, 35, 10, 
2019/4/9, 29, 13, 34, 8, 
2019/4/10, 31, 9, 34, 8, 
2019/4/11, 24, 9, 34, 11, 
2019/4/12, 27, 12, 28, 12, 
2019/4/13, 34, 9, 17, 6, 
2019/4/14, 29, 7, 38, 9, 
2019/4/15, 18, 11, 39, 16, 
2019/4/16, 25, 8, 41, 9, 
2019/4/17, 14, 9, 32, 14, 
2019/4/18, 21, 13, 33, 16, 
2019/4/19, 31, 10, 36, 8, 
2019/4/20, 23, 11, 44, 5, 
2019/4/21, 24, 15, 52, 8, 
2019/4/22, 39, 13, 37, 9, 
2019/4/23, 30, 8, 35, 7, 
2019/4/24, 15, 14, 32, 7, 
2019/4/25, 29, 18, 35, 8, 
2019/4/26, 38, 14, 36, 6, 
2019/4/27, 32, 12, 33, 7, 
2019/4/28, 31, 9, 34, 11, 
2019/4/29, 23, 15, 30, 8, 
2019/4/30, 33, 18, 30, 4, 
2019/5/1, 38, 19, 35, 10, 
2019/5/2, 37, 20, 36, 17, 
2019/5/3, 49, 17, 38, 8, 
2019/5/4, 39, 16, 39, 17, 
2019/5/5, 34, 16, 39, 7, 
2019/5/6, 42, 9, 20, 7, 
2019/5/7, 21, 8, 25, 9, 
2019/5/8, 17, 6, 20, 10, 
2019/5/9, 14, 10, 23, 8, 
2019/5/10, 23, 7, 34, 7, 
2019/5/11, 14, 8, 34, 12, 
2019/5/12, 18, 6, 38, 14, 
2019/5/13, 15, 15, 41, 18, 
2019/5/14, 33, 20, 41, 15, 
2019/5/15, 49, 22, 36, 5, 3
2019/5/16, 50, 15, 32, 7, 
2019/5/17, 23, 12, 32, 5, 1
2019/5/18, 17, 8, 30, 5, 
2019/5/19, 14, 8, 25, 8, 1
2019/5/20, 10, 7, 28, 7, 
2019/5/21, 15, 6, 28, 7, 
2019/5/22, 14, 11, 28, 5, 
2019/5/23, 22, 10, 29, 4, 
2019/5/24, 17, 14, , , 
2019/5/25, 30, 13, , , 
2019/5/26, 18, 14, , , 
2019/5/27, 31, 14, , , 
2019/5/28, 29, 16, , , 
2019/5/29, 31, 13, , , 
2019/5/30, 23, 15, 37, 16, 1
2019/5/31, 35, 22, 56, 15, 
2019/6/1, 50, 15, 40, 8, 
2019/6/2, 35, 12, 23, 8, 
2019/6/3, 27, 10, 29, 7, 
2019/6/4, 20, 11, 31, 6, 
2019/6/5, 18, 11, 31, 9, 
2019/6/6, 15, 12, 31, 10, 
2019/6/7, 19, 8, 33, 5, 
2019/6/8, 12, 8, 32, 5, 
2019/6/9, 13, 6, 32, 4, 
2019/6/10, 12, 6, 34, 7, 
2019/6/11, 11, 10, 34, 4, 
2019/6/12, 18, 10, 35, 5, 
2019/6/13, 19, 9, 31, 9, 
2019/6/14, 17, 12, 31, 8, 
2019/6/15, 28, 7, 34, 4, 
2019/6/16, 20, 7, 34, 9, 
2019/6/17, 22, 9, 23, 6, 
2019/6/18, 24, 15, 25, 6, 
2019/6/19, 35, 9, 30, 4, 
2019/6/20, 23, 8, 27, 5, 
2019/6/21, 18, 9, 25, 8, 
2019/6/22, 24, 8, 17, 5, 
2019/6/23, 18, 9, 19, 14, 
2019/6/24, 24, 8, 22, 12, 
2019/6/25, 22, 8, 21, 10, 
2019/6/26, 25, 9, 23, 11, 
2019/6/27, 24, 7, 26, 7, 
2019/6/28, 17, 7, 30, 5, 
2019/6/29, 14, 11, 28, 3, 
2019/6/30, 19, 12, 27, 5, 
2019/1/1, 54, 19, 16, 14, 2
2019/1/2, 53, 16, 11, 12, 2
2019/1/3, 52, 19, 19, 16, 1
2019/1/4, 60, 23, 13, 22, 1
2019/1/5, 63, 25, 11, 21, 2
2019/1/6, 69, 34, 12, 31, 2
2019/1/7, 80, 40, 9, 36, 4
2019/1/8, 85, 46, 6, 33, 2
2019/1/9, 92, 34, 17, 21, 2
2019/1/10, 74, 16, 20, 18, 
2019/1/11, 39, 18, 20, 18, 1
2019/1/12, 46, 25, 18, 22, 1
2019/1/13, 59, 29, 8, 29, 1
2019/1/14, 71, 32, 17, 23, 1
2019/1/15, 80, 44, 3, 23, 
2019/1/16, 95, 30, 25, 14, 1
2019/1/17, 71, 17, 20, 19, 1
2019/1/18, 40, 14, 23, 10, 
2019/1/19, 31, 12, 30, 3, 1
2019/1/20, 24, 10, 26, 9, 1
2019/1/21, 17, 10, 26, 13, 1
2019/1/22, 19, 10, 29, 6, 1
2019/1/23, 17, 8, 27, 5, 1
2019/1/24, 11, 9, 18, 18, 1
2019/1/25, 20, 20, 17, 21, 1
2019/1/26, 56, 16, 31, 3, 2
2019/1/27, 46, 12, 29, 9, 1
2019/1/28, 23, 8, 28, 9, 2
2019/1/29, 16, 8, 23, 15, 1
2019/1/30, 19, 9, 26, 8, 
2019/1/31, 15, 11, 35, 7, 
2019/2/1, 14, 16, 31, 8, 1
2019/2/2, 36, 15, 28, 12, 1
2019/2/3, 37, 14, 15, 28, 
2019/2/4, 33, 24, 17, 31, 1
2019/2/5, 61, 33, 14, 29, 1
2019/2/6, 77, 24, 25, 18, 1
2019/2/7, 60, 15, 23, 26, 2
2019/2/8, 36, 20, 30, 18, 5
2019/2/9, 50, 13, 28, 7, 
2019/2/10, 27, 11, 28, 15, 
2019/2/11, 21, 16, 21, 25, 
2019/2/12, 36, 21, 23, 27, 
2019/2/13, 53, 28, 27, 19, 
2019/2/14, 64, 21, 27, 16, 
2019/2/15, 48, 21, 27, 18, 
2019/2/16, 53, 29, 23, 21, 
2019/2/17, 67, 22, 32, 11, 
2019/2/18, 53, 13, 25, 14, 
2019/2/19, 30, 18, 23, 28, 
2019/2/20, 45, 40, 27, 25, 
2019/2/21, 76, 41, 25, 16, 
2019/2/22, 78, 44, 26, 27, 
2019/2/23, 83, 53, 24, 30, 
2019/2/24, 98, 40, 26, 27, 
2019/2/25, 82, 34, 26, 21, 
2019/2/26, 68, 26, 26, 18, 
2019/2/27, 53, 21, 31, 14, 
2019/2/28, 42, 12, 30, 9, 
2019/3/1, 27, 10, 26, 6, 
2019/3/2, 19, 7, 27, 10, 
2019/3/3, 19, 10, 31, 11, 
2019/3/4, 23, 14, 29, 5, 
2019/3/5, 25, 8, 32, 8, 
2019/3/6, 11, 17, 28, 20, 
2019/3/7, 31, 14, 30, 9, 
2019/3/8, 25, 8, 29, 13, 
2019/3/9, 20, 9, 20, 7, 
2019/3/10, 20, 8, 27, 10, 
2019/3/11, 16, 15, 30, 14, 
2019/3/12, 39, 10, 35, 7, 
2019/3/13, 23, 11, 31, 12, 
2019/3/14, 23, 17, 27, 24, 
2019/3/15, 42, 27, 35, 23, 
2019/3/16, 63, 23, 32, 7, 
2019/3/17, 52, 13, 31, 9, 
2019/3/18, 27, 14, 33, 14, 
2019/3/19, 28, 13, 33, 16, 
2019/3/20, 26, 12, 31, 16, 
2019/3/21, 22, 16, 35, 21, 
2019/3/22, 35, 15, 23, 12, 
2019/3/23, 34, 15, 35, 12, 
2019/3/24, 38, 17, 33, 19, 
2019/3/25, 44, 17, 32, 17, 
2019/3/26, 35, 18, 37, 12, 
2019/3/27, 36, 18, 39, 18, 
2019/3/28, 40, 20, 40, 18, 
2019/3/29, 46, 23, 38, 19, 
2019/3/30, 49, 21, 41, 14, 
2019/3/31, 51, 18, 32, 16, 
2018/10/1, 55, 23, 32, 30, 1
2018/10/2, 43, 23, 32, 27, 
2018/10/3, 43, 26, 25, 41, 
2018/10/4, 52, 26, 37, 29, 
2018/10/5, 55, 22, 31, 22, 1
2018/10/6, 51, 17, 32, 7, 1
2018/10/7, 32, 13, 31, 21, 1
2018/10/8, 20, 16, 30, 20, 2
2018/10/9, 25, 19, 42, 19, 5
2018/10/10, 35, 15, 30, 10, 1
2018/10/11, 29, 13, 24, 14, 
2018/10/12, 31, 16, 25, 14, 1
2018/10/13, 39, 14, 30, 7, 
2018/10/14, 35, 14, 26, 13, 
2018/10/15, 28, 11, 20, 14, 
2018/10/16, 33, 10, 24, 12, 1
2018/10/17, 28, 8, 25, 10, 
2018/10/18, 19, 12, 24, 13, 1
2018/10/19, 41, 13, 24, 11, 1
2018/10/20, 35, 11, 25, 11, 
2018/10/21, 26, 16, 24, 22, 
2018/10/22, 41, 28, 23, 22, 2
2018/10/23, 62, 33, 24, 21, 1
2018/10/24, 69, 33, 21, 27, 2
2018/10/25, 67, 36, 22, 22, 1
2018/10/26, 73, 24, 29, 5, 
2018/10/27, 51, 14, 29, 4, 
2018/10/28, 20, 11, 28, 11, 
2018/10/29, 16, 8, 28, 13, 1
2018/10/30, 15, 9, 22, 16, 
2018/10/31, 20, 7, 24, 15, 
2018/11/1, 23, 12, 21, 14, 
2018/11/2, 33, 7, 23, 6, 
2018/11/3, 16, 6, 26, 16, 1
2018/11/4, 15, 6, 30, 16, 1
2018/11/5, 17, 14, 27, 22, 
2018/11/6, 29, 14, 29, 21, 
2018/11/7, 25, 25, 25, 25, 
2018/11/8, 49, 19, 26, 23, 1
2018/11/9, 40, 18, 30, 22, 
2018/11/10, 36, 12, 18, 22, 1
2018/11/11, 29, 11, 22, 22, 1
2018/11/12, 39, 12, 20, 18, 
2018/11/13, 23, 20, 12, 22, 
2018/11/14, 46, 24, 16, 16, 
2018/11/15, 55, 31, 16, 24, 
2018/11/16, 68, 33, 20, 10, 
2018/11/17, 74, 23, 27, 13, 
2018/11/18, 55, 14, 17, 26, 1
2018/11/19, 34, 6, 24, 21, 
2018/11/20, 15, 12, 26, 19, 
2018/11/21, 27, 12, 18, 31, 1
2018/11/22, 28, 22, 16, 32, 
2018/11/23, 57, 18, 26, 18, 
2018/11/24, 46, 12, 27, 8, 1
2018/11/25, 27, 18, 29, 17, 1
2018/11/26, 32, 32, 10, 36, 1
2018/11/27, 63, 37, 10, 29, 1
2018/11/28, 77, 22, 15, 25, 1
2018/11/29, 61, 19, 15, 29, 1
2018/11/30, 49, 31, 15, 32, 2
2018/12/1, 67, 33, 6, 29, 3
2018/12/2, 74, 27, 14, 22, 1
2018/12/3, 73, 16, 13, 21, 1
2018/12/4, 54, 36, 6, 29, 1
2018/12/5, 79, 25, 11, 24, 
2018/12/6, 62, 16, 19, 17, 1
2018/12/7, 43, 13, 25, 15, 
2018/12/8, 30, 20, 15, 25, 1
2018/12/9, 46, 23, 11, 20, 1
2018/12/10, 61, 18, 4, 26, 1
2018/12/11, 45, 31, 20, 24, 2
2018/12/12, 69, 21, 30, 10, 
2018/12/13, 41, 27, 21, 23, 1
2018/12/14, 46, 28, 26, 20, 1
2018/12/15, 58, 20, 27, 18, 1
2018/12/16, 51, 28, 17, 31, 2
2018/12/17, 66, 16, 18, 16, 2
2018/12/18, 39, 25, 14, 34, 1
2018/12/19, 49, 28, 11, 34, 1
2018/12/20, 57, 28, 11, 32, 2
2018/12/21, 63, 26, 13, 14, 1
2018/12/22, 61, 10, 13, 6, 1
2018/12/23, 28, 8, 9, 10, 1
2018/12/24, 29, 12, 10, 13, 
2018/12/25, 35, 23, 6, 20, 1
2018/12/26, 62, 35, 4, 20, 1
2018/12/27, 82, 25, 18, 17, 1
2018/12/28, 63, 19, 17, 13, 
2018/12/29, 52, 12, 18, 9, 
2018/12/30, 38, , , , 
2018/7/1, 33, 14, 35, 10, 1
2018/7/2, 33, 12, 29, 12, 
2018/7/3, 28, 8, 26, 8, 
2018/7/4, 22, 7, 31, 7, 
2018/7/5, 16, 7, 29, 5, 
2018/7/6, 16, 6, 23, 4, 
2018/7/7, 13, 9, 35, 4, 
2018/7/8, 22, 19, 34, 7, 
2018/7/9, 53, 20, 34, 9, 1
2018/7/10, 57, 17, 40, 7, 
2018/7/11, 51, 17, 34, 6, 
2018/7/12, 44, 18, 32, 12, 1
2018/7/13, 48, 16, 30, 8, 
2018/7/14, 39, 14, 32, 5, 
2018/7/15, 32, 13, 28, 8, 
2018/7/16, 35, 12, 27, 6, 
2018/7/17, 29, 12, 27, 7, 1
2018/7/18, 20, 11, 25, 7, 
2018/7/19, 26, 11, 29, 7, 
2018/7/20, 29, 14, 26, 7, 
2018/7/21, 36, 8, 24, 5, 
2018/7/22, 23, 10, 24, 7, 1
2018/7/23, 31, 10, 26, 9, 
2018/7/24, 25, 11, 26, 7, 
2018/7/25, 33, 9, 25, 7, 
2018/7/26, 30, 7, 23, 8, 
2018/7/27, 13, 10, 22, 7, 
2018/7/28, 17, 11, 27, 6, 1
2018/7/29, 19, 10, 17, 6, 
2018/7/30, 24, 8, 22, 5, 1
2018/7/31, 16, 10, 39, 14, 1
2018/8/1, 15, 23, 49, 25, 1
2018/8/2, 51, 35, 50, 41, 4
2018/8/3, 67, 38, 49, 33, 1
2018/8/4, 67, 60, 39, 23, 2
2018/8/5, 104, 52, 30, 32, 1
2018/8/6, 88, 30, 33, , 1
2018/8/7, 64, 10, 24, 3, 
2018/8/8, 20, 9, 24, 3, 1
2018/8/9, 18, 11, 27, 5, 1
2018/8/10, 21, 13, 30, 5, 
2018/8/11, 29, 8, 19, 4, 
2018/8/12, 23, 6, 24, 4, 
2018/8/13, 16, 8, 27, 5, 
2018/8/14, 16, 15, 31, 6, 
2018/8/15, 39, 18, 29, 5, 
2018/8/16, 48, 16, 28, 6, 1
2018/8/17, 38, 20, 47, 12, 
2018/8/18, 44, 16, 41, 12, 1
2018/8/19, 39, 15, 38, 13, 1
2018/8/20, 36, 25, 36, 21, 
2018/8/21, 58, 24, 36, 17, 
2018/8/22, 57, 23, 36, 11, 
2018/8/23, 57, 23, 41, 8, 
2018/8/24, 59, 17, 33, 4, 
2018/8/25, 45, 19, 33, 4, 1
2018/8/26, 48, 16, 28, 14, 1
2018/8/27, 41, 19, 22, 5, 1
2018/8/28, 49, 11, 28, 3, 1
2018/8/29, 27, 14, 31, 7, 
2018/8/30, 28, 19, 43, 14, 
2018/8/31, 49, 21, 43, 11, 
2018/9/1, 53, 32, 37, 11, 
2018/9/2, 74, 30, 28, 4, 1
2018/9/3, 62, 19, 30, 7, 
2018/9/4, 47, 28, 36, 9, 
2018/9/5, 54, 24, 38, 12, 
2018/9/6, 53, 26, 39, 21, 1
2018/9/7, 64, 29, 35, 11, 
2018/9/8, 65, 24, 36, 14, 
2018/9/9, 58, 18, 42, 11, 
2018/9/10, 53, 18, 41, 15, 
2018/9/11, 46, 20, 44, 19, 1
2018/9/12, 50, 20, 28, 23, 
2018/9/13, 48, 21, 30, 18, 
2018/9/14, 53, 22, 37, 18, 
2018/9/15, 59, 20, 42, 13, 1
2018/9/16, 57, 19, 24, 28, 
2018/9/17, 52, 16, 17, 9, 
2018/9/18, 34, 15, 27, 11, 
2018/9/19, 31, 13, 22, 9, 1
2018/9/20, 27, 10, 20, 8, 
2018/9/21, 23, 13, 27, 10, 
2018/9/22, 28, 17, 38, 9, 
2018/9/23, 35, 20, 37, 17, 
2018/9/24, 43, 28, 40, 31, 1
2018/9/25, 54, 32, 29, 28, 
2018/9/26, 64, 28, 41, 14, 1
2018/9/27, 57, 23, 35, 12, 
2018/9/28, 46, 22, 34, 9, 
2018/9/29, 45, 20, 31, 8, 
2018/9/30, 50, 24, 34, 18, 
2018/4/1, 32, 15, 35, 7, 
2018/4/2, 32, 17, 36, 5, 1
2018/4/3, 26, 28, 35, 11, 1
2018/4/4, 48, 24, 31, 18, 1
2018/4/5, 53, 17, 24, 13, 
2018/4/6, 40, 11, 26, 13, 
2018/4/7, 27, 11, 32, 12, 
2018/4/8, 22, 10, 32, 20, 
2018/4/9, 21, 9, 36, 9, 
2018/4/10, 21, 10, 38, 9, 
2018/4/11, 18, 11, 29, 9, 
2018/4/12, 23, 10, 26, 15, 
2018/4/13, 24, 12, 30, 12, 
2018/4/14, 27, 13, 32, 5, 
2018/4/15, 25, 19, 26, 15, 
2018/4/16, 40, 19, 26, 19, 
2018/4/17, 49, 23, 21, 21, 
2018/4/18, 62, 22, 26, 21, 
2018/4/19, 63, 24, 27, 14, 
2018/4/20, 62, 25, 26, 19, 
2018/4/21, 65, 19, 25, 10, 1
2018/4/22, 55, 30, 28, 13, 
2018/4/23, 68, 33, 31, 14, 
2018/4/24, 78, 26, 35, 4, 
2018/4/25, 68, 19, 33, 7, 
2018/4/26, 54, 17, 32, 7, 1
2018/4/27, 42, 11, 36, 12, 
2018/4/28, 29, 9, 37, 9, 1
2018/4/29, 26, 11, 34, 14, 1
2018/4/30, 28, 9, 37, 8, 
2018/5/1, 22, 9, 31, 18, 
2018/5/2, 22, 9, 35, 9, 2
2018/5/3, 23, 14, 38, 11, 1
2018/5/4, 35, 19, 37, 21, 
2018/5/5, 49, 21, 39, 20, 
2018/5/6, 55, 20, 40, 18, 
2018/5/7, 56, 24, 45, 8, 
2018/5/8, 59, 17, 36, 6, 
2018/5/9, 43, 16, 38, 6, 1
2018/5/10, 30, 19, 42, 9, 
2018/5/11, 41, 18, 40, 5, 
2018/5/12, 36, 13, 40, 4, 
2018/5/13, 27, 14, 41, 5, 
2018/5/14, 29, 12, 45, 8, 
2018/5/15, 31, 14, 51, 11, 
2018/5/16, 39, 19, 52, 15, 
2018/5/17, 51, 26, 44, 12, 
2018/5/18, 62, 29, 50, 12, 
2018/5/19, 67, 19, 53, 7, 
2018/5/20, 51, 18, 50, 9, 
2018/5/21, 53, 16, 49, 8, 
2018/5/22, 46, 15, 39, 10, 1
2018/5/23, 43, 16, 31, 16, 
2018/5/24, 48, 13, 28, 15, 1
2018/5/25, 41, 13, 31, 16, 1
2018/5/26, 39, 12, 39, 5, 
2018/5/27, 37, 11, 42, 7, 
2018/5/28, 29, 10, 36, 9, 
2018/5/29, 22, 7, 31, 8, 
2018/5/30, 20, 7, 19, 8, 
2018/5/31, 20, 7, 25, 8, 
2018/6/1, 12, 8, 28, 4, 1
2018/6/2, 12, 8, 28, 4, 
2018/6/3, 17, 5, 27, 7, 1
2018/6/4, 9, 6, 25, 6, 
2018/6/5, 8, 6, 28, 8, 
2018/6/6, 15, 7, 27, 7, 
2018/6/7, 19, 5, 24, 9, 3
2018/6/8, 12, 6, 23, 8, 
2018/6/9, 14, 7, 28, 6, 
2018/6/10, 17, 7, 28, 7, 
2018/6/11, 19, 8, 28, 6, 
2018/6/12, 21, 10, 29, 4, 
2018/6/13, 25, 15, 29, 5, 
2018/6/14, 31, 11, 24, 4, 
2018/6/15, 27, 9, 32, 3, 
2018/6/16, 21, 14, 34, 4, 
2018/6/17, 33, 17, 37, 15, 
2018/6/18, 43, 25, 36, 11, 
2018/6/19, 59, 32, 35, 23, 
2018/6/20, 70, 28, 37, 17, 
2018/6/21, 64, 18, 40, 15, 1
2018/6/22, 52, 27, 33, 19, 1
2018/6/23, 65, 28, 35, 13, 1
2018/6/24, 67, 15, 31, 7, 
2018/6/25, 41, 10, 24, 7, 
2018/6/26, 23, 7, 22, 6, 1
2018/6/27, 14, 8, 22, 6, 1
2018/6/28, 19, 10, 23, 12, 1
2018/6/29, 29, 17, 29, 11, 
2018/6/30, 46, 13, 41, 4, 
2018/1/1, 88, 33, 20, 26, 
2018/1/2, 71, 11, 16, 21, 
2018/1/3, 23, 5, 19, 18, 
2018/1/4, 16, 8, 29, 17, 
2018/1/5, 10, 6, 28, 9, 
2018/1/6, 14, 6, 31, 5, 
2018/1/7, 14, 11, 29, 18, 1
2018/1/8, 24, 23, 24, 17, 1
2018/1/9, 58, 15, 17, 22, 2
2018/1/10, 31, 21, 20, 20, 
2018/1/11, 43, 25, 5, 20, 1
2018/1/12, 59, 9, 27, 14, 
2018/1/13, 15, 8, 23, 17, 1
2018/1/14, 20, 12, 14, 21, 1
2018/1/15, 44, 26, 7, 19, 
2018/1/16, 67, , , , 
2018/1/19, 25, 18, 25, , 1
2018/1/20, 45, 6, 24, 7, 2
2018/1/21, 11, 4, 22, 10, 
2018/1/22, 8, 8, 19, 16, 
2018/1/23, 21, 15, 10, 22, 1
2018/1/24, 48, 26, 25, 18, 
2018/1/25, 65, 10, 23, 12, 1
2018/1/26, 27, 10, 25, 9, 
2018/1/27, 26, 11, 26, 10, 
2018/1/28, 30, 7, 22, 12, 1
2018/1/29, 18, 11, 20, 17, 
2018/1/30, 31, 13, 20, 17, 
2018/1/31, 41, 10, 30, 6, 1
2018/2/1, 19, 10, 29, 8, 
2018/2/2, 22, 13, 26, 11, 
2018/2/3, 36, 5, 30, 5, 1
2018/2/4, 11, 9, 24, 11, 
2018/2/5, 17, 12, 26, 9, 
2018/2/6, 27, 10, 25, 12, 1
2018/2/7, 30, 13, 26, 18, 1
2018/2/8, 41, 11, 24, 14, 1
2018/2/9, 28, 11, 30, 5, 
2018/2/10, 24, 7, 28, 10, 1
2018/2/11, 20, 8, 27, 14, 1
2018/2/12, 17, 14, 29, 23, 1
2018/2/13, 32, 11, 30, 13, 1
2018/2/14, 16, 13, 26, 19, 1
2018/2/15, 27, 22, 29, 27, 1
2018/2/16, 58, 23, 30, 24, 2
2018/2/17, 61, 12, 28, 17, 
2018/2/18, 31, 12, 23, 21, 1
2018/2/19, 37, 15, 25, 17, 
2018/2/20, 39, 13, 25, 20, 1
2018/2/21, 34, 12, 28, 19, 1
2018/2/22, 25, 18, 26, 29, 1
2018/2/23, 45, 21, 34, 22, 1
2018/2/24, 58, 28, 33, 23, 1
2018/2/25, 70, 13, 28, 16, 
2018/2/26, 37, 14, 31, 15, 
2018/2/27, 19, 14, 33, 10, 1
2018/2/28, 27, 15, 32, 13, 
2018/3/1, 30, 13, 32, 8, 
2018/3/2, 23, 18, 39, 9, 
2018/3/3, 28, 12, 33, 17, 
2018/3/4, 16, 15, 36, 10, 
2018/3/5, 20, 14, 32, 14, 
2018/3/6, 25, 19, 27, 22, 1
2018/3/7, 42, 14, 25, 14, 
2018/3/8, 28, 18, 25, 9, 
2018/3/9, 26, 17, 35, 6, 
2018/3/10, 30, 20, 34, 8, 
2018/3/11, 31, 23, 33, 9, 
2018/3/12, 45, 16, 31, 10, 
2018/3/13, 36, 10, 37, 5, 
2018/3/14, 27, 16, 36, 16, 
2018/3/15, 33, 14, 30, 14, 
2018/3/16, 30, 11, 32, 10, 
2018/3/17, 24, 8, 33, 13, 1
2018/3/18, 21, 10, 32, 14, 
2018/3/19, 25, 9, 33, 11, 
2018/3/20, 25, 9, 36, 12, 1
2018/3/21, 36, 11, 34, 12, 
2018/3/22, 34, , , 8, 
2018/3/26, 28, 7, 26, 11, 1
2018/3/27, 23, 10, 20, 8, 1
2018/3/28, 27, 8, 35, 12, 
2018/3/29, 15, 11, 38, 7, 1
2018/3/30, 18, 16, 36, 9, 
2018/3/31, 25, 17, 37, 7, 
2017/10/1, 22, 13, 27, 12, 
2017/10/2, 38, 16, 21, 15, 1
2017/10/3, 41, 14, 19, 14, 
2017/10/4, 41, 17, 26, 9, 
2017/10/5, 53, 21, 9, 18, 1
2017/10/6, 51, , , , 
2017/10/8, 78, 46, 25, 41, 1
2017/10/9, 99, 45, 30, 46, 2
2017/10/10, 96, 52, 37, 38, 1
2017/10/11, 124, 41, 27, 20, 1
2017/10/12, 85, 29, 14, 28, 1
2017/10/13, 64, 40, 20, 30, 2
2017/10/14, 76, 50, 35, 18, 
2017/10/15, 100, 51, 31, 15, 1
2017/10/16, 87, 23, 28, 14, 
2017/10/17, 64, 8, 23, 14, 
2017/10/18, 13, 11, 18, 18, 
2017/10/19, 28, 9, 13, 16, 
2017/10/20, 32, 10, 28, 7, 1
2017/10/21, 19, 14, 29, 7, 
2017/10/22, 32, 18, 25, 28, 1
2017/10/23, 43, 17, 26, 30, 1
2017/10/24, 45, 28, 28, 21, 1
2017/10/25, 63, 21, 27, 24, 6
2017/10/26, 48, 34, 23, 30, 
2017/10/27, 83, 51, 22, 25, 1
2017/10/28, 110, 17, 29, 17, 
2017/10/29, 49, 18, 23, 24, 1
2017/10/30, 53, 15, 23, 26, 2
2017/10/31, 44, 29, 27, 16, 
2017/11/1, 75, 13, 21, 17, 1
2017/11/2, 39, 10, 25, 15, 
2017/11/3, 26, 8, 27, 9, 
2017/11/4, 17, 8, 31, 4, 1
2017/11/5, 19, 6, 22, 17, 2
2017/11/6, 15, 14, 25, 17, 1
2017/11/7, 35, 10, 25, 9, 
2017/11/8, 23, 8, 25, 14, 1
2017/11/9, 26, 18, 15, 20, 1
2017/11/10, 54, 16, 18, , 2
2017/11/11, 53, 10, 28, 5, 1
2017/11/12, 26, 5, 26, 12, 
2017/11/13, 15, 9, 24, 26, 2
2017/11/14, 23, 27, 16, 30, 1
2017/11/15, 64, 34, 19, 32, 
2017/11/16, 77, 32, 17, 38, 1
2017/11/17, 75, 42, 15, 37, 2
2017/11/18, 93, 40, 18, 34, 1
2017/11/19, 88, 30, 15, 39, 2
2017/11/20, 74, 37, 18, 23, 2
2017/11/21, 78, 24, 25, 15, 1
2017/11/22, 60, 27, 26, 9, 1
2017/11/23, 57, 14, 26, 21, 
2017/11/24, 33, 32, 3, 19, 1
2017/11/25, 71, 51, 14, 12, 
2017/11/26, 68, 12, 14, 17, 1
2017/11/27, 22, 13, 6, 15, 2
2017/11/28, 41, 14, 22, 11, 
2017/11/29, 46, 13, 22, 17, 1
2017/11/30, 36, 11, 26, 11, 1
2017/12/1, 38, 8, 24, 17, 1
2017/12/2, 31, 26, 22, 21, 
2017/12/3, 67, 18, 17, 19, 1
2017/12/4, 46, 14, 17, 23, 10
2017/12/5, 45, 28, 11, 33, 1
2017/12/6, 74, 47, 8, 39, 1
2017/12/7, 101, 55, 2, 30, 
2017/12/8, 132, 10, 18, 17, 
2017/12/9, 26, 11, 29, 8, 
2017/12/10, 29, 11, 29, 12, 
2017/12/11, 18, 19, 22, 21, 
2017/12/12, 45, 21, 17, 24, 
2017/12/13, 52, 14, 17, 20, 
2017/12/14, 34, 5, 23, 11, 
2017/12/15, 7, 12, 23, 10, 1
2017/12/16, 21, 14, 20, 19, 
2017/12/17, 39, 16, 14, 22, 1
2017/12/18, 50, 25, 9, 29, 1
2017/12/19, 64, 21, 12, 26, 
2017/12/20, 60, 31, 11, 31, 4
2017/12/21, 73, 41, 13, 25, 1
2017/12/22, 95, 16, 15, 17, 
2017/12/23, 54, 15, 14, 13, 1
2017/12/24, 51, 17, 23, 13, 
2017/12/25, 49, 16, 25, 19, 
2017/12/26, 33, 16, 29, 11, 1
2017/12/27, 30, 8, 26, 9, 1
2017/12/28, 13, 11, 21, 19, 1
2017/12/29, 29, 15, 14, 22, 1
2017/12/30, 37, 13, 28, 10, 
2017/12/31, 36, 41, 18, 27, 1
2017/7/1, 25, 11, 36, 7, 
2017/7/2, 26, 14, 54, 14, 1
2017/7/3, 45, 25, 35, 15, 29
2017/7/4, 68, 10, 17, 5, 
2017/7/5, 25, 3, 21, 6, 
2017/7/6, 11, 9, 34, 5, 1
2017/7/7, 26, 10, 33, 4, 
2017/7/8, 28, 9, 27, 2, 
2017/7/9, 23, 6, 20, 3, 
2017/7/10, 13, 12, 25, 5, 
2017/7/11, 28, 6, 24, 7, 
2017/7/12, 23, 13, 28, 10, 
2017/7/13, 43, 16, 27, 7, 
2017/7/14, 47, 19, 34, 7, 
2017/7/15, 50, 18, 42, 8, 1
2017/7/16, 57, 21, 30, 11, 1
2017/7/17, 59, 14, 26, 5, 
2017/7/18, 38, 6, 20, 5, 
2017/7/19, 20, 8, 24, 4, 
2017/7/20, 16, 11, 20, 4, 
2017/7/21, 21, 12, 21, 3, 
2017/7/22, 30, 12, 22, 2, 
2017/7/23, 29, 6, 21, 3, 
2017/7/24, 25, 13, 32, 6, 1
2017/7/27, 44, 5, 17, 6, 1
2017/7/28, 14, 6, 14, 4, 1
2017/7/29, 17, 3, 23, 2, 
2017/7/30, 8, 12, 22, 5, 
2017/7/31, 25, 11, 25, 5, 
2017/8/1, 15, 7, 27, 5, 
2017/8/2, 19, 8, 19, 5, 
2017/8/3, 18, 8, 14, 4, 
2017/8/4, 30, 6, 24, 3, 
2017/8/5, 16, 19, 29, 3, 1
2017/8/6, 36, 20, 28, 4, 
2017/8/7, 46, 12, 28, 4, 1
2017/8/8, 27, 11, 31, 4, 
2017/8/9, 22, 21, 37, 10, 
2017/8/10, 56, 22, 41, 15, 1
2017/8/11, 63, 29, 57, 15, 1
2017/8/12, 66, 17, 46, 8, 1
2017/8/13, 53, 12, 22, 6, 
2017/8/14, 39, 5, 23, 3, 1
2017/8/15, 17, 10, 22, 5, 2
2017/8/16, 11, 7, 15, 5, 
2017/8/17, 19, 5, 21, 4, 
2017/8/18, 15, 7, 33, 5, 
2017/8/19, 26, 19, 46, 13, 
2017/8/20, 53, 39, 35, 16, 1
2017/8/21, 77, 22, 29, 17, 
2017/8/22, 53, 19, 22, 9, 1
2017/8/23, 56, 5, 25, 6, 1
2017/8/24, 14, 9, 29, 10, 
2017/8/25, 25, 8, 22, 10, 1
2017/8/26, 18, 7, 25, 6, 
2017/8/27, 16, 10, 19, 13, 1
2017/8/28, 24, 15, 30, 11, 
2017/8/29, 50, 10, 31, 8, 
2017/8/30, 38, 10, 29, 6, 8
2017/8/31, 25, 16, 34, 7, 1
2017/9/1, 45, 18, 45, , 2
2017/9/2, 55, 11, 33, 5, 
2017/9/3, 34, 5, 22, 6, 
2017/9/4, 16, 4, 22, 5, 
2017/9/5, 18, , , , 
2017/9/10, 22, 7, 20, 5, 
2017/9/11, 20, 11, 20, 5, 1
2017/9/12, 26, 5, 17, 5, 
2017/9/13, 21, 8, 29, 5, 
2017/9/14, 15, 16, 26, 5, 12
2017/9/15, 37, 10, 29, 4, 
2017/9/16, 23, 5, 29, 4, 
2017/9/17, 14, 13, 26, 13, 
2017/9/18, 28, 13, 25, 9, 
2017/9/19, 34, 11, 30, 14, 
2017/9/20, 30, 10, 25, 7, 1
2017/9/21, 26, 11, 28, 9, 1
2017/9/22, 24, 14, 30, 11, 
2017/9/23, 35, 11, 27, 14, 
2017/9/24, 34, 9, 26, 9, 1
2017/9/25, 23, 10, 28, 12, 1
2017/9/26, 20, 15, 23, 16, 
2017/9/27, 39, 15, 17, 15, 
2017/9/28, 35, 14, 18, 16, 1
2017/9/29, 40, 9, 31, 5, 
2017/9/30, 26, 9, 30, 6, 
2017/4/1, 31, 9, 34, 6, 
2017/4/2, 16, 13, 34, 12, 
2017/4/3, 39, 15, 36, 11, 1
2017/4/4, 50, 18, 32, 16, 
2017/4/5, 51, 9, 33, 14, 1
2017/4/6, 25, 19, 37, 19, 1
2017/4/7, 53, 26, 45, 21, 1
2017/4/8, 58, 24, 36, 17, 
2017/4/9, 54, 17, 36, 14, 1
2017/4/10, 47, 32, 41, 20, 1
2017/4/11, 67, 30, 42, 26, 1
2017/4/12, 71, 24, 31, 13, 1
2017/4/13, 70, 9, 28, 6, 
2017/4/14, 33, 10, 27, 5, 1
2017/4/15, 25, 10, 34, 5, 
2017/4/16, 21, 10, 30, 15, 2
2017/4/17, 37, 37, 26, 16, 
2017/4/18, 74, 32, 40, 10, 
2017/4/19, 60, 38, 34, 8, 1
2017/4/20, 71, 27, 42, 8, 
2017/4/21, 51, 27, 40, 9, 1
2017/4/22, 56, 22, 42, 8, 1
2017/4/23, 47, 31, 40, 11, 1
2017/4/24, 73, 23, 37, 4, 
2017/4/25, 55, 20, 32, 10, 1
2017/4/26, 31, , 34, 8, 1
2017/4/27, 39, 12, 30, 9, 1
2017/4/28, 40, 6, 39, 8, 1
2017/4/29, 17, 12, 34, 3, 
2017/4/30, 24, 14, 35, 10, 1
2017/5/1, 26, 12, 37, 12, 29
2017/5/2, 33, 23, 40, 22, 
2017/5/3, 56, 35, 35, 19, 2
2017/5/4, 70, 8, 33, 7, 1
2017/5/5, 13, 9, 32, 8, 
2017/5/6, 28, 11, 34, 13, 
2017/5/7, 31, 16, 37, 17, 1
2017/5/8, 38, 13, 27, 14, 
2017/5/9, 42, 13, 30, 6, 1
2017/5/10, 21, 11, 32, 5, 
2017/5/11, 22, 10, 29, 7, 
2017/5/12, 24, 13, 29, 10, 
2017/5/13, 30, 8, 24, 6, 
2017/5/14, 23, 10, 26, 10, 
2017/5/15, 25, 16, 26, 12, 
2017/5/16, 38, 13, 27, 7, 1
2017/5/17, 105, 10, 31, 4, 
2017/5/18, 141, , , , 
2017/5/21, 64, 31, 31, 8, 
2017/5/22, 64, 21, 39, 9, 
2017/5/23, 53, 32, 40, 13, 1
2017/5/24, 71, 29, 44, 14, 1
2017/5/25, 65, 28, 27, 7, 
2017/5/26, 61, 18, 26, 9, 
2017/5/27, 39, 10, 20, 4, 
2017/5/28, 24, 10, 21, 8, 1
2017/5/29, 20, 7, 24, 5, 1
2017/5/30, 23, 13, 28, 7, 1
2017/5/31, 31, 15, 28, 7, 
2017/6/1, 43, 11, 26, 5, 
2017/6/2, 35, 10, 29, 3, 1
2017/6/3, 18, 11, 28, 2, 
2017/6/4, 22, 9, 27, 4, 
2017/6/5, 19, 8, 28, 5, 
2017/6/6, 13, 15, 37, 10, 1
2017/6/7, 40, 17, 27, 11, 
2017/6/8, 41, 7, 26, 5, 
2017/6/9, 14, 10, 24, 5, 
2017/6/10, 21, 7, 19, 2, 1
2017/6/11, 22, 21, 28, 9, 
2017/6/12, 51, 19, 37, 8, 
2017/6/13, 56, 33, 30, 10, 
2017/6/14, 68, 20, 32, 4, 
2017/6/15, 52, 24, 30, 14, 
2017/6/16, 57, 29, 46, 13, 1
2017/6/17, 63, 31, 50, 18, 1
2017/6/18, 74, 32, 42, 14, 1
2017/6/19, 77, 35, 36, 12, 
2017/6/20, 79, 32, 25, 7, 
2017/6/21, 74, 21, 22, 6, 
2017/6/22, 52, 16, 21, 7, 
2017/6/23, 43, 7, 22, 5, 1
2017/6/24, 20, 10, 24, 4, 
2017/6/25, 24, 9, 20, 8, 
2017/6/26, 21, 6, 16, 6, 
2017/6/27, 17, 7, 25, 5, 
2017/6/28, 16, 13, 24, 5, 1
2017/6/29, 21, 14, 24, 6, 
2017/6/30, 26, 12, 30, 4, 2
2017/1/2, 30, 26, 23, 17, 
2017/1/3, 55, 27, 7, 15, 1
2017/1/4, 48, 15, 7, 16, 
2017/1/5, 37, 12, 10, 15, 21
2017/1/6, 30, 12, 13, 21, 1
2017/1/7, 40, 27, 17, 19, 
2017/1/8, 72, 26, 12, 25, 1
2017/1/9, 71, 14, 26, 11, 
2017/1/10, 34, 11, 25, 18, 1
2017/1/11, 33, 20, 7, 21, 
2017/1/12, 57, 13, 27, 11, 
2017/1/13, 24, 9, 26, 13, 
2017/1/14, 19, 17, 20, 15, 
2017/1/15, 50, 16, 16, 23, 1
2017/1/16, 49, 25, 16, 25, 1
2017/1/17, 63, 9, 26, 17, 1
2017/1/18, 23, 17, 19, 21, 1
2017/1/19, 49, 28, 12, 30, 1
2017/1/20, 71, 31, 2, 25, 
2017/1/21, 73, 21, 30, 22, 1
2017/1/22, 58, 20, 28, 19, 1
2017/1/23, 55, 21, 17, 34, 1
2017/1/24, 56, 34, 6, 34, 
2017/1/25, 82, 11, 28, 20, 1
2017/1/26, 24, 10, 30, 18, 
2017/1/27, 19, 19, 26, 27, 
2017/1/28, 48, 15, 27, 10, 
2017/1/29, 36, 10, 26, 15, 
2017/1/30, 13, 13, 22, 16, 1
2017/1/31, 23, 14, 28, 18, 1
2017/2/1, 24, 18, 28, 12, 1
2017/2/2, 23, 35, 33, 6, 
2017/2/3, 55, 25, 28, 5, 
2017/2/4, 30, 24, 33, 11, 
2017/2/5, 30, 41, 26, 20, 
2017/2/6, 61, 15, 29, 11, 1
2017/2/7, 23, 19, 40, 25, 8
2017/2/8, 27, 26, 25, 19, 2
2017/2/9, 62, 9, 26, 19, 
2017/2/10, 16, 2, 24, 5, 1
2017/2/11, 10, 3, 29, 11, 
2017/2/12, 7, 14, 27, 14, 1
2017/2/13, 34, 16, 30, 17, 1
2017/2/14, 29, 12, 18, 17, 1
2017/2/15, 30, 14, 22, 21, 1
2017/2/16, 31, 17, 22, 20, 1
2017/2/17, 44, 19, 28, 19, 1
2017/2/18, 46, 6, 29, 10, 
2017/2/19, 9, 14, 26, 16, 
2017/2/20, 39, 11, 25, 23, 
2017/2/21, 39, 22, 21, 22, 
2017/2/22, 56, 36, 25, 12, 1
2017/2/23, 70, 14, 25, 9, 
2017/2/24, 20, 21, 25, 10, 
2017/2/25, 44, 10, , 9, 
2017/2/26, 15, 7, , 13, 
2017/2/27, 9, 11, 29, 12, 
2017/2/28, 13, 17, 17, 24, 2
2017/3/1, 28, 12, 26, 23, 
2017/3/2, 25, 6, 30, 14, 1
2017/3/3, 21, 7, 29, 9, 
2017/3/4, 15, 7, 27, 8, 
2017/3/9, 50, 25, 24, 24, 1
2017/3/10, 58, 23, 36, 8, 1
2017/3/11, 54, 14, 35, 3, 1
2017/3/12, 29, 16, 34, 6, 
2017/3/13, 22, 9, 27, 10, 1
2017/3/14, 29, 17, 23, 13, 
2017/3/30, 58, 16, 33, 12, 
2017/3/31, 24, 13, 34, 9, 
2016/10/1, 26, 7, 29, 8, 
2016/10/2, 15, 8, 33, 16, 2
2016/10/3, 16, 10, 22, 16, 1
2016/10/4, 28, 11, 35, 14, 1
2016/10/5, 29, 16, 31, 15, 
2016/10/6, 47, 19, 25, 17, 
2016/10/7, 48, 11, 27, 6, 
2016/10/8, 37, 13, 31, 5, 1
2016/10/9, 29, 22, 29, 16, 
2016/10/10, 53, 16, 28, 19, 
2016/10/11, 36, 7, 22, 16, 1
2016/10/12, 14, 11, 25, 19, 
2016/10/13, 33, 20, 32, 21, 
2016/10/14, 44, 20, 28, 16, 
2016/10/15, 52, 14, 23, 15, 
2016/10/16, 40, 20, 20, 22, 1
2016/10/17, 56, 13, 18, 20, 
2016/10/18, 43, 23, 19, 24, 1
2016/10/19, 59, 22, 22, 21, 1
2016/10/20, 65, 24, 17, 21, 
2016/10/21, 67, 10, 20, 10, 
2016/10/22, 37, 9, 28, 6, 1
2016/10/23, 11, 7, 24, 10, 
2016/10/24, 15, 9, 21, 9, 
2016/10/25, 25, 19, 15, 19, 
2016/10/26, 42, 52, 15, 18, 50
2016/10/27, 93, 52, 19, 21, 
2016/10/28, 88, 41, 22, 14, 
2016/10/29, 78, 24, 31, 19, 
2016/10/30, 59, 23, 24, 28, 
2016/10/31, 65, 25, 29, 15, 
2016/11/1, 60, 19, 18, 15, 
2016/11/2, 47, 14, 18, 16, 
2016/11/3, 38, 27, 19, 15, 
2016/11/4, 62, 7, 21, 13, 1
2016/11/5, 20, 18, 25, 16, 1
2016/11/6, 32, 8, 26, 16, 
2016/11/7, 18, 16, 21, 25, 1
2016/11/8, 51, 11, 25, 19, 
2016/11/9, 34, 16, 21, 23, 1
2016/11/10, 34, 25, 4, 33, 
2016/11/11, 54, 21, 18, 20, 
2016/11/12, 52, 8, 17, 12, 
2016/11/13, 18, 6, 21, 13, 
2016/11/14, 18, 8, 24, 12, 
2016/11/15, 20, 11, 20, 23, 1
2016/11/16, 31, 28, 14, 25, 1
2016/11/17, 71, 16, 13, 25, 
2016/11/18, 40, 19, 28, 18, 1
2016/11/19, 37, 6, 24, 6, 
2016/11/20, 15, 12, 28, 21, 
2016/11/21, 23, 14, 13, 22, 
2016/11/22, 34, 9, 22, 16, 
2016/11/23, 27, 10, 24, 19, 1
2016/11/24, 20, 7, 26, 16, 
2016/11/25, 13, 9, 21, 13, 
2016/11/26, 24, 5, 21, 10, 1
2016/11/27, 13, 11, 15, 23, 
2016/11/28, 36, 23, 13, 12, 1
2016/11/29, 61, 9, 29, 14, 1
2016/11/30, 27, 11, 19, 10, 1
2016/12/1, 20, 5, 15, 10, 
2016/12/2, 15, 6, 20, 12, 1
2016/12/3, 12, 10, 27, 5, 
2016/12/4, 19, 8, 18, 20, 1
2016/12/5, 16, 17, 12, 24, 2
2016/12/6, 41, 25, 8, 19, 1
2016/12/7, 62, 12, 8, 9, 1
2016/12/8, 44, 12, , 14, 
2016/12/9, 34, 15, , 15, 1
2016/12/10, 36, 17, 14, 18, 1
2016/12/11, 47, 21, 9, 25, 1
2016/12/12, 59, 31, 5, 20, 
2016/12/13, 65, 12, 28, 16, 1
2016/12/14, 20, 24, 22, 27, 
2016/12/15, 43, 7, 28, 9, 
2016/12/16, 14, 11, 19, 12, 
2016/12/17, 33, 5, 21, 14, 
2016/12/18, 13, 11, 17, 23, 1
2016/12/19, 38, 23, 15, 21, 1
2016/12/20, 59, 28, 12, 25, 
2016/12/21, 71, 31, 11, 27, 
2016/12/22, 70, 17, 8, 22, 
2016/12/23, 40, 19, 12, 17, 
2016/12/24, 54, 10, 15, 14, 1
2016/12/25, 26, 12, 12, 21, 2
2016/12/26, 46, 23, 10, 22, 1
2016/12/27, 61, 25, 10, 20, 
2016/12/28, 61, 13, 14, 18, 1
2016/12/29, 43, 17, 13, 25, 1
2016/12/30, 48, 26, , 20, 1
2016/12/31, 69, 17, 11, 18, 
2017/1/1, 41, 14, 24, 8, 
2016/7/1, 10, 9, 26, 4, 1
2016/7/2, 25, 17, 42, 7, 2
2016/7/3, 43, 25, 22, 13, 
2016/7/4, 60, 21, 33, 15, 
2016/7/5, 59, 18, 25, 14, 
2016/7/6, 48, 29, 43, 15, 1
2016/7/7, 62, 14, 29, 8, 
2016/7/8, 35, 7, 37, 7, 
2016/7/9, 22, 8, 17, 2, 1
2016/7/10, 17, 10, 21, 4, 
2016/7/11, 20, 12, 28, 4, 
2016/7/12, 26, 13, 36, 7, 
2016/7/13, 32, 17, 45, 13, 
2016/7/14, 46, 19, 55, 16, 
2016/7/15, 52, 28, 75, 19, 1
2016/7/16, 69, 10, 51, 9, 1
2016/7/17, 32, 18, 38, 12, 
2016/7/18, 52, 26, 38, 11, 1
2016/7/19, 58, 15, 31, 6, 1
2016/7/20, 32, 8, 32, 4, 5
2016/7/21, 21, 7, 23, 4, 1
2016/7/22, 17, 14, 38, 6, 
2016/7/23, 37, 13, 49, 11, 
2016/7/24, 35, 20, 54, 15, 1
2016/7/25, 56, 18, 25, 8, 
2016/7/26, 48, 20, 33, 7, 
2016/7/27, 49, 24, 40, 11, 
2016/7/28, 52, 36, 36, 22, 1
2016/7/29, 74, 23, 35, 4, 
2016/7/30, 57, 9, 25, 3, 
2016/7/31, 26, 12, 28, 6, 
2016/8/1, 23, 19, 31, 9, 
2016/8/2, 43, 14, 19, 4, 
2016/8/3, 34, 6, 14, 3, 
2016/8/4, 17, 7, 30, 6, 
2016/8/5, 12, 15, 48, 11, 1
2016/8/6, 45, 18, 60, 11, 1
2016/8/7, 53, 32, 45, 18, 1
2016/8/8, 80, 46, 43, 18, 1
2016/8/9, 101, 33, 50, 9, 
2016/8/10, 70, 52, 47, 11, 
2016/8/11, 125, 59, 55, 17, 1
2016/8/12, 135, 50, 70, 15, 1
2016/8/13, 115, 25, 39, 4, 
2016/8/14, 66, 23, 40, 5, 
2016/8/15, 63, 16, 34, 7, 
2016/8/16, 51, 13, 22, 4, 
2016/8/17, 29, 8, 25, 6, 
2016/8/18, 15, 16, 10, 9, 
2016/8/19, 43, 10, 27, 3, 
2016/8/20, 16, 13, 42, 5, 
2016/8/21, 36, 22, 42, 21, 1
2016/8/22, 56, 26, 37, 16, 
2016/8/23, 64, 13, 27, 8, 
2016/8/24, 40, 20, 28, 7, 
2016/8/25, 53, 9, 35, 8, 
2016/8/26, 32, 19, 39, 8, 
2016/8/27, 56, 8, 22, 3, 
2016/8/28, 24, 14, 28, 7, 1
2016/8/29, 32, 16, 28, 6, 
2016/8/30, 36, 20, 30, 6, 
2016/8/31, 49, 22, 38, 13, 
2016/9/1, 57, 22, 37, 15, 
2016/9/2, 62, 29, 50, 24, 
2016/9/3, 65, 32, 42, 25, 
2016/9/4, 68, 28, 47, 22, 2
2016/9/5, 56, 51, 50, 27, 1
2016/9/6, 98, 42, 29, 14, 
2016/9/7, 90, 10, 26, 5, 
2016/9/8, 15, 7, 23, 5, 
2016/9/9, 17, 8, 22, 4, 
2016/9/10, 17, 4, 19, 5, 
2016/9/11, 13, 8, 16, 13, 
2016/9/12, 23, 7, 22, 7, 
2016/9/13, 18, 8, 22, 9, 
2016/9/14, 14, 8, 21, 11, 
2016/9/15, 19, , , , 
2016/9/18, 26, 15, 31, 14, 
2016/9/19, 45, 19, 27, 9, 
2016/9/20, 54, 14, 26, 7, 
2016/9/21, 30, 8, 24, 9, 
2016/9/22, 20, 7, 22, 11, 
2016/9/23, 20, 9, 18, 11, 
2016/9/24, 23, 7, 24, 4, 
2016/9/25, 17, 15, 25, 7, 
2016/9/26, 42, 7, 28, 10, 
2016/9/27, 25, 15, 28, 18, 
2016/9/28, 36, 23, 34, 14, 
2016/9/29, 57, 26, 35, 19, 1
2016/9/30, 59, 11, 27, 5, 
2016/4/1, 17, 13, 34, 15, 
2016/4/2, 26, 10, 35, 8, 1
2016/4/3, 15, 5, 31, 10, 
2016/4/4, 9, 10, 34, 7, 1
2016/4/5, 20, 13, 55, 8, 
2016/4/6, 36, 12, 33, 8, 
2016/4/7, 38, 15, 35, 7, 
2016/4/8, 39, 10, 33, 11, 1
2016/4/9, 23, 5, 34, 5, 
2016/4/10, 15, 12, 32, 12, 
2016/4/11, 31, 9, 35, 8, 
2016/4/12, 14, 11, 35, 10, 
2016/4/13, 13, 14, 34, 6, 
2016/4/14, 12, 12, 28, 6, 
2016/4/15, 7, 9, 35, 5, 1
2016/4/17, 9, 5, 27, 11, 1
2016/4/18, 7, 12, 36, 8, 2
2016/4/19, 27, 20, 35, 8, 
2016/4/20, 34, 14, 33, 8, 
2016/4/21, 22, 8, 32, 9, 
2016/4/22, 24, 8, 32, 8, 
2016/4/23, 21, 6, 35, 5, 
2016/4/24, 17, 7, 34, 6, 
2016/4/25, 20, 12, 36, 10, 
2016/4/26, 34, 13, 35, 7, 
2016/4/27, 35, 10, 35, 8, 
2016/4/28, 32, 16, 34, 14, 
2016/4/29, 48, 17, 35, 5, 1
2016/4/30, 41, 13, 34, 6, 1
2016/5/1, 33, 9, 38, 12, 
2016/5/2, 26, 15, 41, 17, 
2016/5/3, 37, 22, 43, 13, 1
2016/5/4, 50, 20, 29, 16, 
2016/5/5, 44, 14, 35, 13, 1
2016/5/6, 37, 8, 33, 6, 
2016/5/7, 13, 16, 37, 3, 
2016/5/8, 46, 11, 37, 7, 
2016/5/9, 24, 8, 39, 7, 
2016/5/10, 11, 6, 36, 11, 
2016/5/11, 9, 6, 35, 11, 1
2016/5/12, 14, 9, 31, 10, 
2016/5/13, 19, 10, 42, 7, 
2016/5/14, 17, 9, 44, 4, 1
2016/5/15, 22, 15, 43, 10, 
2016/5/16, 50, 20, 44, 7, 
2016/5/17, 54, 15, 40, 6, 1
2016/5/18, 40, 10, 31, 6, 
2016/5/19, 28, 8, 34, 9, 
2016/5/20, 26, 12, 25, 10, 
2016/5/21, 41, 7, 31, 4, 
2016/5/22, 15, 9, 31, 14, 2
2016/5/23, 25, 11, 32, 10, 
2016/5/24, 31, 14, 33, 8, 
2016/5/25, 26, 14, 41, 9, 1
2016/5/26, 31, 13, 34, 5, 
2016/5/27, 34, 10, 32, 6, 
2016/5/28, 18, 14, 32, 8, 
2016/5/29, 22, 11, 36, 10, 
2016/5/30, 23, 8, 34, 7, 
2016/5/31, 17, 13, 39, 13, 
2016/6/1, 38, 14, 37, 18, 1
2016/6/2, 43, 13, 39, 7, 1
2016/6/3, 37, 8, 27, 7, 
2016/6/4, 25, 9, 24, 8, 
2016/6/5, 26, 9, 27, 10, 
2016/6/6, 24, 10, 32, 10, 
2016/6/7, 25, 10, 34, 17, 1
2016/6/8, 31, 10, 23, 7, 
2016/6/9, 30, 8, 31, 3, 
2016/6/10, 9, 7, 27, 3, 1
2016/6/11, 16, 4, 27, 2, 1
2016/6/12, 6, 6, 16, 3, 
2016/6/13, 8, 9, 22, 5, 1
2016/6/14, 12, 11, 23, 6, 
2016/6/15, 14, 11, 22, 6, 
2016/6/16, 19, 10, 23, 10, 
2016/6/17, 19, , , , 
2016/6/19, 20, 13, 30, 9, 1
2016/6/20, 27, 9, 32, 11, 1
2016/6/21, 23, 16, 34, 10, 1
2016/6/22, 36, 12, 17, 7, 
2016/6/23, 31, 5, 23, 5, 
2016/6/28, 47, 16, 25, 5, 2
2016/6/29, 30, 15, 24, 5, 
2016/6/30, 25, 5, 25, 5, 1
2016/1/4, 18, 9, 28, 15, 1
2016/1/5, 15, 15, 25, 20, 
2016/1/6, 40, 7, 28, 8, 
2016/1/7, 10, 7, 27, 9, 
2016/1/8, 6, 13, 28, 15, 
2016/1/9, 27, 18, 32, 2, 
2016/1/10, 31, 13, 30, 20, 1
2016/1/11, 24, 33, 11, 38, 1
2016/1/12, 62, 22, 12, 25, 
2016/1/13, 54, 20, 21, 18, 
2016/1/14, 49, 11, 27, 16, 
2016/1/15, 24, 7, 24, 11, 
2016/1/16, 25, 5, 17, 15, 1
2016/1/17, 15, 32, 21, 25, 1
2016/1/18, 76, 20, 26, 19, 
2016/1/19, 47, 13, 24, 22, 
2016/1/20, 29, 11, 17, 19, 1
2016/1/21, 26, 8, 4, 14, 
2016/1/22, 22, 7, 10, 13, 1
2016/1/23, 15, 13, 26, 5, 
2016/1/24, 33, 21, 34, 20, 
2016/1/25, 42, 20, 23, 28, 
2016/1/26, 39, 25, 18, 24, 
2016/1/27, 60, 13, 23, 13, 
2016/1/28, 33, 12, 26, 11, 
2016/1/29, 23, 13, 28, 14, 
2016/1/30, 32, 9, 28, 9, 
2016/1/31, 12, 11, 25, 15, 
2016/2/1, 27, 15, 27, 13, 
2016/2/2, 36, 9, 27, 13, 1
2016/2/3, 19, 7, 23, 13, 
2016/2/4, 20, 8, 23, 22, 1
2016/2/5, 20, 30, 30, 15, 
2016/2/6, 75, 20, 31, 11, 1
2016/2/7, 35, 20, 28, 13, 
2016/2/8, 44, 8, 28, 8, 
2016/2/9, 17, 9, 26, 12, 
2016/2/10, 18, 2, 24, 11, 
2016/2/11, 6, 5, 22, 8, 
2016/2/12, 14, 7, 23, 6, 
2016/2/13, 23, 18, 35, 3, 
2016/2/14, 38, 16, 33, 7, 1
2016/2/15, 37, 8, 28, 13, 1
2016/2/16, 30, 25, 25, 25, 
2016/2/17, 53, 7, 35, 12, 
2016/2/18, 18, 10, 28, 13, 12
2016/2/19, 28, 10, 26, 17, 
2016/2/20, 28, 13, 27, 14, 1
2016/2/21, 39, 63, 25, 20, 1
2016/2/22, 115, 18, 26, 23, 
2016/2/23, 45, 22, 29, 14, 
2016/2/24, 51, 13, 31, 19, 
2016/2/25, 33, 4, 29, 9, 
2016/2/26, 8, 5, 33, 6, 1
2016/2/27, 14, 11, 33, 4, 
2016/2/28, 22, 13, 31, 11, 
2016/2/29, 39, 24, 30, 15, 
2016/3/1, 55, 5, 25, 8, 
2016/3/2, 19, 11, 35, 8, 
2016/3/3, 27, 10, 31, 8, 
2016/3/4, 14, 14, 30, 11, 1
2016/3/5, 34, 7, 30, 7, 
2016/3/6, 19, 9, 31, 6, 
2016/3/7, 13, 9, 30, 9, 
2016/3/8, 20, 13, 29, 12, 
2016/3/9, 18, 16, 33, 8, 
2016/3/10, 26, 16, 30, 13, 
2016/3/11, 31, 16, 32, 19, 1
2016/3/12, 45, 15, 34, 16, 
2016/3/13, 47, 19, 33, 21, 1
2016/3/14, 53, 17, 27, 20, 
2016/3/15, 42, 15, 30, 18, 
2016/3/16, 42, 18, 36, 21, 
2016/3/17, 53, 12, 24, 18, 1
2016/3/18, 29, 9, 29, 13, 
2016/3/19, 15, 4, 28, 15, 
2016/3/20, 20, 5, 26, 16, 
2016/3/21, 15, 10, 31, 9, 
2016/3/22, 24, 10, 33, 9, 
2016/3/23, 20, 18, 36, 9, 
2016/3/24, 49, 13, 33, 14, 
2016/3/25, 33, 9, 27, 7, 
2016/3/26, 20, 16, 28, 12, 
2016/3/27, 33, 16, 31, 7, 
2016/3/28, 31, 14, 33, 12, 1
2016/3/29, 29, 10, 33, 16, 
2016/3/30, 27, 8, 32, 8, 
2016/3/31, 14, 11, 31, 13, 
2015/10/1, 53, 21, 27, 17, 
2015/10/2, 52, 20, 29, 15, 1
2015/10/3, 52, 24, 24, 4, 
2015/10/4, 58, 30, 24, 5, 
2015/10/5, 61, 19, 22, 14, 
2015/10/6, 29, 10, 28, 11, 1
2015/10/7, 15, 9, 28, 11, 
2015/10/8, 14, 18, 26, 18, 1
2015/10/9, 41, 9, 26, 8, 1
2015/10/10, 18, 5, 22, 5, 
2015/10/11, 7, 10, 25, 11, 1
2015/10/12, 16, 10, 19, 11, 
2015/10/13, 21, 12, 26, 17, 
2015/10/14, 28, 19, 27, 24, 
2015/10/15, 47, 27, 1, 39, 
2015/10/16, 65, 16, 30, 6, 
2015/10/18, 22, 7, 21, 11, 1
2015/10/19, 11, 6, 21, 11, 4
2015/10/20, 10, 6, 26, 18, 1
2015/10/21, 22, 14, 27, 24, 1
2015/10/22, 34, 30, 10, 35, 1
2015/10/23, 70, 33, 22, 15, 
2015/10/24, 74, 13, 17, 14, 1
2015/10/25, 34, 10, 26, 14, 
2015/10/26, 23, 11, 25, 20, 
2015/10/27, 26, 14, 28, 14, 
2015/10/28, 26, 11, 29, 11, 
2015/10/29, 12, 11, 27, 10, 
2015/10/30, 21, 7, 34, 13, 
2015/10/31, 9, 10, 24, 13, 
2015/11/1, 20, 6, 27, 12, 
2015/11/2, 11, 20, 25, 19, 1
2015/11/3, 46, 9, 28, 13, 
2015/11/4, 10, 13, 15, 17, 1
2015/11/5, 20, 9, 19, 20, 
2015/11/6, 18, 22, 16, 22, 1
2015/11/7, 48, 16, 25, 14, 1
2015/11/8, 39, 23, 17, 27, 1
2015/11/9, 54, 23, 21, 27, 1
2015/11/10, 57, 30, 17, 27, 1
2015/11/11, 70, 31, 19, 25, 1
2015/11/12, 74, 28, 16, 23, 1
2015/11/13, 72, 27, 20, 22, 
2015/11/14, 66, 21, 20, 17, 1
2015/11/15, 58, 20, 29, 22, 
2015/11/16, 52, 21, 11, 24, 
2015/11/17, 57, 24, 13, 16, 
2015/11/18, 58, 44, 10, 23, 1
2015/11/19, 79, 40, 5, 22, 
2015/11/20, 88, 33, 28, 6, 
2015/11/21, 59, 7, 27, 7, 
2015/11/22, 13, 7, 22, 19, 1
2015/11/23, 11, 21, 19, 24, 
2015/11/24, 52, 9, 27, 9, 
2015/11/25, 13, 20, 30, 9, 
2015/11/26, 36, 10, 21, 9, 
2015/11/27, 22, 10, 21, 9, 
2015/11/28, 18, 15, 19, 17, 
2015/11/29, 47, 11, 17, 28, 1
2015/11/30, 34, 21, 10, 22, 
2015/12/1, 54, 38, 11, 25, 1
2015/12/2, 76, 34, 10, 32, 1
2015/12/3, 77, 35, 9, 27, 2
2015/12/4, 73, 36, 12, 29, 
2015/12/5, 83, 37, 13, 21, 1
2015/12/6, 85, 29, 12, 16, 
2015/12/7, 69, 20, 11, 17, 
2015/12/8, 53, 18, 9, 20, 
2015/12/9, 49, 17, 9, 20, 19
2015/12/10, 43, 16, 11, 18, 1
2015/12/11, 48, 18, 18, 13, 
2015/12/12, 47, 19, 24, 7, 
2015/12/13, 45, 33, 24, 8, 
2015/12/14, 63, 37, 22, 12, 1
2015/12/15, 74, 38, 9, 27, 1
2015/12/16, 84, 52, 14, 19, 1
2015/12/17, 104, 38, 16, 17, 1
2015/12/18, 70, 30, 26, 15, 
2015/12/19, 62, 19, 26, 24, 1
2015/12/20, 35, 20, 5, 23, 
2015/12/21, 57, 7, 11, 11, 1
2015/12/22, 24, 9, 13, 12, 
2015/12/23, 30, 13, 9, 12, 
2015/12/24, 41, 17, 16, 10, 
2015/12/25, 52, 16, 17, 9, 
2015/12/26, 44, 18, 25, 6, 
2015/12/27, 46, 31, 28, 13, 
2015/12/28, 66, 33, 10, 27, 
2015/12/29, 63, 21, 20, 15, 
2015/12/30, 43, , , , 
2016/1/2, 47, 11, 27, 8, 
2016/1/3, 29, 10, 22, 7, 
2015/7/1, 26, 8, 28, 8, 
2015/7/2, 9, 8, 25, 10, 
2015/7/3, 16, 9, 23, 5, 
2015/7/4, 18, 7, 27, 2, 
2015/7/5, 9, 13, 32, 10, 
2015/7/6, 34, 11, 15, 5, 1
2015/7/8, 19, 27, 30, 11, 1
2015/7/9, 55, 20, 28, 7, 
2015/7/10, 40, 8, 24, 4, 
2015/7/11, 13, 12, 29, 3, 
2015/7/12, 35, 17, 29, 7, 
2015/7/13, 44, 20, 29, 10, 
2015/7/14, 54, 21, 23, 8, 
2015/7/15, 57, , 12, 12, 
2015/7/18, 13, 5, 18, 4, 1
2015/7/19, 15, 2, 16, 5, 
2015/7/20, 9, 15, 13, 4, 
2015/7/21, 21, 7, 26, 6, 
2015/7/22, 19, 10, 32, 7, 1
2015/7/23, 18, 9, 24, 6, 
2015/7/24, 32, 12, 34, 4, 
2015/7/25, 23, 10, 26, 2, 1
2015/7/26, 31, 6, 22, 5, 
2015/7/27, 9, 10, 18, 4, 
2015/7/28, 23, 7, 21, 4, 
2015/7/29, 17, 8, 13, 6, 1
2015/7/30, 20, 5, 16, 6, 1
2015/7/31, 10, , , , 
2015/8/4, 40, 8, 29, 7, 
2015/8/5, 24, 7, 26, 7, 1
2015/8/6, 21, 8, 29, 5, 1
2015/8/7, 23, 17, 39, 5, 1
2015/8/8, 43, 23, 61, 10, 1
2015/8/9, 58, 30, 42, 24, 1
2015/8/10, 74, 18, 37, 5, 
2015/8/11, 54, 10, 26, 6, 1
2015/8/12, 25, 9, 24, 5, 2
2015/8/13, 11, 12, 29, 6, 
2015/8/14, 18, 109, , 3, 1
2015/8/15, 6, , , , 
2015/8/17, 16, 13, 26, 5, 
2015/8/18, 32, 15, 27, 10, 
2015/8/19, 43, 24, , 20, 
2015/8/20, 59, , , , 
2015/8/27, 27, 9, 22, 7, 
2015/8/28, 18, 11, 31, 9, 
2015/8/29, 26, 28, 35, 9, 
2015/8/30, 57, 10, 24, 6, 15
2015/8/31, 24, 10, 27, 6, 
2015/9/1, 23, 15, 33, 6, 1
2015/9/2, 33, 14, 31, 6, 
2015/9/3, 21, 14, 31, 6, 
2015/9/4, 27, 13, 34, 7, 1
2015/9/5, 31, 22, 41, 20, 1
2015/9/6, 50, , 47, 16, 
2015/9/7, 56, , 38, 15, 1
2015/9/8, 47, , 29, 14, 1
2015/9/9, 38, , 28, 6, 1
2015/9/10, 23, , 23, 6, 
2015/9/27, 56, 21, 23, 29, 1
2015/9/28, 54, 32, 29, 20, 1
2015/9/29, 67, 26, 32, 22, 
2015/9/30, 54, 21, 37, 17, 
2015/4/1, 52, 16, 31, 19, 
2015/4/2, 49, 18, 41, 14, 
2015/4/3, 54, 21, 33, 17, 1
2015/4/4, 74, 29, 27, 18, 1
2015/4/6, 61, 20, 26, 13, 
2015/4/7, 55, 20, 26, 8, 1
2015/4/8, 51, 8, 26, 10, 
2015/4/9, 27, 10, 30, 10, 
2015/4/10, 34, 10, 35, 8, 
2015/4/11, 38, 10, 33, 5, 
2015/4/12, 36, 24, 34, 13, 
2015/4/13, 62, 40, 35, 12, 
2015/4/14, 80, 21, 26, 18, 
2015/4/15, 56, 19, 35, 16, 
2015/4/16, 54, 15, 31, 13, 
2015/4/17, 36, 12, 33, 8, 1
2015/4/18, 26, 7, 36, 5, 1
2015/4/19, 21, 13, 28, 13, 
2015/4/20, 31, 5, 30, 12, 
2015/4/21, 15, 13, 31, 10, 1
2015/4/22, 38, 10, 30, 13, 3
2015/4/23, 27, 12, 26, 11, 1
2015/4/24, 26, 12, 29, 4, 
2015/4/25, 21, 8, 33, 7, 
2015/4/26, 15, 9, 31, 9, 
2015/4/27, 19, 10, 28, 10, 
2015/4/28, 23, 10, 27, 12, 
2015/4/29, 23, 13, 24, 14, 1
2015/4/30, 39, 9, 24, , 
2015/5/1, 29, 10, 27, , 
2015/5/2, 35, 10, 23, , 
2015/5/3, 21, 13, 29, , 
2015/5/4, 28, 19, 34, 8, 
2015/5/5, 39, 12, 37, 8, 
2015/5/6, 25, 20, 36, 4, 2
2015/5/7, 57, 20, 31, 7, 
2015/5/8, 47, 7, 31, , 
2015/5/9, 19, 10, 35, , 
2015/5/10, 42, 15, 37, 19, 
2015/5/11, 49, 31, 37, 10, 
2015/5/12, 72, 37, 27, 15, 
2015/5/13, 74, 17, 35, 6, 
2015/5/14, 40, 20, 35, 6, 
2015/5/15, 50, 17, 36, 7, 
2015/5/16, 37, 11, 41, 5, 
2015/5/17, 28, 18, 29, 10, 1
2015/5/18, 51, 21, 35, 6, 
2015/5/19, 36, 18, 39, 6, 
2015/5/20, 44, , 28, 7, 
2015/5/25, 46, , 23, 16, 
2015/5/28, 61, 27, 35, 7, 
2015/5/29, 60, , 24, , 
2015/6/3, 27, 19, 32, 14, 
2015/6/4, 49, 17, 29, 10, 
2015/6/5, 46, 18, 42, 10, 1
2015/6/6, 52, , , , 
2015/6/8, 70, 32, 46, 23, 1
2015/6/9, 70, 24, 37, 9, 1
2015/6/10, 60, 20, 37, 9, 
2015/6/11, 43, 12, 36, 11, 
2015/6/12, 27, 13, 33, 5, 
2015/6/13, 22, 10, 32, 7, 
2015/6/14, 19, 8, 37, 9, 
2015/6/15, 20, 17, 37, 9, 
2015/6/16, 42, 15, 42, 13, 
2015/6/17, 42, 20, 49, 14, 
2015/6/18, 46, 22, 52, 18, 
2015/6/19, 55, 19, 63, 13, 
2015/6/20, 59, 32, 37, 8, 
2015/6/21, 67, 21, 34, 7, 
2015/6/22, 52, 11, 28, 6, 
2015/6/23, 19, 9, 27, 6, 1
2015/6/24, 17, 10, 31, 13, 
2015/6/25, 28, 13, 35, 14, 
2015/6/26, 39, 11, 17, 8, 
2015/6/27, 34, 6, 30, 5, 
2015/6/28, 13, 16, 36, 19, 
2015/6/29, 49, 26, 32, 11, 
2015/6/30, 64, 12, 27, 10, 
2015/1/2, 99, 39, 9, 27, 1
2015/1/5, 128, 49, 6, 31, 1
2015/1/6, 68, 28, 11, 42, 1
2015/1/7, 80, 32, 6, 15, 1
2015/1/8, 72, 23, 7, 20, 
2015/1/13, 114, 50, 10, 22, 1
2015/1/15, 34, 13, 25, 11, 
2015/1/16, 25, 12, , , 
2015/1/21, 25, 13, 27, 10, 
2015/1/23, 13, 7, 23, 10, 
2015/1/28, 25, 10, 29, 7, 1
2015/1/29, 9, 3, 21, 12, 
2015/2/2, 27, 10, 55, 21, 1
2015/2/3, 25, 8, 23, 13, 
2015/2/4, 21, 7, 29, 5, 
2015/2/5, 25, 9, 22, 13, 
2015/2/7, 57, 17, 23, 19, 
2015/2/8, 29, 9, 21, 12, 
2015/2/9, 38, 14, 21, 19, 
2015/2/10, 47, 12, 12, 17, 1
2015/2/11, 50, 17, 22, 18, 
2015/2/12, 82, 32, 10, 33, 1
2015/2/13, 87, 35, 22, 23, 
2015/2/14, 38, 15, 27, 11, 
2015/2/15, 43, 17, 29, 7, 
2015/2/16, 22, 7, 29, 10, 1
2015/2/17, 24, 7, 28, 9, 1
2015/2/18, 15, 5, 24, 19, 
2015/2/19, 24, 8, 27, 19, 
2015/2/20, 61, 23, 18, 22, 
2015/2/21, 19, 5, 33, 5, 
2015/2/22, 28, 11, 30, 6, 
2015/2/23, 9, 4, 22, 12, 
2015/2/24, 42, 17, 28, 10, 
2015/2/25, 38, 14, 28, 13, 
2015/2/26, 21, 7, 27, 9, 
2015/2/27, 23, 9, 34, 8, 1
2015/2/28, 37, 13, 23, 9, 
2015/3/1, 27, 10, 29, 10, 
2015/3/2, 20, 8, 18, 20, 1
2015/3/3, 28, 11, 21, 16, 1
2015/3/4, 23, 9, 22, 17, 
2015/3/5, 16, 6, 30, 14, 
2015/3/6, 36, 11, 30, 28, 1
2015/3/7, 57, 18, 32, 13, 
2015/3/8, 68, 26, 40, 12, 1
2015/3/9, 57, 21, 24, 21, 1
2015/3/10, 66, 26, 13, 27, 1
2015/3/11, 59, 26, 21, 20, 1
2015/3/12, 122, 59, 24, 11, 
2015/3/13, 48, 21, 36, 9, 
2015/3/14, 48, 18, 35, 7, 
2015/3/20, 54, 17, 11, 24, 1
2015/3/21, 50, 16, 20, 8, 
2015/3/22, 38, 10, 14, 14, 
2015/3/24, 46, 15, 32, 6, 1
2015/3/25, 39, 15, 34, 5, 
2015/3/26, 39, 13, 24, 9, 1
2015/3/27, 7, 4, 22, 9, 
2015/3/28, 19, 8, 25, 5, 1
2015/3/29, 13, 6, 28, 3, 
2015/3/30, 9, 4, 38, 7, 
2015/3/31, 21, 7, 28, 6, 18
2014/10/1, 44, 20, 35, 16, 
2014/10/2, 55, 23, 32, 17, 1
2014/10/3, 57, 21, 33, 5, 1
2014/10/4, 54, 10, 37, 7, 
2014/10/5, 21, 12, 18, 16, 1
2014/10/6, 33, 18, 16, 10, 
2014/10/7, 27, 13, 16, 7, 1
2014/10/9, 27, 10, 19, 13, 1
2014/10/10, 31, 23, 26, 11, 
2014/10/11, 60, 11, 31, 5, 
2014/10/12, 32, 13, 21, 26, 1
2014/10/13, 40, 15, 23, 18, 1
2014/10/14, 43, 28, 19, 7, 
2014/10/15, 32, 20, 20, 7, 1
2014/10/16, 40, 13, 18, 7, 
2014/10/17, 27, 12, 27, 7, 
2014/10/18, 34, 10, 23, 11, 
2014/10/19, 30, 26, 22, 25, 1
2014/10/20, 56, 44, 21, 31, 
2014/10/21, 74, 48, 13, 35, 1
2014/10/22, 81, 30, 25, 23, 
2014/10/23, 60, 28, 15, 27, 1
2014/10/24, 62, 27, 23, 23, 1
2014/10/25, 58, 31, 31, 20, 1
2014/10/26, 70, 33, 12, 33, 1
2014/10/27, 70, 36, 19, 18, 1
2014/10/28, 76, 27, 20, 22, 1
2014/10/29, 57, 28, 22, 30, 2
2014/10/30, 66, 36, 21, 20, 
2014/10/31, 73, 32, 20, 10, 
2014/11/1, 67, , 4, 37, 1
2014/11/2, 31, , 25, 13, 
2014/11/4, 32, 10, 9, 29, 1
2014/11/5, 39, 18, 21, 18, 1
2014/11/6, 54, , 22, 21, 1
2014/11/10, 56, 5, 22, 25, 1
2014/11/11, 14, 11, 20, 15, 
2014/11/12, 33, 11, 19, 19, 7
2014/11/13, 31, 12, 19, 22, 
2014/11/14, 19, 11, 23, 17, 
2014/11/15, 32, 16, 18, 22, 
2014/11/16, 49, 20, 12, 33, 2
2014/11/17, 59, 24, 17, 15, 
2014/11/18, 78, 8, 14, 16, 
2014/11/22, 62, 13, 29, 10, 
2014/11/23, 35, 40, 13, 14, 
2014/11/24, 67, , , , 
2014/11/28, 30, 7, 28, , 1
2014/11/29, 19, 13, 20, , 
2014/11/30, 36, 17, 30, , 
2014/12/1, 50, 16, 20, 15, 
2014/12/2, 37, 16, , 22, 1
2014/12/4, 16, 13, 14, 32, 1
2014/12/5, 32, 19, 20, 14, 1
2014/12/6, 56, 15, 22, 9, 1
2014/12/7, 49, 10, 23, 10, 
2014/12/8, 20, 10, 24, 14, 1
2014/12/9, 23, 18, 13, 21, 
2014/12/10, 55, 19, 5, 32, 1
2014/12/11, 55, 21, 8, 20, 1
2014/12/12, 61, 8, 23, 19, 
2014/12/13, 19, 5, 23, 8, 1
2014/12/14, 11, 12, 24, 11, 
2014/12/15, 22, 7, 24, 9, 1
2014/12/16, 11, 7, 22, 15, 
2014/12/17, 13, 9, 24, 11, 
2014/12/18, 24, 12, 13, 15, 1
2014/12/19, 55, 15, 7, 16, 1
2014/12/20, 53, 29, 11, 14, 
2014/12/21, 79, 13, 9, 30, 2
2014/12/22, 25, 24, 9, 18, 
2014/12/26, 57, 9, 23, 10, 
2014/7/1, 42, , , , 
2014/7/7, 28, 10, 27, 5, 
2014/7/8, 40, 12, 43, 9, 1
2014/7/9, 35, 18, 44, 10, 
2014/7/10, 42, 18, 48, 10, 
2014/7/11, 35, 14, 32, 5, 
2014/7/12, 46, 17, 26, 3, 
2014/7/13, 59, 10, 29, 7, 
2014/7/14, 34, 14, 32, 8, 1
2014/7/15, 48, 15, 31, 15, 1
2014/7/16, 40, 18, 31, 7, 
2014/7/17, 47, 10, 19, 6, 1
2014/7/18, 32, 13, 26, 5, 
2014/7/19, 27, 14, 25, 3, 1
2014/7/20, 34, 9, 34, 7, 1
2014/7/21, 34, 15, 33, 8, 
2014/7/22, 32, 20, 30, 5, 
2014/7/23, 51, 16, 37, 5, 
2014/7/24, 47, 22, 43, 7, 1
2014/7/25, 56, 24, 54, 7, 1
2014/7/26, 70, 28, 49, 7, 
2014/7/27, 75, 20, 46, 10, 
2014/7/28, 67, 18, 37, 9, 
2014/7/29, 48, 23, 40, 10, 
2014/7/30, 58, 27, 41, 7, 1
2014/7/31, 60, 13, 32, 6, 
2014/8/1, 38, 12, 18, 6, 
2014/8/2, 32, 15, 31, 3, 1
2014/8/3, 27, 12, 30, 5, 
2014/8/4, 21, 10, 26, 5, 1
2014/8/5, 35, 9, 20, 4, 1
2014/8/6, 33, 10, 16, 4, 1
2014/8/7, 40, 9, 15, 5, 
2014/8/8, 28, 14, 25, 4, 
2014/8/9, 22, 10, 27, 4, 
2014/8/10, 23, 8, 31, 5, 1
2014/8/11, 31, 11, 20, 4, 1
2014/8/12, 38, 10, 31, 4, 1
2014/8/13, 24, 16, 32, 5, 1
2014/8/14, 24, 13, 35, 3, 
2014/8/15, 36, 17, 46, 5, 
2014/8/16, 50, 20, 39, 6, 
2014/8/17, 53, 20, 35, 7, 
2014/8/18, 55, 22, 38, 7, 1
2014/8/19, 50, 23, 32, 9, 
2014/8/22, 42, 11, 39, 5, 
2014/8/23, 29, 11, 37, 5, 1
2014/8/24, 157, 6, 28, 8, 
2014/8/25, 27, 14, 13, 4, 1
2014/8/26, 30, 16, 20, 5, 
2014/8/27, 45, 12, 26, 5, 1
2014/8/28, 27, 14, 29, 5, 
2014/8/29, 21, 12, 39, 5, 
2014/8/30, 36, 26, 42, 9, 
2014/8/31, 48, 28, 43, 19, 1
2014/9/1, 52, 21, 31, 13, 1
2014/9/2, 52, 26, 21, 12, 
2014/9/3, 50, 12, 24, 10, 1
2014/9/4, 32, 15, 21, 12, 1
2014/9/5, 38, 27, 23, 6, 1
2014/9/6, 140, 13, 31, 4, 1
2014/9/7, 173, 13, 23, 10, 1
2014/9/9, 51, 21, 19, 13, 2
2014/9/10, 48, 19, 22, 7, 3
2014/9/11, 46, 18, 22, 10, 2
2014/9/12, 43, 18, 28, 7, 3
2014/9/13, 149, 11, 28, 5, 1
2014/9/14, 172, 27, 19, 9, 1
2014/9/16, 116, 10, 25, 8, 
2014/9/17, 29, 14, 29, 8, 
2014/9/18, 35, 13, 31, 11, 
2014/9/19, 35, 15, 30, 7, 
2014/9/20, 49, 20, 28, 8, 
2014/9/21, 50, 19, 16, 22, 
2014/9/22, 44, 19, 30, 13, 1
2014/9/23, 50, 19, 32, 10, 1
2014/9/24, 58, 24, 32, 14, 1
2014/9/25, 57, 19, 32, 16, 
2014/9/26, 60, 20, 32, 8, 
2014/9/27, 55, 12, 34, 8, 1
2014/9/28, 39, 21, 30, 9, 
2014/9/29, 55, 7, 34, 11, 1
2014/9/30, 30, 19, 37, 16, 
2014/4/1, 32, 10, 27, 14, 
2014/4/2, 32, 8, 31, 15, 1
2014/4/3, 36, 18, 31, 9, 1
2014/4/4, 44, 18, 16, 15, 
2014/4/5, 43, 19, 23, 13, 1
2014/4/6, 57, 11, 16, 14, 
2014/4/7, 42, 10, 22, 13, 1
2014/4/8, 37, 17, 21, 19, 1
2014/4/9, 51, 27, 25, 16, 1
2014/4/10, 58, 18, 30, 11, 107
2014/4/11, 56, 30, 29, 12, 
2014/4/12, 65, 21, 21, 10, 
2014/4/13, 64, 23, 15, 22, 
2014/4/14, 56, 30, 32, 11, 
2014/4/15, 75, 40, 27, 16, 1
2014/4/16, 74, 26, 25, 13, 
2014/4/17, 68, 19, 31, 4, 1
2014/4/18, 57, 8, 28, 6, 
2014/4/19, 34, 9, 24, 7, 1
2014/4/20, 29, 10, 26, 9, 1
2014/4/21, 27, 12, 25, 8, 
2014/4/22, 19, 10, 34, 11, 
2014/4/23, 27, 14, 33, 13, 1
2014/4/24, 46, 18, 35, 10, 
2014/4/25, 25, 58, 20, 6, 1
2014/4/26, 36, 13, 33, 4, 
2014/4/27, 22, , 21, 7, 
2014/4/28, 23, 10, 26, 7, 
2014/4/29, 32, 12, 20, 8, 1
2014/4/30, 46, 6, 32, 4, 
2014/5/1, 23, , 38, 13, 
2014/5/2, 37, 73, 39, 7, 
2014/5/3, 32, , 47, 6, 
2014/5/4, 37, 18, 37, 16, 1
2014/5/5, 30, , 28, 9, 
2014/5/6, 50, 15, 29, 7, 
2014/5/7, 34, 18, 30, 7, 1
2014/5/8, 31, 10, 22, 6, 
2014/5/9, 25, , , , 
2014/5/12, 42, 20, 23, 11, 1
2014/5/13, 25, 29, 29, 9, 1
2014/5/14, 58, 37, 33, 9, 
2014/5/15, 57, 25, , 17, 
2014/5/17, 174, 27, , 7, 1
2014/5/20, 26, 9, 34, 11, 
2014/5/21, 30, 13, 37, 9, 
2014/5/22, 18, 12, 45, 10, 
2014/5/23, 25, 17, 48, 6, 1
2014/5/24, 43, 10, 45, 4, 
2014/5/25, 42, 13, 46, 8, 
2014/5/28, 33, 10, 13, 6, 1
2014/5/30, 21, 12, 38, 4, 1
2014/5/31, 49, 8, 35, 4, 
2014/6/1, 25, 15, 35, 8, 1
2014/6/2, 54, 10, 30, 5, 
2014/6/3, 27, 8, 34, 6, 1
2014/6/4, 36, 8, 22, 9, 1
2014/6/5, 30, 9, 23, 9, 
2014/6/6, 30, 12, 33, 3, 
2014/6/7, 35, 17, 30, 3, 
2014/6/8, 37, 12, 27, 9, 
2014/6/9, 53, , , , 
2014/6/11, 40, 16, 52, 12, 
2014/6/12, 34, 21, 50, 11, 1
2014/6/13, 63, 21, 48, 10, 
2014/6/14, 59, 19, 50, 6, 1
2014/6/15, 48, 18, 44, 14, 
2014/6/16, 48, 33, 40, 9, 
2014/6/17, 75, 21, 38, 7, 
2014/6/18, 61, 16, 28, 10, 
2014/6/19, 55, 9, 28, 5, 
2014/6/20, 27, , 33, 3, 
2014/6/22, 42, 10, 25, 14, 
2014/6/23, 36, 13, 43, 7, 
2014/6/24, 51, 25, 34, 7, 
2014/6/25, 49, 12, 31, 5, 
2014/6/26, 40, 11, 28, 6, 
2014/6/27, 38, 12, 27, 5, 
2014/6/28, 33, 11, 29, 3, 
2014/6/29, 27, 10, 26, 5, 
2014/1/31, 22, 16, 28, 10, 3
2014/2/1, 30, 21, 26, 11, 3
2014/2/2, 43, 17, 26, 12, 4
2014/2/3, 44, 18, 30, 8, 3
2014/2/4, 36, 26, 25, 17, 4
2014/2/5, 54, 23, 25, 10, 3
2014/2/6, 45, 24, 27, 10, 2
2014/2/7, 44, 21, 28, 14, 3
2014/2/8, 39, 34, 30, 3, 1
2014/2/9, 54, 27, 27, 20, 3
2014/2/10, 38, 15, 25, 20, 3
2014/2/11, 33, 28, 11, 18, 2
2014/2/12, 64, 12, 16, 11, 
2014/2/13, 34, 15, 16, 5, 
2014/2/14, 21, 13, 25, 11, 2
2014/2/15, 32, 10, 29, 15, 3
2014/2/16, 36, 26, 22, 19, 4
2014/2/17, 63, 20, 26, 12, 3
2014/2/18, 43, 22, 21, 17, 3
2014/2/19, 34, 10, 17, 17, 1
2014/2/20, 31, 19, 26, 23, 3
2014/2/21, 35, 26, 25, 21, 3
2014/2/22, 50, 22, 35, 4, 1
2014/2/23, 60, 14, 26, 18, 2
2014/2/24, 36, 20, 25, 20, 3
2014/2/25, 44, 29, 25, 21, 1
2014/2/26, 60, 24, 19, 17, 
2014/2/27, 51, 8, 26, 11, 1
2014/2/28, 25, 9, 23, 5, 
2014/3/1, 30, 7, 23, 4, 
2014/3/2, 38, 18, 29, 8, 
2014/3/3, 56, 22, 26, 8, 1
2014/3/4, 46, 10, 27, 8, 
2014/3/5, 27, 19, 20, 16, 
2014/3/6, 50, 25, 25, 22, 
2014/3/7, 62, 20, 30, 12, 
2014/3/8, 56, 15, 27, 7, 1
2014/3/9, 53, 19, 25, 22, 
2014/3/10, 31, , 9, 29, 
2014/3/12, 63, 30, 31, 18, 
2014/3/13, 71, 25, 27, 14, 
2014/3/14, 65, 27, 33, 14, 
2014/3/15, 70, 37, 36, 13, 
2014/3/16, 81, 32, 29, 19, 
2014/3/17, 76, 23, 33, 11, 
2014/3/18, 55, 24, 20, 20, 1
2014/3/19, 51, 37, 28, 14, 
2014/3/20, 76, 21, 22, 16, 1
2014/3/21, 48, 10, 30, 6, 
2014/3/22, 30, 11, 32, 8, 
2014/3/23, 33, 20, 29, 12, 1
2014/3/24, 55, 27, 30, 9, 
2014/3/25, 50, 19, 31, 9, 
2014/3/26, 43, 15, 26, 16, 
2014/3/27, 37, 5, 28, 19, 
2014/3/28, 31, 14, 31, 12, 
2014/3/29, 44, 16, 32, 6, 
2014/3/30, 41, 20, 27, 10, 
2014/3/31, 35, 11, 29, 11, 1
2025/12/31, , 24, 24, 3, 2
2025/12/1, , 14, 30, 13, 1
2025/8/25, , 15, 26, 3, 
2025/4/1, , 11, 36, 4, 
2025/5/16, , 15, 37, 7, 
2025/1/21, , 22, 32, 5, 1
2025/1/23, , 14, 28, 7, 1
2025/1/28, , 18, 33, 13, 
2025/2/11, , 15, 31, 6, 1
2025/3/28, , 15, 35, 9, 
2025/3/30, , 10, 17, 18, 
2024/10/2, , 9, 19, 8, 1
2024/10/16, , 7, 27, 14, 1
2024/7/4, , 16, 35, 9, 4
2024/7/10, , 4, 17, 3, 2
2024/7/12, , 9, 38, 3, 3
2024/7/14, , 9, 30, 3, 3
2024/7/17, , 12, 39, 8, 2
2024/7/22, , 17, 62, 16, 
2024/7/29, , 22, 42, 9, 
2024/8/5, , 9, 17, 2, 
2024/8/18, , 5, 22, 2, 
2024/8/23, , 8, 34, 2, 
2024/9/21, , 33, 37, 5, 
2024/9/26, , 15, 30, 6, 1
2024/9/29, , 15, 17, 12, 1
2024/10/1, , 9, 15, 9, 
2024/6/3, , 18, 43, 12, 2
2024/6/6, , 19, 31, 10, 2
2024/6/28, , 13, 28, 3, 2
2024/2/28, , 12, 34, 7, 2
2024/3/18, , 16, 29, 8, 
2023/10/31, , 10, 27, 4, 
2023/4/4, , 13, 38, 7, 1
2023/4/10, , 6, , , 
2023/4/15, , 13, , , 
2023/5/1, , 23, , , 
2023/6/8, , 12, , , 
2023/1/11, , 18, 19, 16, 
2023/2/5, , 13, 7, 22, 1
2023/2/8, , 8, 27, 4, 1
2023/2/14, , 15, 15, 24, 2
2023/2/21, , 27, 29, 13, 2
2023/2/27, , 13, 36, 6, 2
2023/3/14, , 15, 22, 9, 
2023/3/18, , 7, 33, 5, 
2023/3/25, , 14, 37, 5, 1
2023/3/28, , 22, 44, 15, 1
2022/10/1, , 14, 39, 18, 
2022/11/13, , 8, 25, 11, 
2022/11/19, , 12, 29, 14, 
2022/11/28, , 17, , , 
2022/8/21, , 10, 14, 3, 
2022/9/17, , 13, 38, 10, 
2022/9/19, , 30, 41, 17, 
2022/9/24, , 9, 32, 2, 
2022/1/15, , 30, 18, 14, 
2022/1/29, , 12, 23, 17, 
2022/2/5, , 12, 18, 13, 
2021/10/6, , 19, 14, 15, 
2021/10/9, , 18, 28, 5, 4
2021/10/31, , 6, 14, 3, 
2021/11/22, , 11, 26, 11, 
2021/12/25, , 10, 29, 5, 
2021/4/9, , 13, 30, 5, 
2021/4/13, , 15, 22, 9, 
2021/4/27, , 11, 41, 7, 
2021/5/1, , 7, 39, 5, 
2021/5/4, , 10, 30, 3, 
2021/5/8, , 5, 35, 2, 
2021/5/22, , 9, 36, 2, 
2021/6/2, , 8, 32, 2, 
2021/6/6, , 18, 34, 4, 
2021/6/8, , 14, 32, 5, 2
2021/6/12, , 18, 39, 6, 1
2021/6/16, , 15, 26, 7, 
2021/6/19, , 11, 30, 2, 1
2021/6/22, , 18, 36, 4, 
2021/1/23, , 20, 8, 11, 
2021/1/31, , 14, , 8, 
2021/2/14, , 21, 33, 18, 
2021/2/21, , 16, 33, 8, 
2021/3/20, , 11, 36, 5, 
2020/10/11, , 11, 30, 8, 
2020/10/18, , 22, 28, 9, 
2020/11/8, , 16, 8, 25, 
2020/11/12, , 22, 7, 15, 
2020/11/14, , 15, 19, 8, 
2020/11/22, , 29, 13, 27, 
2020/11/28, , 8, 21, 8, 
2020/12/8, , 21, 14, 23, 
2020/12/20, , 28, 7, 20, 
2020/12/30, , 37, , 28, 
2020/7/9, , 19, 29, 5, 
2020/7/28, , 16, , 7, 
2020/8/1, , 17, 26, 1, 
2020/8/22, , 10, 30, 2, 
2020/9/8, , 29, 41, 16, 
2020/9/14, , 13, 23, 5, 
2020/9/19, , 13, , 7, 
2020/9/23, , 11, 28, 9, 
2020/5/20, , 16, 33, 7, 
2020/6/29, , 14, 21, 4, 
2020/1/31, , 16, 25, 8, 
2020/2/2, , 14, 16, 14, 1
2019/10/20, , 11, 23, 20, 1
2019/10/30, , 17, 9, 13, 
2019/11/3, , 8, 42, 11, 
2019/11/21, , 8, 28, 8, 1
2019/12/8, , 16, 18, 21, 
2019/7/14, , 17, 31, 5, 
2019/9/16, , 23, 34, 18, 
2018/12/31, , 18, 13, 22, 1
2018/1/18, , 10, 27, 4, 2
2018/3/25, , 8, 35, 8, 
2017/10/7, , 37, 30, 30, 1
2017/7/26, , 13, 23, 6, 
2017/9/9, , 11, 22, 4, 1
2017/5/20, , 30, 34, 5, 1
2017/3/5, , 16, 25, 12, 
2017/3/6, , 9, 28, 12, 
2017/3/7, , 13, 21, 24, 1
2017/3/8, , 17, 22, 27, 1
2017/3/15, , 18, 31, 12, 1
2017/3/16, , 18, 30, 18, 
2017/3/17, , 21, 40, 18, 1
2017/3/18, , 27, 30, 18, 
2017/3/19, , 11, 32, 5, 
2017/3/20, , 8, 34, 10, 
2017/3/21, , 10, 32, 9, 1
2017/3/22, , 4, 34, 11, 
2017/3/23, , 5, 30, 13, 1
2017/3/24, , 5, 36, 8, 
2017/3/25, , 6, 35, 10, 1
2017/3/26, , 14, 33, 9, 1
2017/3/27, , 17, 30, 17, 
2017/3/28, , 21, 28, 25, 
2017/3/29, , 33, 35, 20, 
2016/9/17, , 10, 36, 8, 1
2016/4/16, , 8, 36, 9, 
2016/6/18, , 9, 35, 4, 
2016/6/24, , 14, 28, 4, 
2016/6/25, , 18, 33, 4, 
2016/6/26, , 18, 42, 11, 1
2016/6/27, , 18, 46, 9, 1
2015/10/17, , 13, 27, 10, 1
2016/1/1, , 25, 20, 21, 
2015/7/7, , 12, 28, 7, 
2015/7/17, , 5, 25, 4, 
2015/8/16, , 6, 21, 4, 
2015/8/26, , 11, 10, 9, 
2015/9/19, , 12, 25, 15, 2
2015/9/20, , 21, , 26, 1
2015/9/21, , 11, 30, , 
2015/9/22, , 15, 28, , 1
2015/9/23, , 15, 26, , 1
2015/9/26, , 23, 36, 9, 
2015/4/5, , 23, 22, 17, 1
2015/5/22, , 17, , , 
2015/5/23, , 18, , 5, 
2015/5/24, , 19, 45, 9, 1
2015/5/27, , 25, 50, 18, 1
2015/6/2, , 10, 29, 10, 
2015/6/7, , 35, 49, 12, 
2015/1/1, , 47, 15, 26, 
2015/1/3, , 32, 13, 27, 
2015/1/4, , 42, 12, 27, 1
2015/1/9, , 28, 11, 29, 
2015/1/10, , 20, 9, 18, 1
2015/1/11, , 25, 10, , 
2015/1/14, , 13, , 47, 2
2015/1/24, , 8, 3, 35, 
2015/1/25, , 24, 18, 16, 1
2015/1/26, , 15, 24, 16, 
2015/1/27, , 21, 24, 15, 
2015/1/31, , 5, 30, 8, 
2015/2/1, , 10, 30, 13, 
2015/3/15, , 14, 35, 7, 
2015/3/16, , 18, 29, 16, 1
2015/3/17, , 14, 27, 17, 
2015/3/23, , 12, 28, 6, 1
2014/10/8, , 7, 15, 19, 1
2014/11/3, , 6, 23, 15, 
2014/11/9, , 18, 17, 17, 
2014/11/19, , 10, 19, 13, 
2014/11/20, , 11, 2, 19, 1
2014/11/21, , 33, 10, 12, 
2014/11/27, , 10, 17, , 
2014/12/3, , 9, 18, 15, 
2014/12/23, , 20, 12, 20, 1
2014/12/24, , 32, 17, 16, 
2014/12/25, , 20, 13, 21, 1
2014/12/27, , 20, 24, 8, 
2014/6/30, , 7, 21, 5, 
2014/7/2, , 20, 39, 4, 1
2014/7/6, , 15, 29, 5, 1
2014/8/20, , 12, 31, 7, 1
2014/8/21, , 15, 33, 6, 1
2014/9/8, , 17, 24, 10, 5
2014/5/11, , 19, 33, 7, 
2014/5/16, , 28, , 18, 1
2014/5/19, , 11, 45, 7, 
2014/5/26, , 5, 27, 10, 6
2014/5/29, , 7, 30, 6, 1
2014/6/10, , 13, 37, 10, 1
2014/6/21, , 17, 32, 5, 
2014/1/30, , 12, 13, 20, 3
2014/3/11, , 29, 34, 16, 
2025/4/3, , , 33, 6, 
2025/4/4, , , 38, 4, 
2025/4/5, , , 39, 6, 
2025/4/6, , , 34, 4, 
2025/4/7, , , 34, 11, 
2025/4/8, , , 30, 13, 
2025/4/9, , , 32, 15, 
2025/4/10, , , 33, 15, 
2025/4/11, , , 26, 9, 
2025/4/12, , , 27, 7, 
2025/4/13, , , 38, 6, 
2025/4/14, , , 34, 8, 
2025/4/15, , , 35, 7, 
2025/4/16, , , 32, 11, 
2025/4/17, , , 29, 6, 
2025/4/18, , , 32, 3, 
2025/4/19, , , 38, 3, 
2025/4/21, , , 30, 12, 
2025/4/23, , , 37, 6, 
2025/4/24, , , 33, 7, 
2025/4/25, , , 31, 2, 
2025/4/26, , , 35, 2, 
2025/4/27, , , 33, 4, 
2025/4/28, , , 25, 5, 
2025/4/30, , , 40, 5, 
2025/5/1, , , 38, 5, 
2025/5/2, , , 30, 4, 
2025/5/7, , , 42, 14, 
2025/5/8, , , 36, 12, 
2025/5/9, , , 38, 10, 
2025/5/10, , , 40, 8, 
2025/5/11, , , 40, 8, 
2025/5/12, , , 33, 9, 
2025/5/13, , , 33, 7, 
2025/5/14, , , 37, 7, 
2025/5/15, , , 36, 5, 
2025/1/1, , , 22, 13, 3
2025/1/2, , , 14, 20, 2
2025/1/3, , , 12, 20, 1
2025/1/4, , , 32, 9, 1
2025/1/5, , , 35, 3, 
2025/1/6, , , 29, 19, 1
2025/1/7, , , 29, 16, 1
2025/1/8, , , 33, 12, 1
2025/1/9, , , 18, 20, 1
2025/1/10, , , 17, 16, 1
2025/1/11, , , 21, 12, 1
2025/1/12, , , 23, 7, 1
2025/1/13, , , 19, 18, 1
2025/1/14, , , 22, 13, 1
2025/1/15, , , 22, 19, 1
2025/1/17, , , 28, 9, 1
2025/1/18, , , 23, 15, 1
2025/1/19, , , 23, 11, 1
2025/1/25, , , 32, 12, 1
2025/1/26, , , 34, 2, 1
2025/1/27, , , 32, 5, 
2025/1/30, , , 35, 4, 1
2025/1/31, , , 29, 11, 1
2025/2/1, , , 22, 9, 1
2025/2/2, , , 36, 3, 1
2025/2/3, , , 30, 13, 1
2025/2/4, , , 22, 20, 1
2025/2/5, , , 23, 20, 1
2025/2/6, , , 15, 25, 1
2025/2/7, , , 23, 17, 1
2025/2/8, , , 22, 20, 1
2025/2/9, , , 22, 12, 1
2025/2/10, , , 26, 10, 1
2025/2/13, , , 23, 17, 1
2025/2/14, , , 26, 13, 1
2025/2/15, , , 28, 8, 1
2025/2/16, , , 33, 9, 1
2025/2/17, , , 15, 19, 1
2025/2/18, , , 27, 7, 1
2025/2/19, , , 28, 11, 1
2025/2/20, , , 27, 14, 1
2025/2/21, , , 30, 14, 1
2025/2/22, , , 30, 16, 1
2025/2/23, , , 28, 18, 1
2025/2/24, , , 28, 15, 1
2025/2/26, , , 23, 12, 1
2025/2/28, , , 25, 9, 1
2025/3/1, , , 5, 25, 1
2025/3/4, , , 20, 11, 1
2025/3/5, , , 19, 10, 1
2025/3/6, , , 31, 8, 1
2025/3/7, , , 35, 8, 1
2025/3/8, , , 38, 5, 1
2025/3/9, , , 35, 4, 2
2025/3/10, , , 36, 4, 2
2025/3/11, , , 34, 8, 2
2025/3/12, , , 28, 13, 2
2025/3/13, , , 28, 11, 
2025/3/14, , , 32, 9, 
2025/3/15, , , 36, 10, 
2025/3/16, , , 33, 9, 
2025/3/17, , , 30, 7, 
2025/3/18, , , 36, 8, 
2025/3/19, , , 37, 3, 
2025/3/20, , , 40, 7, 
2025/3/21, , , 37, 6, 
2025/3/22, , , 34, 5, 
2025/3/23, , , 36, 5, 
2025/3/24, , , 35, 7, 
2025/3/27, , , 37, 12, 
2024/10/3, , , 14, 9, 1
2024/10/4, , , 15, 4, 1
2024/10/5, , , 15, 4, 1
2024/10/6, , , 15, 3, 1
2024/10/7, , , 26, 10, 1
2024/10/8, , , 31, 6, 1
2024/10/9, , , 28, 6, 1
2024/10/10, , , 27, 9, 1
2024/10/12, , , 31, 7, 1
2024/10/13, , , 27, 7, 1
2024/10/14, , , 25, 15, 1
2024/10/15, , , 24, 9, 1
2024/10/29, , , 29, 11, 1
2024/10/30, , , 30, 8, 1
2024/10/31, , , 29, 12, 1
2024/11/1, , , 25, 9, 1
2024/11/2, , , 25, 14, 1
2024/11/3, , , 23, 11, 1
2024/11/4, , , 23, 12, 1
2024/11/5, , , 27, 18, 1
2024/11/6, , , 20, 20, 1
2024/11/7, , , 21, 17, 1
2024/11/8, , , 12, 20, 1
2024/11/9, , , 30, 16, 1
2024/11/10, , , 28, 11, 1
2024/11/11, , , 23, 14, 1
2024/11/12, , , 25, 15, 1
2024/11/13, , , 25, 9, 1
2024/11/14, , , 16, 9, 1
2024/11/15, , , 26, 8, 1
2024/11/16, , , 22, 10, 1
2024/11/17, , , 18, 11, 1
2024/11/18, , , 16, 23, 1
2024/11/19, , , 18, 19, 2
2024/11/20, , , 22, 25, 2
2024/11/21, , , 22, 20, 1
2024/11/22, , , 26, 19, 1
2024/11/23, , , 26, 10, 1
2024/11/24, , , 34, 6, 1
2024/11/25, , , 26, 25, 1
2024/11/26, , , 13, 23, 1
2024/11/28, , , 16, 12, 1
2024/11/29, , , 8, 19, 1
2024/11/30, , , 6, 17, 2
2024/12/1, , , 6, 10, 1
2024/12/2, , , 24, 10, 1
2024/12/3, , , 28, 26, 2
2024/12/5, , , 24, 18, 2
2024/12/6, , , 22, 14, 2
2024/12/7, , , 32, 5, 2
2024/12/8, , , 34, 3, 2
2024/12/9, , , 29, 4, 2
2024/12/10, , , 17, 19, 2
2024/12/12, , , 17, 15, 2
2024/12/13, , , 10, 15, 2
2024/12/14, , , 18, 13, 2
2024/12/15, , , 19, 7, 2
2024/12/16, , , 20, 7, 2
2024/12/17, , , 17, 12, 2
2024/12/18, , , 31, 10, 2
2024/12/19, , , 28, 11, 2
2024/12/20, , , 20, 14, 2
2024/12/21, , , 22, 15, 3
2024/12/22, , , 33, 10, 3
2024/12/23, , , 28, 11, 3
2024/12/24, , , 25, 11, 3
2024/12/25, , , 19, 12, 3
2024/12/27, , , 16, 15, 3
2024/12/28, , , 18, 13, 3
2024/12/29, , , 20, 14, 3
2024/7/21, , , 53, 9, 
2024/8/1, , , 34, 2, 
2024/8/2, , , 33, 2, 
2024/8/3, , , 36, 3, 
2024/8/4, , , 27, 3, 
2024/8/10, , , 38, 4, 
2024/8/11, , , 27, 2, 
2024/8/12, , , 33, 2, 
2024/8/13, , , 29, 3, 
2024/8/25, , , 35, 1, 
2024/8/29, , , 37, 4, 
2024/8/30, , , 36, 3, 
2024/8/31, , , 35, 1, 
2024/9/1, , , 39, 3, 
2024/9/2, , , 37, 3, 
2024/9/3, , , 36, 6, 
2024/9/4, , , 37, 3, 
2024/9/5, , , 36, 5, 
2024/9/6, , , 34, 12, 
2024/9/7, , , 40, 2, 
2024/9/8, , , 39, 4, 
2024/9/9, , , 39, 3, 
2024/9/10, , , 32, 3, 
2024/9/11, , , 28, 3, 
2024/9/12, , , 34, 5, 
2024/9/13, , , 37, 5, 
2024/9/14, , , 44, 10, 
2024/9/15, , , 46, 17, 2
2024/9/16, , , 40, 11, 1
2024/9/17, , , 36, 6, 
2024/9/18, , , 37, 9, 
2024/9/19, , , 30, 5, 
2024/9/20, , , 40, 5, 
2024/9/23, , , 29, 10, 
2024/9/24, , , 11, 6, 
2024/9/25, , , 25, 6, 
2024/9/28, , , 36, 9, 1
2024/9/30, , , 18, 6, 1
2024/6/26, , , 33, 11, 2
2024/6/27, , , 22, 10, 2
2023/4/3, , , 5, 30, 1
2023/4/9, , , 28, 25, 2
2023/1/10, , , 19, 13, 
2022/11/12, , , 22, 15, 
2021/10/30, , , 16, 5, 
2021/4/8, , , 39, 4, 
2021/5/7, , , 22, 4, 
2021/6/1, , , 27, 25, 1
2021/6/5, , , 31, 3, 
2021/6/11, , , 33, 8, 
2021/6/15, , , 39, 4, 2
2021/6/21, , , 33, 4, 
2020/10/17, , , 34, 10, 
2020/12/24, , , 20, 6, 
2020/12/25, , , 22, 10, 
2020/12/26, , , , 21, 
2020/9/7, , , 27, 23, 
2020/9/13, , , 21, 6, 
2020/1/30, , , 18, 14, 
2020/2/1, , , 23, 9, 
2018/3/24, , , 38, 3, 
2017/7/25, , , 26, 5, 
2015/8/3, , , 22, 7, 
2015/9/17, , , 33, 8, 2
2015/9/25, , , 35, 8, 1
2015/5/21, , , 34, 7, 1
2015/5/26, , , 45, , 
2015/1/12, , , 11, , 
2015/1/30, , , 20, 10, 1
2015/3/18, , , 15, 16, 1
2014/11/7, , , 23, 14, 
2014/11/8, , , 24, 19, 1
2014/9/15, , , 28, 5, 1
2014/5/18, , , 43, 9, 
2014/5/27, , , 27, 8, 
2015/8/24, , , , 7, 
2015/8/25, , , , 8, 
2015/9/13, , , , 12, 
2015/9/14, , , , 7, 
2015/9/15, , , , 8, 
2015/9/16, , , , 14, 1
2015/9/18, , , , 11, 
2015/5/31, , , , 4, 
2015/1/20, , , , 8, 
2015/2/6, , , , 27, 
2015/3/19, , , , 11, 1
2018/3/23, , , , , 1